scan_date,代碼,股票名稱,entry_price,訊號類型,訊號分數,追蹤等級,RS加權報酬%,MA位置,MA排列,K值,D值,週K值,週D值,MACD柱,趨勢突破,量能倍數,status,source_file,days_tracked,return_3d%,return_5d%,return_10d%,max_gain_5d%,max_drawdown_5d%,max_gain_10d%,max_drawdown_10d%,is_success_5d,return_1d%,return_20d%,max_gain_20d%,max_drawdown_20d%,訊號方向,成交量(張),is_profitable_5d,is_clean_win_5d
2026-07-28,1476.TW,儒鴻,339.0,週黃金交叉,76.0,A強勢追蹤,1.44,>MA5,多頭,55.1,52.9,45.8,43.6,0.6822,-,-,done,signal_tracking_20260806.csv,14.0,2.06,4.57,-2.06,5.46,-3.24,8.55,-3.24,1.0,-0.15,,8.55,-6.93,,,1.0,1.0
2026-07-28,1519.TW,華城,727.0,週即將黃金交叉,64.0,C觀察,0.46,>MA5,糾結,69.8,50.9,15.6,18.1,4.2467,-,-,done,signal_tracking_20260806.csv,14.0,-11.84,-10.84,-3.3,-9.34,-20.47,-2.34,-20.47,0.0,-16.47,,1.24,-20.47,,,0.0,0.0
2026-07-28,2002.TW,中鋼,19.0,週黃金交叉,75.0,A強勢追蹤,0.43,MA5~10,多頭,66.0,64.6,33.2,30.5,0.0636,-,-,done,signal_tracking_20260806.csv,14.0,-0.26,-0.79,3.95,1.32,-1.84,4.74,-1.84,0.0,-0.26,,4.74,-1.84,,,0.0,0.0
2026-07-28,2023.TW,燁輝,13.85,黃金交叉,66.0,B可追蹤,0.68,MA5~10,多頭,37.4,34.7,42.3,39.7,0.0022,-,-,done,signal_tracking_20260806.csv,14.0,-1.44,-1.44,0.0,0.72,-2.89,1.08,-2.89,0.0,-1.44,,1.08,-2.89,,,0.0,0.0
2026-07-28,2072.TW,世紀風電,152.5,跳空、週即將黃金交叉,61.0,C觀察,1.7,>MA5,糾結,57.1,41.3,13.0,14.7,1.5146,-,-,done,signal_tracking_20260806.csv,14.0,0.98,7.21,0.0,7.21,-3.61,9.51,-3.61,1.0,-1.97,,9.51,-3.61,,,1.0,1.0
2026-07-28,2106.TW,建大,18.4,黃金交叉,73.0,B可追蹤,2.31,>MA5,糾結,54.7,49.6,64.6,53.9,0.0445,-,-,done,signal_tracking_20260806.csv,14.0,-1.36,-0.82,2.72,3.8,-3.26,3.8,-3.26,0.0,-0.82,,3.8,-6.25,,,0.0,0.0
2026-07-28,2332.TW,友訊,23.6,週即將黃金交叉,73.0,B可追蹤,6.79,>MA5,多頭,60.0,53.2,72.1,74.4,-0.0771,-,-,done,signal_tracking_20260806.csv,14.0,-9.96,1.06,-4.24,3.39,-12.5,5.72,-12.5,0.0,1.69,,5.72,-12.5,,,1.0,0.0
2026-07-28,2388.TW,威盛,73.9,週即將黃金交叉,69.0,B可追蹤,1.32,>MA5,多頭,72.1,65.3,37.8,39.0,0.3094,-,-,done,signal_tracking_20260806.csv,14.0,-4.6,8.66,7.17,9.2,-12.45,14.61,-12.45,0.0,-8.8,,14.61,-12.45,,,1.0,0.0
2026-07-28,2412.TW,中華電,141.0,週黃金交叉,60.0,C觀察,0.27,>MA5,多頭,89.0,75.5,48.8,48.0,0.5658,-,-,done,signal_tracking_20260806.csv,14.0,-1.06,-3.19,-3.55,1.06,-3.55,1.06,-3.55,0.0,-0.35,,1.06,-4.26,,,0.0,0.0
2026-07-28,2610.TW,華航,21.75,跳空、趨勢突破,80.0,A強勢追蹤,-1.3,>MA5,糾結,52.4,43.0,50.1,60.5,-0.0675,趨勢突破,3.12,done,signal_tracking_20260806.csv,14.0,2.99,3.22,-6.9,4.14,-2.3,5.06,-8.05,0.0,-0.23,,5.06,-8.74,,,1.0,0.0
2026-07-28,2646.TW,星宇航空,21.8,黃金交叉、MACD翻正,77.0,A強勢追蹤,0.49,>MA5,糾結,51.9,48.2,61.5,56.0,0.0123,-,-,done,signal_tracking_20260806.csv,14.0,-0.69,-2.98,-4.82,0.92,-3.9,0.92,-5.73,0.0,-1.38,,0.92,-7.34,,,0.0,0.0
2026-07-28,3022.TW,威強電,89.2,週即將黃金交叉,57.0,C觀察,2.0,MA5~10,糾結,71.3,63.7,74.5,77.4,0.2306,-,-,done,signal_tracking_20260806.csv,14.0,-4.71,1.91,21.08,3.7,-8.07,30.61,-8.07,0.0,-1.35,,30.61,-8.07,,,1.0,0.0
2026-07-28,3231.TW,緯創,170.0,週黃金交叉,66.0,B可追蹤,4.42,MA5~10,多頭,75.8,69.0,43.5,43.5,3.4463,-,-,done,signal_tracking_20260806.csv,14.0,3.53,14.71,12.35,16.47,-7.35,19.12,-7.35,0.0,-0.29,,21.18,-7.35,,,1.0,0.0
2026-07-28,3363.TWO,上詮,598.0,週黃金交叉,86.0,A強勢追蹤,5.48,>MA5,糾結,65.5,54.8,22.0,21.0,10.3492,-,-,done,signal_tracking_20260806.csv,14.0,-19.65,-5.85,1.34,-5.35,-26.92,8.36,-26.92,0.0,-18.81,,9.7,-26.92,,,0.0,0.0
2026-07-28,3441.TWO,聯一光,77.2,漲幅達標、MACD翻正,62.0,C觀察,4.11,>MA5,糾結,63.1,39.7,55.4,63.9,0.0032,-,-,done,signal_tracking_20260806.csv,14.0,8.81,16.06,2.72,24.09,-2.85,24.09,-2.85,1.0,9.84,,24.09,-2.85,,,1.0,1.0
2026-07-28,4904.TW,遠傳,106.0,週黃金交叉,68.0,B可追蹤,1.1,>MA5,多頭,83.7,75.2,58.0,56.4,0.8479,-,-,done,signal_tracking_20260806.csv,14.0,-0.94,-4.72,-4.72,2.36,-5.75,2.36,-5.75,0.0,0.47,,2.36,-7.45,,,0.0,0.0
2026-07-28,4979.TWO,華星光,427.0,週即將黃金交叉,58.0,C觀察,2.45,>MA5,糾結,67.6,52.7,20.7,21.7,9.7167,-,-,done,signal_tracking_20260806.csv,14.0,-13.35,4.8,19.44,4.8,-18.85,30.68,-18.85,0.0,-9.95,,44.03,-18.85,,,1.0,0.0
2026-07-28,5521.TW,工信,10.3,MACD翻正、趨勢突破,96.0,A強勢追蹤,0.74,>MA5,糾結,49.2,38.6,28.9,25.8,0.0026,趨勢突破,0.72,done,signal_tracking_20260806.csv,14.0,-6.41,-0.49,0.49,0.97,-7.77,0.97,-7.77,0.0,-5.05,,7.28,-7.77,,,0.0,0.0
2026-07-28,5876.TW,上海商銀,46.53,跳空、黃金交叉,81.0,A強勢追蹤,2.57,>MA5,多頭,81.7,78.2,91.3,84.1,0.1955,-,-,done,signal_tracking_20260806.csv,14.0,-2.32,-5.11,-7.37,-1.78,-6.3,-1.78,-8.23,0.0,-4.69,,-1.78,-10.49,,,0.0,0.0
2026-07-28,8050.TWO,廣積,61.3,週黃金交叉,96.0,A強勢追蹤,5.86,>MA5,多頭,61.6,56.0,62.7,60.9,0.1328,-,-,done,signal_tracking_20260806.csv,14.0,-10.93,-3.75,0.49,3.59,-14.36,13.21,-14.36,0.0,-0.82,,13.21,-14.36,,,0.0,0.0
2026-07-28,8271.TW,宇瞻,205.0,週黃金交叉,78.0,A強勢追蹤,2.68,MA5~10,多頭,74.6,71.6,34.3,34.0,4.3379,-,-,done,signal_tracking_20260806.csv,14.0,8.78,9.27,14.39,11.71,-2.2,21.71,-2.2,1.0,8.54,,21.71,-2.2,,,1.0,1.0
2026-07-28,9907.TW,統一實,15.2,黃金交叉、週即將黃金交叉、趨勢突破,83.0,A強勢追蹤,-0.12,>MA5,空頭,51.4,48.9,14.3,15.2,0.0413,趨勢突破,1.11,done,signal_tracking_20260806.csv,14.0,-1.32,-2.96,-2.63,1.97,-3.29,1.97,-5.59,0.0,0.33,,1.97,-5.59,,,0.0,0.0
2026-07-29,1104.TW,環泥,26.85,趨勢突破,86.0,A強勢追蹤,0.34,>MA5,糾結,44.1,34.3,17.6,24.4,0.044,趨勢突破,2.02,done,signal_tracking_20260806.csv,13.0,0.19,-1.68,-0.74,2.61,-1.86,2.61,-1.86,0.0,1.3,,2.61,-1.86,,,0.0,0.0
2026-07-29,1218.TW,泰山,16.0,跳空、黃金交叉、MACD翻正、趨勢突破,66.0,B可追蹤,-2.15,>MA5,空頭,23.0,21.8,9.5,12.8,0.007,趨勢突破,1.51,done,signal_tracking_20260806.csv,13.0,-1.88,-3.12,-2.81,1.87,-5.0,1.87,-5.0,0.0,1.56,,1.87,-11.56,,,0.0,0.0
2026-07-29,1476.TW,儒鴻,338.5,週黃金交叉,66.0,B可追蹤,1.79,>MA5,糾結,54.7,53.5,45.5,43.5,0.5498,-,-,done,signal_tracking_20260806.csv,13.0,2.36,4.87,-4.14,5.91,-1.18,8.71,-4.28,1.0,3.99,,8.71,-6.79,,,1.0,1.0
2026-07-29,1526.TW,日馳,18.9,漲幅達標、黃金交叉,84.0,A強勢追蹤,9.32,>MA5,多頭,71.8,66.7,63.3,44.6,0.3042,-,-,done,signal_tracking_20260806.csv,13.0,-3.17,-7.67,-1.85,9.52,-8.73,9.52,-8.73,0.0,-1.85,,9.52,-10.05,,,0.0,0.0
2026-07-29,1598.TW,岱宇,20.75,跳空、即將黃金交叉、週黃金交叉、趨勢突破,100.0,A強勢追蹤,2.82,>MA5,糾結,57.8,58.3,40.9,33.4,0.1127,趨勢突破,25.58,done,signal_tracking_20260806.csv,13.0,-2.89,-2.89,-0.72,1.69,-5.3,1.69,-5.3,0.0,-4.58,,1.69,-5.3,,,0.0,0.0
2026-07-29,1907.TW,永豐餘,28.45,黃金交叉,69.0,B可追蹤,1.27,>MA5,多頭,43.1,39.7,74.9,70.5,-0.0625,-,-,done,signal_tracking_20260806.csv,13.0,2.46,4.57,5.98,4.92,-0.53,10.02,-0.53,0.0,1.93,,10.02,-0.7,,,1.0,0.0
2026-07-29,2002.TW,中鋼,18.95,週黃金交叉,63.0,C觀察,0.43,MA5~10,多頭,59.8,63.0,32.2,30.1,0.0504,-,-,done,signal_tracking_20260806.csv,13.0,-0.53,-0.26,4.22,1.58,-1.58,5.01,-1.58,0.0,0.0,,5.01,-1.58,,,0.0,0.0
2026-07-29,2025.TW,千興,12.45,趨勢突破,87.0,A強勢追蹤,0.54,>MA5,糾結,65.3,49.0,25.0,34.3,0.0617,趨勢突破,2.86,done,signal_tracking_20260806.csv,13.0,-4.42,-4.42,1.61,2.81,-5.62,4.02,-5.62,0.0,-3.61,,4.02,-5.62,,,0.0,0.0
2026-07-29,2027.TW,大成鋼,43.25,週黃金交叉,68.0,B可追蹤,0.64,MA5~10,多頭,63.7,69.2,59.7,56.7,0.2992,-,-,done,signal_tracking_20260806.csv,13.0,2.77,2.54,8.32,3.58,-2.31,10.52,-2.31,0.0,1.04,,19.08,-2.31,,,1.0,0.0
2026-07-29,2106.TW,建大,18.4,黃金交叉,73.0,B可追蹤,2.31,>MA5,糾結,54.7,49.6,64.6,53.9,0.0445,-,-,done,signal_tracking_20260806.csv,13.0,-1.09,-1.63,-1.09,3.8,-3.26,3.8,-3.26,0.0,-0.54,,3.8,-6.25,,,0.0,0.0
2026-07-29,2332.TW,友訊,24.0,週即將黃金交叉,78.0,A強勢追蹤,7.0,>MA5,多頭,66.4,57.6,73.2,74.8,-0.0541,-,-,done,signal_tracking_20260806.csv,13.0,-7.5,-4.58,-7.08,3.96,-13.96,3.96,-13.96,0.0,-10.0,,3.96,-13.96,,,0.0,0.0
2026-07-29,2357.TW,華碩,761.0,即將黃金交叉,65.0,B可追蹤,3.12,>MA5,多頭,74.4,75.6,36.5,41.9,7.5305,-,-,done,signal_tracking_20260806.csv,13.0,4.99,10.12,11.96,12.88,-5.12,13.01,-5.12,0.0,-3.15,,34.69,-5.12,,,1.0,0.0
2026-07-29,2412.TW,中華電,140.5,週黃金交叉,68.0,B可追蹤,0.19,>MA5,多頭,82.4,77.8,47.7,47.7,0.5796,-,-,done,signal_tracking_20260806.csv,13.0,-1.07,-2.49,-3.2,0.36,-3.2,0.36,-3.56,0.0,0.0,,0.36,-3.91,,,0.0,0.0
2026-07-29,2530.TW,華建,20.65,趨勢突破,100.0,A強勢追蹤,1.9,>MA5,多頭,70.6,64.6,64.9,50.1,0.1208,趨勢突破,2.88,done,signal_tracking_20260806.csv,13.0,-4.84,-5.08,-6.05,4.12,-8.23,4.12,-8.23,0.0,2.18,,4.12,-8.23,,,0.0,0.0
2026-07-29,2540.TW,愛山林,57.8,週黃金交叉,92.0,A強勢追蹤,2.99,>MA5,多頭,69.3,58.9,55.3,45.7,0.3661,-,-,done,signal_tracking_20260806.csv,13.0,3.81,-0.0,-23.01,6.92,-4.84,6.92,-26.56,0.0,1.9,,6.92,-26.56,,,0.0,0.0
2026-07-29,2615.TW,萬海,85.0,即將黃金交叉,58.0,C觀察,1.65,>MA5,多頭,63.1,64.7,67.0,61.8,0.4421,-,-,done,signal_tracking_20260806.csv,13.0,1.29,0.47,2.47,2.35,-1.29,4.47,-1.41,0.0,-0.71,,17.18,-1.41,,,1.0,0.0
2026-07-29,2849.TW,安泰銀,15.35,黃金交叉、週黃金交叉、MACD翻正,100.0,A強勢追蹤,2.42,>MA5,糾結,68.3,60.3,87.6,86.6,0.0163,-,-,done,signal_tracking_20260806.csv,13.0,-0.33,-4.56,-5.86,0.65,-4.56,0.65,-6.84,0.0,-0.33,,0.65,-8.47,,,0.0,0.0
2026-07-29,2867.TW,三商壽,9.37,即將黃金交叉,60.0,C觀察,2.82,>MA5,多頭,64.0,66.9,84.2,78.0,0.0121,-,-,done,signal_tracking_20260806.csv,13.0,4.8,4.27,0.64,7.26,-0.75,7.26,-0.75,1.0,2.24,,7.26,-0.75,,,1.0,1.0
2026-07-29,2880.TW,華南金,41.8,即將黃金交叉,60.0,C觀察,2.98,>MA5,多頭,83.7,85.8,89.9,80.3,0.069,-,-,done,signal_tracking_20260806.csv,13.0,1.97,3.75,2.33,6.94,-2.53,6.94,-2.53,1.0,1.02,,6.94,-9.09,,,1.0,1.0
2026-07-29,2884.TW,玉山金,36.5,黃金交叉,82.0,A強勢追蹤,2.38,>MA5,多頭,69.6,68.9,77.5,68.6,0.0868,-,-,done,signal_tracking_20260806.csv,13.0,5.34,4.38,0.68,7.12,-0.41,7.12,-0.55,1.0,3.29,,7.12,-0.55,,,1.0,1.0
2026-07-29,2903.TW,遠百,22.35,趨勢突破,89.0,A強勢追蹤,0.73,>MA5,糾結,63.7,61.5,29.9,35.7,0.0306,趨勢突破,1.82,done,signal_tracking_20260806.csv,13.0,0.0,-1.57,-1.57,1.57,-2.01,1.57,-2.24,0.0,0.89,,1.57,-3.58,,,0.0,0.0
2026-07-29,2912.TW,統一超,241.0,黃金交叉,59.0,C觀察,1.7,>MA5,糾結,47.6,46.5,72.8,64.9,-0.7201,-,-,done,signal_tracking_20260806.csv,13.0,-8.51,-8.09,-8.92,-2.49,-9.54,-2.49,-9.96,0.0,-4.56,,-2.49,-12.03,,,0.0,0.0
2026-07-29,3231.TW,緯創,169.5,週即將黃金交叉,71.0,B可追蹤,2.12,MA5~10,多頭,73.1,70.4,43.3,43.4,2.9951,-,-,done,signal_tracking_20260806.csv,13.0,9.73,13.86,14.16,19.47,-7.08,19.47,-7.08,0.0,-5.6,,21.53,-7.08,,,1.0,0.0
2026-07-29,3260.TWO,威剛,394.0,週即將黃金交叉、MACD翻正,71.0,B可追蹤,0.61,>MA5,糾結,65.5,55.9,31.1,31.1,0.6067,-,-,done,signal_tracking_20260806.csv,13.0,-0.63,0.51,3.93,4.95,-4.57,10.91,-4.57,0.0,-3.93,,10.91,-4.57,,,1.0,0.0
2026-07-29,3441.TWO,聯一光,77.2,漲幅達標、MACD翻正,62.0,C觀察,4.11,>MA5,糾結,63.1,39.7,55.4,63.9,0.0032,-,-,done,signal_tracking_20260806.csv,13.0,19.69,10.62,12.95,24.09,-1.04,24.09,-1.04,1.0,-1.04,,24.09,-1.04,,,1.0,1.0
2026-07-29,4904.TW,遠傳,106.5,週黃金交叉,68.0,B可追蹤,1.43,>MA5,多頭,80.2,76.9,58.8,56.7,0.8373,-,-,done,signal_tracking_20260806.csv,13.0,-2.82,-5.16,-5.16,0.0,-6.2,0.0,-6.2,0.0,-0.94,,0.0,-7.89,,,0.0,0.0
2026-07-29,4976.TW,佳凌,37.7,漲幅達標、MACD翻正、趨勢突破,100.0,A強勢追蹤,4.62,>MA5,糾結,56.5,32.2,39.9,48.6,0.031,趨勢突破,3.94,done,signal_tracking_20260806.csv,13.0,0.8,-3.18,-1.72,8.75,-9.95,8.75,-9.95,0.0,-9.95,,8.75,-9.95,,,0.0,0.0
2026-07-29,5490.TWO,同亨,33.15,週黃金交叉,88.0,A強勢追蹤,2.7,>MA5,多頭,67.1,64.3,61.2,56.6,0.2506,-,-,done,signal_tracking_20260806.csv,13.0,6.79,-3.47,-7.84,9.65,-9.5,9.65,-9.5,0.0,-5.73,,9.65,-9.5,,,0.0,0.0
2026-07-29,5531.TW,鄉林,7.9,週即將黃金交叉、MACD翻正、趨勢突破,100.0,A強勢追蹤,0.47,>MA5,空頭,49.8,39.9,24.1,26.5,0.0029,趨勢突破,2.97,done,signal_tracking_20260806.csv,13.0,-0.63,-1.52,-6.71,1.01,-2.53,1.01,-7.34,0.0,-1.9,,1.01,-7.34,,,0.0,0.0
2026-07-29,5904.TWO,寶雅,720.0,週即將黃金交叉、MACD翻正,78.0,A強勢追蹤,4.19,>MA5,糾結,66.8,50.8,65.8,68.5,1.7477,-,-,資料異常,signal_tracking_20260806.csv,5.0,-90.0,-90.0,,-90.0,-90.0,-90.0,-90.0,0.0,-90.0,,-90.0,-90.0,,,,
2026-07-29,6603.TWO,富強鑫,26.2,MACD翻正、趨勢突破,100.0,A強勢追蹤,2.52,>MA5,糾結,75.5,59.0,62.0,53.4,0.0633,趨勢突破,2.87,done,signal_tracking_20260806.csv,13.0,0.38,2.1,5.73,3.82,-6.11,12.21,-6.11,0.0,-5.34,,16.41,-6.11,,,1.0,0.0
2026-07-29,8050.TWO,廣積,60.8,黃金交叉、週黃金交叉,93.0,A強勢追蹤,3.12,>MA5,多頭,59.6,57.1,61.5,60.4,-0.0544,-,-,done,signal_tracking_20260806.csv,13.0,-4.61,6.74,-3.29,6.74,-13.65,14.14,-13.65,0.0,-9.87,,14.14,-13.65,,,1.0,0.0
2026-07-29,8114.TW,振樺電,209.5,週即將黃金交叉,55.0,C觀察,2.17,MA5~10,多頭,54.1,57.0,34.0,34.3,2.3451,-,-,done,signal_tracking_20260806.csv,13.0,2.63,9.79,2.63,12.89,-9.79,12.89,-9.79,0.0,-8.59,,12.89,-9.79,,,1.0,0.0
2026-07-29,8271.TW,宇瞻,222.5,漲幅達標、週黃金交叉、趨勢突破,100.0,A強勢追蹤,7.11,>MA5,多頭,81.0,74.7,40.2,35.9,4.8673,趨勢突破,2.69,done,signal_tracking_20260806.csv,13.0,-1.35,2.02,4.27,6.97,-9.89,12.13,-9.89,0.0,-8.31,,12.13,-9.89,,,1.0,0.0
2026-07-29,9917.TW,中保科,111.0,趨勢突破,89.0,A強勢追蹤,1.78,>MA5,多頭,78.3,71.1,28.7,31.8,0.6823,趨勢突破,2.61,done,signal_tracking_20260806.csv,13.0,-1.35,-2.7,-3.15,1.35,-3.15,1.35,-3.6,0.0,0.0,,1.35,-3.6,,,0.0,0.0
2026-07-29,9939.TW,宏全,130.0,週即將黃金交叉,66.0,B可追蹤,0.13,>MA5,多頭,59.9,66.5,63.5,64.6,0.3505,-,-,done,signal_tracking_20260806.csv,13.0,-1.15,3.08,3.08,3.08,-2.31,11.92,-2.31,0.0,-0.77,,11.92,-2.31,,,1.0,0.0
2026-07-29,9940.TW,信義,20.8,黃金交叉,71.0,B可追蹤,2.11,>MA5,多頭,76.8,70.0,70.1,57.9,0.057,-,-,done,signal_tracking_20260806.csv,13.0,-0.72,-1.92,4.33,0.96,-2.88,4.81,-2.88,0.0,0.24,,5.05,-2.88,,,0.0,0.0
2026-07-30,1104.TW,環泥,26.85,趨勢突破,86.0,A強勢追蹤,0.34,>MA5,糾結,44.1,34.3,17.6,24.4,0.044,趨勢突破,2.0,done,signal_tracking_20260806.csv,12.0,-1.49,-1.49,-1.12,2.61,-1.86,2.61,-1.86,0.0,-0.19,,2.61,-1.86,,,0.0,0.0
2026-07-30,1218.TW,泰山,16.0,跳空、黃金交叉、MACD翻正、趨勢突破,66.0,B可追蹤,-2.15,>MA5,空頭,23.0,21.8,9.5,12.8,0.007,趨勢突破,1.5,done,signal_tracking_20260806.csv,12.0,-4.69,-2.81,-2.81,1.56,-5.0,1.56,-5.0,0.0,-0.31,,1.56,-11.56,,,0.0,0.0
2026-07-30,1227.TW,佳格,29.8,黃金交叉,59.0,C觀察,0.38,>MA5,空頭,50.9,45.4,63.3,57.7,-0.089,-,-,done,signal_tracking_20260806.csv,12.0,-3.69,-3.19,-3.02,1.34,-4.36,1.34,-4.53,0.0,-1.85,,1.34,-4.53,,,0.0,0.0
2026-07-30,1476.TW,儒鴻,338.5,週黃金交叉,66.0,B可追蹤,1.79,>MA5,糾結,54.7,53.5,45.5,43.5,0.5498,-,-,done,signal_tracking_20260806.csv,12.0,4.73,7.68,-3.55,8.71,0.74,8.71,-5.17,1.0,2.22,,8.71,-6.79,,,1.0,1.0
2026-07-30,1477.TW,聚陽,222.0,MACD翻正,62.0,C觀察,0.72,>MA5,糾結,60.5,42.0,42.7,46.4,0.0257,-,-,done,signal_tracking_20260806.csv,12.0,0.0,1.8,-1.13,3.38,-4.28,3.38,-4.28,0.0,-1.13,,3.38,-8.56,,,1.0,0.0
2026-07-30,1526.TW,日馳,18.9,漲幅達標、黃金交叉,84.0,A強勢追蹤,9.32,>MA5,多頭,71.8,66.7,63.3,44.6,0.3042,-,-,done,signal_tracking_20260806.csv,12.0,-5.82,1.32,-6.88,3.44,-8.73,3.44,-8.73,0.0,-3.97,,3.44,-10.05,,,1.0,0.0
2026-07-30,1598.TW,岱宇,20.75,跳空、即將黃金交叉、週黃金交叉、趨勢突破,100.0,A強勢追蹤,2.82,>MA5,糾結,57.8,58.3,40.9,33.4,0.1127,趨勢突破,25.46,done,signal_tracking_20260806.csv,12.0,-1.45,-3.61,-2.65,-0.24,-5.3,-0.24,-5.3,0.0,-3.13,,0.24,-5.3,,,0.0,0.0
2026-07-30,1808.TW,潤隆,32.45,即將黃金交叉,59.0,C觀察,2.1,>MA5,糾結,63.2,64.4,74.2,66.2,0.0378,-,-,done,signal_tracking_20260806.csv,12.0,0.0,-1.85,2.0,4.31,-2.47,4.31,-2.47,0.0,1.69,,4.31,-2.47,,,0.0,0.0
2026-07-30,1907.TW,永豐餘,28.45,黃金交叉,69.0,B可追蹤,1.27,>MA5,多頭,43.1,39.7,74.9,70.5,-0.0625,-,-,done,signal_tracking_20260806.csv,12.0,3.69,6.68,5.1,7.21,0.18,10.02,0.18,1.0,2.11,,10.02,-0.7,,,1.0,1.0
2026-07-30,2002.TW,中鋼,18.95,週黃金交叉,63.0,C觀察,0.43,MA5~10,多頭,59.8,63.0,32.2,30.1,0.0504,-,-,done,signal_tracking_20260806.csv,12.0,-0.53,0.26,1.32,1.58,-1.58,5.01,-1.58,0.0,0.0,,5.01,-1.58,,,1.0,0.0
2026-07-30,2025.TW,千興,12.45,趨勢突破,87.0,A強勢追蹤,0.54,>MA5,糾結,65.3,49.0,25.0,34.3,0.0617,趨勢突破,2.84,done,signal_tracking_20260806.csv,12.0,-3.21,-3.21,2.01,-0.8,-5.62,4.02,-5.62,0.0,-2.41,,4.02,-5.62,,,0.0,0.0
2026-07-30,2027.TW,大成鋼,43.25,週黃金交叉,68.0,B可追蹤,0.64,MA5~10,多頭,63.7,69.2,59.7,56.7,0.2992,-,-,done,signal_tracking_20260806.csv,12.0,2.31,6.59,16.53,8.55,-2.31,19.08,-2.31,1.0,-0.12,,19.08,-2.31,,,1.0,1.0
2026-07-30,2332.TW,友訊,24.0,週即將黃金交叉,78.0,A強勢追蹤,7.0,>MA5,多頭,66.4,57.6,73.2,74.8,-0.0541,-,-,done,signal_tracking_20260806.csv,12.0,-0.62,-5.42,-5.63,3.96,-13.96,3.96,-13.96,0.0,-11.46,,3.96,-13.96,,,0.0,0.0
2026-07-30,2357.TW,華碩,761.0,即將黃金交叉,65.0,B可追蹤,3.12,>MA5,多頭,74.4,75.6,36.5,41.9,7.5305,-,-,done,signal_tracking_20260806.csv,12.0,5.91,7.49,23.13,12.88,0.79,23.13,0.79,1.0,6.44,,34.69,0.79,,,1.0,1.0
2026-07-30,2385.TW,群光,104.5,黃金交叉、趨勢突破,66.0,B可追蹤,-0.47,>MA5,空頭,46.0,44.9,13.7,22.6,0.6646,趨勢突破,1.18,done,signal_tracking_20260806.csv,12.0,-0.48,-0.96,1.44,3.35,-2.87,3.35,-3.35,0.0,1.44,,3.35,-3.35,,,0.0,0.0
2026-07-30,2412.TW,中華電,140.5,週黃金交叉,68.0,B可追蹤,0.19,>MA5,多頭,82.4,77.8,47.7,47.7,0.5796,-,-,done,signal_tracking_20260806.csv,12.0,-2.85,-2.49,-3.2,0.0,-3.2,0.0,-3.91,0.0,-0.71,,0.0,-3.91,,,0.0,0.0
2026-07-30,2504.TW,國產,31.8,黃金交叉、週即將黃金交叉、趨勢突破,94.0,A強勢追蹤,-0.17,>MA5,糾結,58.6,54.4,19.6,20.9,0.1428,趨勢突破,0.94,done,signal_tracking_20260806.csv,12.0,-3.3,-4.4,-2.04,1.26,-5.03,1.26,-5.19,0.0,-1.89,,1.26,-5.19,,,0.0,0.0
2026-07-30,2520.TW,冠德,35.1,黃金交叉,70.0,B可追蹤,0.3,>MA5,糾結,40.9,40.2,71.2,70.1,-0.1767,-,-,done,signal_tracking_20260806.csv,12.0,-2.85,-2.85,0.57,1.71,-3.42,1.71,-5.13,0.0,-1.28,,2.42,-5.13,,,0.0,0.0
2026-07-30,2530.TW,華建,20.65,趨勢突破,100.0,A強勢追蹤,1.9,>MA5,多頭,70.6,64.6,64.9,50.1,0.1208,趨勢突破,2.87,done,signal_tracking_20260806.csv,12.0,-6.78,-6.78,-5.57,4.12,-8.23,4.12,-8.23,0.0,-3.63,,4.12,-8.23,,,0.0,0.0
2026-07-30,2540.TW,愛山林,57.8,週黃金交叉,92.0,A強勢追蹤,2.99,>MA5,多頭,69.3,58.9,55.3,45.7,0.3661,-,-,done,signal_tracking_20260806.csv,12.0,-3.46,-5.36,-22.49,6.92,-5.36,6.92,-26.56,0.0,5.54,,6.92,-26.56,,,0.0,0.0
2026-07-30,2548.TW,華固,99.1,黃金交叉、趨勢突破,100.0,A強勢追蹤,0.31,>MA5,多頭,75.5,74.5,16.0,12.9,0.5765,趨勢突破,0.75,done,signal_tracking_20260806.csv,12.0,-1.61,-3.83,-5.75,0.61,-4.64,0.61,-6.05,0.0,-1.72,,0.61,-6.05,,,0.0,0.0
2026-07-30,2610.TW,華航,21.7,MACD翻正,61.0,C觀察,0.11,>MA5,糾結,61.2,52.3,49.8,60.4,0.0076,-,-,done,signal_tracking_20260806.csv,12.0,3.46,2.07,-7.37,5.3,0.92,5.3,-7.83,1.0,3.23,,5.3,-8.53,,,1.0,1.0
2026-07-30,2615.TW,萬海,85.0,即將黃金交叉,58.0,C觀察,1.65,>MA5,多頭,63.1,64.7,67.0,61.8,0.4421,-,-,done,signal_tracking_20260806.csv,12.0,1.29,-0.82,2.94,2.35,-1.18,4.47,-1.41,0.0,-0.35,,17.18,-1.41,,,0.0,0.0
2026-07-30,2633.TW,台灣高鐵,26.3,黃金交叉,69.0,B可追蹤,0.2,>MA5,糾結,65.7,57.0,64.9,59.5,-0.0077,-,-,done,signal_tracking_20260806.csv,12.0,-2.09,-1.9,-1.33,1.14,-2.47,1.14,-2.66,0.0,-0.95,,1.14,-2.66,,,0.0,0.0
2026-07-30,2801.TW,彰銀,24.75,黃金交叉,57.0,C觀察,1.59,>MA5,多頭,81.0,77.7,91.0,82.6,-0.0118,-,-,done,signal_tracking_20260806.csv,12.0,-0.67,-6.46,-4.85,1.5,-6.46,1.5,-7.07,0.0,-0.67,,1.5,-7.07,,,0.0,0.0
2026-07-30,2845.TW,遠東銀,13.4,黃金交叉,64.0,C觀察,0.93,>MA5,多頭,53.7,50.0,83.1,73.8,-0.0278,-,-,done,signal_tracking_20260806.csv,12.0,-0.75,-1.87,-1.49,1.87,-1.87,1.87,-2.24,0.0,0.75,,1.87,-2.24,,,0.0,0.0
2026-07-30,2849.TW,安泰銀,15.35,黃金交叉、週黃金交叉、MACD翻正,100.0,A強勢追蹤,2.42,>MA5,糾結,68.3,60.3,87.6,86.6,0.0163,-,-,done,signal_tracking_20260806.csv,12.0,-4.56,-6.19,-5.86,0.65,-6.51,0.65,-6.84,0.0,0.33,,0.65,-8.47,,,0.0,0.0
2026-07-30,2867.TW,三商壽,9.37,即將黃金交叉,60.0,C觀察,2.82,>MA5,多頭,64.0,66.9,84.2,78.0,0.0121,-,-,done,signal_tracking_20260806.csv,12.0,4.16,4.27,2.67,7.26,2.99,7.26,-0.32,1.0,5.66,,7.26,-0.32,,,1.0,1.0
2026-07-30,2880.TW,華南金,41.8,即將黃金交叉,60.0,C觀察,2.98,>MA5,多頭,83.7,85.8,89.9,80.3,0.069,-,-,done,signal_tracking_20260806.csv,12.0,2.44,4.34,-6.46,6.94,-0.52,6.94,-8.37,1.0,3.51,,6.94,-9.09,,,1.0,1.0
2026-07-30,2884.TW,玉山金,36.5,黃金交叉,82.0,A強勢追蹤,2.38,>MA5,多頭,69.6,68.9,77.5,68.6,0.0868,-,-,done,signal_tracking_20260806.csv,12.0,4.11,3.97,2.19,7.12,2.88,7.12,-0.55,1.0,5.89,,7.12,-0.55,,,1.0,1.0
2026-07-30,2889.TW,國票金,15.65,黃金交叉,74.0,B可追蹤,1.16,>MA5,糾結,47.3,44.6,72.3,67.0,-0.0437,-,-,done,signal_tracking_20260806.csv,12.0,-1.6,-2.24,-0.64,0.96,-2.88,0.96,-3.19,0.0,-0.32,,0.96,-3.19,,,0.0,0.0
2026-07-30,2892.TW,第一金,35.45,MACD翻正,71.0,B可追蹤,2.78,>MA5,多頭,84.4,80.8,92.4,84.0,0.0094,-,-,done,signal_tracking_20260806.csv,12.0,-0.42,0.14,-6.49,4.09,-0.85,4.09,-8.46,0.0,3.67,,4.09,-8.46,,,1.0,0.0
2026-07-30,2903.TW,遠百,22.35,趨勢突破,89.0,A強勢追蹤,0.73,>MA5,糾結,63.7,61.5,29.9,35.7,0.0306,趨勢突破,1.82,done,signal_tracking_20260806.csv,12.0,-1.12,-2.24,-2.68,1.57,-2.24,1.57,-3.58,0.0,-0.89,,1.57,-3.58,,,0.0,0.0
2026-07-30,2912.TW,統一超,241.0,黃金交叉,59.0,C觀察,1.7,>MA5,糾結,47.6,46.5,72.8,64.9,-0.7201,-,-,done,signal_tracking_20260806.csv,12.0,-8.09,-8.71,-9.96,-4.36,-9.54,-4.36,-10.37,0.0,-7.05,,-4.36,-12.03,,,0.0,0.0
2026-07-30,3231.TW,緯創,169.5,週即將黃金交叉,71.0,B可追蹤,2.12,MA5~10,多頭,73.1,70.4,43.3,43.4,2.9951,-,-,done,signal_tracking_20260806.csv,12.0,15.04,11.8,16.22,19.47,-2.36,19.47,-2.36,1.0,3.83,,21.53,-2.36,,,1.0,1.0
2026-07-30,3260.TWO,威剛,394.0,週即將黃金交叉、MACD翻正,71.0,B可追蹤,0.61,>MA5,糾結,65.5,55.9,31.1,31.1,0.6067,-,-,done,signal_tracking_20260806.csv,12.0,1.14,6.85,3.81,8.25,-2.41,10.91,-2.41,1.0,1.14,,10.91,-2.41,,,1.0,1.0
2026-07-30,3543.TW,州巧,30.05,漲幅達標、週黃金交叉、MACD翻正,64.0,C觀察,2.9,>MA5,空頭,41.4,22.5,19.3,15.4,0.0151,-,-,done,signal_tracking_20260806.csv,12.0,9.32,21.8,33.44,21.8,0.83,38.6,0.83,1.0,9.98,,46.76,0.83,,,1.0,1.0
2026-07-30,4904.TW,遠傳,106.5,週黃金交叉,68.0,B可追蹤,1.43,>MA5,多頭,80.2,76.9,58.8,56.7,0.8373,-,-,done,signal_tracking_20260806.csv,12.0,-5.16,-4.23,-6.57,-0.47,-6.2,-0.47,-6.95,0.0,-1.41,,-0.47,-7.89,,,0.0,0.0
2026-07-30,4976.TW,佳凌,37.7,漲幅達標、MACD翻正、趨勢突破,100.0,A強勢追蹤,4.62,>MA5,糾結,56.5,32.2,39.9,48.6,0.031,趨勢突破,3.93,done,signal_tracking_20260806.csv,12.0,-1.06,-1.46,-1.72,4.51,-7.43,4.51,-7.43,0.0,-1.06,,8.22,-7.43,,,0.0,0.0
2026-07-30,5490.TWO,同亨,33.15,週黃金交叉,88.0,A強勢追蹤,2.7,>MA5,多頭,67.1,64.3,61.2,56.6,0.2506,-,-,done,signal_tracking_20260806.csv,12.0,0.9,0.6,-7.54,9.65,-6.18,9.65,-9.35,0.0,-0.3,,9.65,-9.35,,,1.0,0.0
2026-07-30,5531.TW,鄉林,7.9,週即將黃金交叉、MACD翻正、趨勢突破,100.0,A強勢追蹤,0.47,>MA5,空頭,49.8,39.9,24.1,26.5,0.0029,趨勢突破,2.98,done,signal_tracking_20260806.csv,12.0,-1.52,-2.91,-5.7,1.01,-3.29,1.01,-7.34,0.0,-0.51,,1.01,-7.34,,,0.0,0.0
2026-07-30,5904.TWO,寶雅,72.0,週即將黃金交叉、MACD翻正,82.0,A強勢追蹤,4.19,>MA5,糾結,66.8,50.8,65.8,68.5,0.1748,-,-,done,signal_tracking_20260806.csv,12.0,0.0,0.0,13.61,0.0,0.0,28.19,0.0,0.0,0.0,,28.19,0.0,,,0.0,0.0
2026-07-30,6603.TWO,富強鑫,26.2,MACD翻正、趨勢突破,100.0,A強勢追蹤,2.52,>MA5,糾結,75.5,59.0,62.0,53.4,0.0633,趨勢突破,2.85,done,signal_tracking_20260806.csv,12.0,-0.95,-1.72,10.11,3.82,-3.82,12.21,-4.58,0.0,-0.19,,16.41,-4.58,,,0.0,0.0
2026-07-30,6620.TWO,漢達,96.3,漲幅達標、跳空、週黃金交叉,62.0,C觀察,2.55,>MA5,糾結,58.8,39.8,60.0,58.6,-0.3748,-,-,done,signal_tracking_20260806.csv,12.0,-8.83,-10.8,-16.1,3.43,-13.5,3.43,-23.16,0.0,-8.72,,3.43,-23.16,,,0.0,0.0
2026-07-30,6919.TW,康霈*,103.0,黃金交叉、週即將黃金交叉,59.0,C觀察,2.08,>MA5,空頭,28.9,25.6,45.0,45.1,-0.6297,-,-,done,signal_tracking_20260806.csv,12.0,4.85,4.37,0.97,7.77,-0.97,9.71,-0.97,1.0,0.0,,9.71,-0.97,,,1.0,1.0
2026-07-30,8050.TWO,廣積,60.8,黃金交叉、週黃金交叉,93.0,A強勢追蹤,3.12,>MA5,多頭,59.6,57.1,61.5,60.4,-0.0544,-,-,done,signal_tracking_20260806.csv,12.0,-2.96,3.78,-3.62,10.86,-13.65,14.14,-13.65,0.0,-10.2,,14.14,-13.65,,,1.0,0.0
2026-07-30,8114.TW,振樺電,209.5,週即將黃金交叉,55.0,C觀察,2.17,MA5~10,多頭,54.1,57.0,34.0,34.3,2.3451,-,-,done,signal_tracking_20260806.csv,12.0,6.92,7.64,2.39,12.89,-7.88,12.89,-7.88,0.0,-6.68,,12.89,-7.88,,,1.0,0.0
2026-07-30,8271.TW,宇瞻,222.5,漲幅達標、週黃金交叉、趨勢突破,100.0,A強勢追蹤,7.11,>MA5,多頭,81.0,74.7,40.2,35.9,4.8673,趨勢突破,2.67,done,signal_tracking_20260806.csv,12.0,0.67,11.01,3.15,12.13,-4.27,12.13,-4.27,1.0,0.22,,12.13,-4.27,,,1.0,1.0
2026-07-30,8421.TWO,旭源,15.55,跳空、黃金交叉,64.0,C觀察,4.44,>MA5,糾結,45.4,36.6,50.7,45.1,-0.0868,-,-,done,signal_tracking_20260806.csv,12.0,-8.93,-10.17,-11.9,4.18,-12.97,4.18,-13.83,0.0,-1.61,,4.18,-16.72,,,0.0,0.0
2026-07-30,9907.TW,統一實,15.35,週黃金交叉,70.0,B可追蹤,0.53,>MA5,糾結,68.4,57.3,16.9,16.0,0.0564,-,-,done,signal_tracking_20260806.csv,12.0,-3.91,-6.19,-2.28,0.98,-6.51,0.98,-6.51,0.0,-2.28,,0.98,-6.51,,,0.0,0.0
2026-07-30,9917.TW,中保科,111.0,趨勢突破,89.0,A強勢追蹤,1.78,>MA5,多頭,78.3,71.1,28.7,31.8,0.6823,趨勢突破,2.57,done,signal_tracking_20260806.csv,12.0,-2.25,-2.7,-3.15,1.35,-3.15,1.35,-3.6,0.0,-1.8,,1.35,-3.6,,,0.0,0.0
2026-07-30,9939.TW,宏全,130.0,週即將黃金交叉,66.0,B可追蹤,0.13,>MA5,多頭,59.9,66.5,63.5,64.6,0.3505,-,-,done,signal_tracking_20260806.csv,12.0,0.77,9.62,3.85,11.15,-2.31,11.92,-2.31,1.0,-1.54,,11.92,-2.31,,,1.0,1.0
2026-07-30,9940.TW,信義,20.8,黃金交叉,71.0,B可追蹤,2.11,>MA5,多頭,76.8,70.0,70.1,57.9,0.057,-,-,done,signal_tracking_20260806.csv,12.0,-1.92,-2.16,1.68,0.96,-2.88,5.05,-2.88,0.0,-1.68,,5.05,-2.88,,,0.0,0.0
2026-07-30,9945.TW,潤泰新,26.8,黃金交叉、趨勢突破,99.0,A強勢追蹤,0.56,>MA5,糾結,53.1,49.3,69.3,65.3,-0.0201,趨勢突破,1.62,done,signal_tracking_20260806.csv,12.0,-0.37,-1.68,1.12,2.61,-2.24,2.61,-2.24,0.0,0.93,,15.11,-2.24,,,0.0,0.0
2026-07-31,1476.TW,儒鴻,352.0,趨勢突破,100.0,A強勢追蹤,3.61,>MA5,多頭,65.6,57.7,52.6,43.5,1.4149,趨勢突破,3.48,done,signal_tracking_20260806.csv,11.0,0.85,-1.42,-8.52,4.55,-3.12,4.55,-9.23,0.0,-1.56,,4.55,-10.37,,,0.0,0.0
2026-07-31,1477.TW,聚陽,219.5,MACD翻正,57.0,C觀察,0.21,>MA5,糾結,60.2,47.2,38.9,43.7,0.1693,-,-,done,signal_tracking_20260806.csv,11.0,2.51,2.05,-0.68,4.56,-3.19,4.56,-3.19,0.0,-0.46,,4.56,-7.52,,,1.0,0.0
2026-07-31,1519.TW,華城,705.0,跳空、黃金交叉、週即將黃金交叉、趨勢突破,96.0,A強勢追蹤,-1.36,>MA5,空頭,52.7,48.7,14.0,16.1,2.826,趨勢突破,1.36,done,signal_tracking_20260806.csv,11.0,-5.96,-7.38,0.71,-2.98,-11.03,4.4,-11.03,0.0,-9.35,,4.4,-11.03,,,0.0,0.0
2026-07-31,1712.TW,興農,39.75,黃金交叉、MACD翻正,78.0,A強勢追蹤,0.34,>MA5,空頭,50.1,44.0,43.7,33.6,0.0169,-,-,done,signal_tracking_20260806.csv,11.0,-2.89,-2.01,-2.14,-1.13,-3.14,-0.38,-3.14,0.0,-2.01,,-0.38,-3.14,,,0.0,0.0
2026-07-31,1808.TW,潤隆,33.0,黃金交叉,100.0,A強勢追蹤,2.66,>MA5,多頭,66.5,65.2,73.5,64.3,0.0829,-,-,done,signal_tracking_20260806.csv,11.0,-1.82,0.15,-1.06,0.45,-4.09,1.52,-4.09,0.0,0.3,,1.52,-4.09,,,1.0,0.0
2026-07-31,1907.TW,永豐餘,29.05,MACD翻正,71.0,B可追蹤,1.9,>MA5,多頭,64.7,53.1,78.4,71.6,0.0103,-,-,done,signal_tracking_20260806.csv,11.0,2.41,6.2,-0.34,7.23,-1.89,7.75,-2.75,1.0,0.34,,7.75,-2.75,,,1.0,1.0
2026-07-31,1909.TW,榮成,10.05,黃金交叉、趨勢突破,77.0,A強勢追蹤,1.09,>MA5,空頭,33.9,32.7,57.1,58.4,-0.0559,趨勢突破,0.86,done,signal_tracking_20260806.csv,11.0,-0.6,-0.5,5.47,1.49,-2.99,7.96,-2.99,0.0,0.0,,14.43,-2.99,,,0.0,0.0
2026-07-31,2002.TW,中鋼,18.95,週黃金交叉,63.0,C觀察,0.22,MA5~10,多頭,55.7,60.6,32.2,30.1,0.0394,-,-,done,signal_tracking_20260806.csv,11.0,-0.26,0.53,0.26,1.32,-1.58,5.01,-1.58,0.0,-0.53,,5.01,-1.58,,,1.0,0.0
2026-07-31,2010.TW,春源,21.15,黃金交叉,76.0,A強勢追蹤,0.01,>MA5,糾結,50.5,47.3,15.5,25.1,0.0808,-,-,done,signal_tracking_20260806.csv,11.0,-0.24,8.51,5.67,9.93,-1.42,10.64,-1.42,1.0,-0.24,,10.64,-1.42,,,1.0,1.0
2026-07-31,2027.TW,大成鋼,43.7,即將黃金交叉、週黃金交叉,87.0,A強勢追蹤,0.79,>MA5,多頭,64.8,67.8,61.9,57.7,0.2757,-,-,done,signal_tracking_20260806.csv,11.0,1.49,6.64,8.92,7.44,-3.32,17.85,-3.32,1.0,1.72,,17.85,-3.32,,,1.0,1.0
2026-07-31,2206.TW,三陽工業,64.7,週即將黃金交叉,60.0,C觀察,2.66,>MA5,糾結,69.2,56.7,78.6,79.8,-0.0015,-,-,done,signal_tracking_20260806.csv,11.0,-6.18,-4.17,-5.87,0.31,-7.57,0.31,-7.57,0.0,-1.08,,0.31,-7.57,,,0.0,0.0
2026-07-31,2317.TW,鴻海,250.5,漲幅達標、跳空、即將黃金交叉、MACD翻正、趨勢突破,90.0,A強勢追蹤,0.84,>MA5,糾結,46.9,48.8,24.8,31.5,0.5653,趨勢突破,1.74,done,signal_tracking_20260806.csv,11.0,3.19,3.79,3.59,6.59,-3.19,9.58,-3.19,1.0,1.0,,9.58,-3.19,,,1.0,1.0
2026-07-31,2324.TW,仁寶,36.0,跳空、即將黃金交叉、趨勢突破,67.0,B可追蹤,0.08,>MA5,空頭,44.3,46.7,32.8,40.6,-0.1195,趨勢突破,1.38,done,signal_tracking_20260806.csv,11.0,2.64,1.53,20.0,5.28,-4.03,20.0,-4.03,0.0,0.97,,24.86,-4.03,,,1.0,0.0
2026-07-31,2330.TW,台積電,2425.0,漲幅達標、跳空、黃金交叉,58.0,C觀察,0.36,>MA5,空頭,42.6,32.9,58.1,62.0,-12.9503,-,-,done,signal_tracking_20260806.csv,11.0,-0.82,-2.27,-1.24,-0.41,-4.74,0.82,-4.74,0.0,-2.27,,0.82,-4.74,,,0.0,0.0
2026-07-31,2347.TW,聯強,93.7,漲幅達標、跳空、黃金交叉、週即將黃金交叉、MACD翻正,94.0,A強勢追蹤,1.39,>MA5,糾結,64.5,58.6,58.1,59.2,0.3817,-,-,done,signal_tracking_20260806.csv,11.0,3.63,-0.32,-2.99,4.91,-4.48,4.91,-4.59,0.0,-2.13,,4.91,-6.51,,,0.0,0.0
2026-07-31,2354.TW,鴻準,56.5,跳空、黃金交叉、週即將黃金交叉、趨勢突破,100.0,A強勢追蹤,0.44,>MA5,空頭,53.2,49.0,28.7,31.1,-0.0395,趨勢突破,1.49,done,signal_tracking_20260806.csv,11.0,-1.77,9.38,10.62,14.69,-2.3,15.4,-2.3,1.0,-0.18,,15.4,-2.3,,,1.0,1.0
2026-07-31,2356.TW,英業達,61.8,漲幅達標、跳空、黃金交叉、趨勢突破,75.0,A強勢追蹤,-2.09,>MA5,空頭,42.7,41.2,30.1,42.9,-0.2183,趨勢突破,0.82,done,signal_tracking_20260806.csv,11.0,6.31,3.56,13.11,9.22,-3.56,18.93,-3.56,1.0,3.4,,18.93,-3.56,,,1.0,1.0
2026-07-31,2357.TW,華碩,810.0,漲幅達標、跳空、黃金交叉、週即將黃金交叉、趨勢突破,100.0,A強勢追蹤,5.03,>MA5,多頭,78.3,75.0,41.0,41.7,8.4948,趨勢突破,2.15,done,signal_tracking_20260806.csv,11.0,3.46,0.86,22.96,6.05,-3.58,26.54,-3.58,0.0,-1.36,,26.54,-3.58,,,1.0,0.0
2026-07-31,2385.TW,群光,104.5,黃金交叉、趨勢突破,66.0,B可追蹤,-0.75,>MA5,空頭,45.8,44.6,13.3,20.6,0.7021,趨勢突破,1.16,done,signal_tracking_20260806.csv,11.0,-0.48,-2.87,2.87,2.39,-3.35,3.35,-3.35,0.0,1.44,,3.35,-3.35,,,0.0,0.0
2026-07-31,2412.TW,中華電,140.5,週即將黃金交叉,56.0,C觀察,0.23,>MA5,多頭,75.8,76.3,48.2,49.7,0.5036,-,-,done,signal_tracking_20260806.csv,11.0,-2.49,-2.14,-3.91,-0.36,-3.2,-0.36,-3.91,0.0,-1.07,,-0.36,-3.91,,,0.0,0.0
2026-07-31,2421.TW,建準,131.0,漲幅達標、跳空、黃金交叉、趨勢突破,64.0,C觀察,-2.14,>MA5,空頭,46.1,40.4,18.6,23.8,-0.2575,趨勢突破,1.21,done,signal_tracking_20260806.csv,11.0,7.25,15.65,11.45,18.7,0.0,20.23,0.0,1.0,4.2,,20.23,0.0,,,1.0,1.0
2026-07-31,2425.TW,承啟,46.95,漲幅達標、黃金交叉,80.0,A強勢追蹤,2.4,>MA5,多頭,61.0,56.6,80.4,74.5,-0.0516,-,-,done,signal_tracking_20260806.csv,11.0,4.58,12.67,-12.46,12.67,-1.17,12.67,-12.67,1.0,2.88,,12.67,-18.96,,,1.0,1.0
2026-07-31,2451.TW,創見,293.0,漲幅達標、週黃金交叉,69.0,B可追蹤,5.15,>MA5,多頭,85.5,75.4,29.6,29.6,6.7971,-,-,done,signal_tracking_20260806.csv,11.0,-3.58,1.37,-0.17,2.73,-7.51,4.44,-7.51,0.0,-4.1,,4.44,-7.51,,,1.0,0.0
2026-07-31,2480.TW,敦陽科,166.0,跳空、週黃金交叉、MACD翻正,89.0,A強勢追蹤,1.52,>MA5,糾結,60.7,45.9,75.8,71.4,0.0804,-,-,done,signal_tracking_20260806.csv,11.0,-7.83,-5.72,-4.52,-1.51,-10.54,-1.51,-10.54,0.0,-8.13,,-1.51,-10.54,,,0.0,0.0
2026-07-31,2504.TW,國產,31.85,黃金交叉、週即將黃金交叉、趨勢突破,100.0,A強勢追蹤,-0.59,>MA5,糾結,59.6,54.0,19.6,19.8,0.1464,趨勢突破,1.0,done,signal_tracking_20260806.csv,11.0,-4.71,-3.45,-4.4,-0.63,-5.34,-0.63,-5.34,0.0,-1.1,,-0.63,-5.34,,,0.0,0.0
2026-07-31,2511.TW,太子,8.6,黃金交叉,59.0,C觀察,1.13,>MA5,空頭,49.7,41.5,82.9,76.6,-0.0284,-,-,done,signal_tracking_20260806.csv,11.0,-3.14,-2.91,-4.07,-0.23,-4.42,-0.23,-4.65,0.0,-1.16,,-0.23,-4.65,,,0.0,0.0
2026-07-31,2520.TW,冠德,35.1,黃金交叉,70.0,B可追蹤,0.48,>MA5,糾結,41.1,40.7,71.2,69.7,-0.1788,-,-,done,signal_tracking_20260806.csv,11.0,-2.28,-1.14,-0.71,-0.71,-3.42,1.14,-5.13,0.0,-1.14,,2.42,-5.13,,,0.0,0.0
2026-07-31,2540.TW,愛山林,58.9,週黃金交叉,92.0,A強勢追蹤,3.9,>MA5,多頭,74.8,64.1,56.6,46.4,0.5296,-,-,done,signal_tracking_20260806.csv,11.0,-1.87,-6.79,-22.75,3.4,-8.15,3.4,-27.93,0.0,1.87,,3.4,-27.93,,,0.0,0.0
2026-07-31,2542.TW,興富發,44.0,黃金交叉,69.0,B可追蹤,0.33,>MA5,糾結,56.2,54.9,50.7,57.7,-0.0227,-,-,done,signal_tracking_20260806.csv,11.0,0.11,0.68,5.0,1.36,-1.25,6.02,-1.25,0.0,-0.34,,6.7,-1.25,,,1.0,0.0
2026-07-31,2548.TW,華固,99.1,黃金交叉、趨勢突破,100.0,A強勢追蹤,0.31,>MA5,多頭,75.5,74.5,16.0,12.9,0.5747,趨勢突破,0.74,done,signal_tracking_20260806.csv,11.0,-2.62,-4.74,-5.85,0.2,-5.05,0.2,-6.05,0.0,-0.71,,0.2,-6.05,,,0.0,0.0
2026-07-31,2603.TW,長榮,201.0,週黃金交叉,58.0,C觀察,1.4,MA10~20,多頭,50.0,60.5,32.1,31.9,0.9591,-,-,done,signal_tracking_20260806.csv,11.0,1.99,3.23,8.96,3.48,0.5,9.45,0.5,0.0,3.23,,15.42,0.5,,,1.0,0.0
2026-07-31,2610.TW,華航,22.4,跳空、MACD翻正,72.0,B可追蹤,1.59,>MA5,糾結,70.4,57.5,53.0,57.9,0.0585,-,-,done,signal_tracking_20260806.csv,11.0,0.89,0.45,-11.16,2.01,-2.23,2.01,-11.38,0.0,0.22,,2.01,-11.38,,,1.0,0.0
2026-07-31,2614.TW,東森,18.15,黃金交叉、週即將黃金交叉、MACD翻正,77.0,A強勢追蹤,-0.16,>MA5,空頭,48.9,45.5,15.9,18.0,0.0021,-,-,done,signal_tracking_20260806.csv,11.0,-1.1,-0.55,-0.55,1.38,-1.65,1.38,-1.65,0.0,0.28,,1.38,-1.65,,,0.0,0.0
2026-07-31,2615.TW,萬海,84.4,即將黃金交叉,56.0,C觀察,1.5,MA5~10,多頭,61.0,63.2,64.7,58.3,0.3581,-,-,done,signal_tracking_20260806.csv,11.0,1.18,0.59,7.35,2.84,-0.71,8.29,-0.71,0.0,2.01,,18.01,-0.71,,,1.0,0.0
2026-07-31,2618.TW,長榮航,43.3,跳空、黃金交叉、週即將黃金交叉、趨勢突破,100.0,A強勢追蹤,1.16,>MA5,多頭,60.7,53.2,67.8,69.3,-0.0224,趨勢突破,1.37,done,signal_tracking_20260806.csv,11.0,1.15,2.54,-7.85,3.0,-3.0,3.0,-9.47,0.0,0.92,,3.0,-9.47,,,1.0,0.0
2026-07-31,2633.TW,台灣高鐵,26.3,黃金交叉,69.0,B可追蹤,0.12,>MA5,糾結,65.7,57.0,65.4,62.0,-0.0068,-,-,done,signal_tracking_20260806.csv,11.0,-1.52,-1.9,-1.52,-0.57,-2.47,-0.57,-2.66,0.0,-1.52,,-0.38,-2.66,,,0.0,0.0
2026-07-31,2646.TW,星宇航空,21.65,跳空,65.0,B可追蹤,1.04,>MA5,多頭,50.7,49.7,59.3,53.7,0.0046,-,-,done,signal_tracking_20260806.csv,11.0,-1.62,-1.62,-5.77,0.23,-3.23,0.23,-6.7,0.0,-1.39,,0.23,-6.7,,,0.0,0.0
2026-07-31,2801.TW,彰銀,24.8,黃金交叉,72.0,B可追蹤,1.24,>MA5,多頭,82.3,78.2,91.6,84.4,-0.0085,-,-,done,signal_tracking_20260806.csv,11.0,-4.64,-6.65,-5.04,1.3,-7.26,1.3,-7.26,0.0,-0.08,,1.3,-7.26,,,0.0,0.0
2026-07-31,2834.TW,臺企銀,18.2,跳空、即將黃金交叉,56.0,C觀察,0.73,>MA5,多頭,73.3,74.7,89.3,86.3,-0.0292,-,-,done,signal_tracking_20260806.csv,11.0,-7.97,-9.34,-10.44,-5.77,-9.89,-5.77,-10.71,0.0,-6.54,,-5.77,-10.71,,,0.0,0.0
2026-07-31,2845.TW,遠東銀,13.45,黃金交叉,84.0,A強勢追蹤,1.08,>MA5,多頭,57.8,51.4,84.2,74.8,-0.0254,-,-,done,signal_tracking_20260806.csv,11.0,-1.12,-1.86,-1.86,0.37,-2.23,0.37,-2.6,0.0,-0.74,,1.12,-2.6,,,0.0,0.0
2026-07-31,2850.TW,新產,161.0,週黃金交叉,76.0,A強勢追蹤,4.57,>MA5,多頭,75.5,69.5,72.2,69.5,1.2242,-,-,done,signal_tracking_20260806.csv,11.0,-2.17,1.24,-1.24,3.11,-4.97,3.11,-4.97,0.0,2.48,,3.11,-4.97,,,1.0,0.0
2026-07-31,2852.TW,第一保,27.0,週即將黃金交叉、MACD翻正、趨勢突破,100.0,A強勢追蹤,0.53,>MA5,糾結,77.1,69.6,41.8,42.1,0.0198,趨勢突破,3.54,done,signal_tracking_20260806.csv,11.0,-1.48,-0.56,-0.19,0.56,-1.85,0.56,-1.85,0.0,0.0,,1.48,-1.85,,,0.0,0.0
2026-07-31,2867.TW,三商壽,9.58,黃金交叉,100.0,A強勢追蹤,3.94,>MA5,多頭,70.6,68.4,87.2,81.1,0.021,-,-,done,signal_tracking_20260806.csv,11.0,1.98,2.4,1.77,4.38,0.73,4.38,-2.51,0.0,2.51,,4.38,-2.51,,,1.0,0.0
2026-07-31,2880.TW,華南金,42.65,黃金交叉,82.0,A強勢追蹤,3.78,>MA5,多頭,89.3,87.3,91.8,80.7,0.1106,-,-,done,signal_tracking_20260806.csv,11.0,1.68,3.07,-8.68,3.54,-2.5,4.12,-10.9,0.0,-0.06,,4.12,-10.9,,,1.0,0.0
2026-07-31,2881.TW,富邦金,130.0,跳空、黃金交叉、趨勢突破,100.0,A強勢追蹤,2.1,>MA5,多頭,61.4,57.0,69.9,73.3,-0.2723,趨勢突破,1.53,done,signal_tracking_20260806.csv,11.0,-0.38,-2.31,-0.38,1.92,-3.85,1.92,-3.85,0.0,-0.38,,1.92,-5.0,,,0.0,0.0
2026-07-31,2882.TW,國泰金,101.5,跳空、黃金交叉、MACD翻正、趨勢突破,100.0,A強勢追蹤,2.61,>MA5,多頭,57.3,49.9,52.6,60.6,0.1371,趨勢突破,1.88,done,signal_tracking_20260806.csv,11.0,-0.99,-2.07,0.0,0.49,-3.94,0.99,-3.94,0.0,-0.99,,0.99,-4.14,,,0.0,0.0
2026-07-31,2883.TW,凱基金,30.85,跳空、黃金交叉,82.0,A強勢追蹤,2.2,>MA5,糾結,50.9,48.1,90.4,87.4,-0.1775,-,-,done,signal_tracking_20260806.csv,11.0,2.43,0.0,2.59,2.92,-3.24,2.92,-3.24,0.0,-1.46,,2.92,-3.24,,,0.0,0.0
2026-07-31,2885.TW,元大金,68.1,漲幅達標、跳空,57.0,C觀察,2.38,>MA5,糾結,58.7,44.6,67.9,75.0,-0.1305,-,-,done,signal_tracking_20260806.csv,11.0,1.91,-0.59,2.35,3.96,-2.2,3.96,-2.2,0.0,-0.15,,3.96,-2.2,,,0.0,0.0
2026-07-31,2887.TW,台新新光金,35.95,漲幅達標、跳空、黃金交叉、趨勢突破,99.0,A強勢追蹤,2.95,>MA5,空頭,50.1,35.8,84.6,82.1,-0.3608,趨勢突破,1.54,done,signal_tracking_20260806.csv,11.0,-0.7,-2.23,5.01,0.97,-4.03,5.15,-4.03,0.0,-1.81,,5.15,-4.03,,,0.0,0.0
2026-07-31,2889.TW,國票金,15.65,黃金交叉,74.0,B可追蹤,1.08,>MA5,糾結,47.7,45.8,72.0,65.3,-0.0383,-,-,done,signal_tracking_20260806.csv,11.0,-1.92,-2.24,0.64,-0.0,-2.88,0.64,-3.19,0.0,-0.64,,0.64,-3.19,,,0.0,0.0
2026-07-31,2890.TW,永豐金,40.6,趨勢突破,68.0,B可追蹤,1.66,>MA5,空頭,54.9,43.4,81.5,77.6,-0.2683,趨勢突破,1.32,done,signal_tracking_20260806.csv,11.0,-2.59,-4.06,-0.12,-0.0,-4.68,0.86,-5.42,0.0,-1.35,,0.86,-5.42,,,0.0,0.0
2026-07-31,2892.TW,第一金,35.5,MACD翻正,63.0,C觀察,2.15,>MA5,多頭,85.2,81.3,93.2,86.9,0.0116,-,-,done,signal_tracking_20260806.csv,11.0,1.13,0.14,-6.06,2.68,-0.99,2.68,-8.59,0.0,1.27,,2.68,-8.59,,,1.0,0.0
2026-07-31,2915.TW,潤泰全,52.2,跳空、黃金交叉,65.0,B可追蹤,0.4,>MA5,空頭,48.5,40.5,78.6,74.5,-0.1248,-,-,done,signal_tracking_20260806.csv,11.0,-0.77,-0.57,13.98,1.15,-2.11,13.98,-2.11,0.0,0.57,,17.82,-2.11,,,0.0,0.0
2026-07-31,3005.TW,神基,114.0,跳空、黃金交叉,83.0,A強勢追蹤,2.4,>MA5,糾結,41.9,38.7,67.1,58.5,-0.4251,-,-,done,signal_tracking_20260806.csv,11.0,0.88,0.88,2.19,2.63,-1.32,3.07,-1.75,0.0,0.44,,9.65,-1.75,,,1.0,0.0
2026-07-31,3029.TW,零壹,109.5,漲幅達標、跳空、黃金交叉、MACD翻正、趨勢突破,100.0,A強勢追蹤,2.51,>MA5,糾結,53.6,44.9,49.1,41.1,0.1487,趨勢突破,4.66,done,signal_tracking_20260806.csv,11.0,-2.28,0.0,1.83,4.11,-5.48,4.11,-5.48,0.0,-5.02,,4.11,-5.48,,,0.0,0.0
2026-07-31,3034.TW,聯詠,519.0,趨勢突破,85.0,A強勢追蹤,-0.0,>MA5,糾結,70.2,65.2,42.9,51.6,1.8731,趨勢突破,1.72,done,signal_tracking_20260806.csv,11.0,5.97,4.43,-1.35,10.21,-1.73,10.21,-2.31,1.0,0.0,,10.21,-3.95,,,1.0,1.0
2026-07-31,3135.TW,凌航,153.0,漲幅達標、黃金交叉、趨勢突破,84.0,A強勢追蹤,-3.63,>MA5,糾結,47.2,45.4,19.5,31.0,0.7175,趨勢突破,0.68,done,signal_tracking_20260806.csv,11.0,15.36,9.8,7.19,23.53,0.33,23.53,0.33,1.0,4.58,,23.53,0.33,,,1.0,1.0
2026-07-31,3141.TWO,晶宏,65.8,漲幅達標、跳空、黃金交叉、趨勢突破,75.0,A強勢追蹤,-3.01,>MA5,空頭,49.4,41.6,40.8,55.0,-0.5283,趨勢突破,2.02,done,signal_tracking_20260806.csv,11.0,13.07,20.06,9.12,26.9,0.61,26.9,0.61,1.0,7.14,,26.9,0.61,,,1.0,1.0
2026-07-31,3209.TW,全科,55.8,跳空、黃金交叉、趨勢突破,66.0,B可追蹤,-1.79,>MA5,空頭,37.2,34.4,18.1,28.2,-0.1333,趨勢突破,0.92,done,signal_tracking_20260806.csv,11.0,5.2,3.23,-5.38,7.89,-2.15,7.89,-5.73,1.0,-0.54,,7.89,-6.81,,,1.0,1.0
2026-07-31,3231.TW,緯創,176.0,漲幅達標、黃金交叉、週黃金交叉,100.0,A強勢追蹤,2.56,>MA5,多頭,68.5,67.6,46.3,42.3,2.102,-,-,done,signal_tracking_20260806.csv,11.0,9.66,4.26,9.94,15.06,-3.69,17.05,-3.69,1.0,5.68,,17.05,-3.69,,,1.0,1.0
2026-07-31,3260.TWO,威剛,398.5,週黃金交叉,66.0,B可追蹤,0.5,>MA5,糾結,67.9,61.6,32.2,32.2,1.6837,-,-,done,signal_tracking_20260806.csv,11.0,-0.63,4.39,0.88,9.66,-3.51,9.66,-3.51,1.0,-1.76,,9.66,-3.51,,,1.0,1.0
2026-07-31,3293.TWO,鈊象,776.0,跳空、週黃金交叉,69.0,B可追蹤,1.46,>MA5,糾結,78.0,68.0,38.3,37.6,6.367,-,-,done,signal_tracking_20260806.csv,11.0,0.13,2.96,-3.35,3.74,-1.93,3.87,-3.35,0.0,-0.64,,3.87,-6.19,,,1.0,0.0
2026-07-31,3441.TWO,聯一光,84.0,漲幅達標,60.0,C觀察,8.19,>MA5,多頭,70.2,61.1,60.3,65.3,1.373,-,-,done,signal_tracking_20260806.csv,11.0,1.67,0.48,-0.24,14.05,-3.21,14.05,-7.26,0.0,10.0,,14.05,-7.26,,,1.0,0.0
2026-07-31,3520.TWO,華盈,18.45,週黃金交叉,77.0,A強勢追蹤,0.69,>MA5,多頭,71.9,64.0,54.7,50.7,0.1187,-,-,done,signal_tracking_20260806.csv,11.0,-1.08,-0.54,-1.36,6.78,-6.23,6.78,-6.23,0.0,-0.81,,6.78,-6.23,,,0.0,0.0
2026-07-31,3529.TWO,力旺,2475.0,漲幅達標、跳空、黃金交叉、週黃金交叉、MACD翻正,59.0,C觀察,-3.34,>MA5,空頭,43.4,37.2,17.2,16.2,14.7539,-,-,done,signal_tracking_20260806.csv,11.0,6.26,10.1,7.27,12.32,-5.86,21.01,-5.86,0.0,-3.43,,21.01,-5.86,,,1.0,0.0
2026-07-31,3543.TW,州巧,30.05,漲幅達標、週黃金交叉、MACD翻正、趨勢突破,86.0,A強勢追蹤,2.39,>MA5,空頭,41.4,22.7,19.3,15.3,0.0508,趨勢突破,2.81,done,signal_tracking_20260806.csv,11.0,10.82,19.8,33.44,29.28,6.99,38.6,6.99,1.0,9.82,,46.76,6.99,,,1.0,1.0
2026-07-31,4904.TW,遠傳,105.5,週黃金交叉,58.0,C觀察,1.15,MA5~10,多頭,71.6,75.3,57.6,57.5,0.6575,-,-,done,signal_tracking_20260806.csv,11.0,-4.27,-2.37,-6.16,-0.47,-5.31,-0.47,-7.01,0.0,-1.9,,-0.47,-7.01,,,0.0,0.0
2026-07-31,4915.TW,致伸,65.4,跳空、MACD翻正、趨勢突破,77.0,A強勢追蹤,-0.35,>MA5,空頭,43.2,34.5,22.2,30.9,0.071,趨勢突破,1.8,done,signal_tracking_20260806.csv,11.0,-2.6,-9.02,-6.88,-0.15,-9.02,-0.15,-9.48,0.0,-1.22,,-0.15,-9.48,,,0.0,0.0
2026-07-31,4967.TW,十銓,233.5,漲幅達標、跳空、趨勢突破,69.0,B可追蹤,-0.2,>MA5,糾結,70.3,57.4,23.0,27.6,1.9856,趨勢突破,1.64,done,signal_tracking_20260806.csv,11.0,13.7,19.91,17.77,23.55,-1.5,23.55,-1.5,1.0,2.78,,23.55,-1.5,,,1.0,1.0
2026-07-31,5471.TW,松翰,51.4,漲幅達標、跳空、黃金交叉、趨勢突破,57.0,C觀察,-5.05,>MA5,空頭,23.3,20.7,48.0,62.9,-1.4038,趨勢突破,1.58,done,signal_tracking_20260806.csv,11.0,7.0,6.61,13.81,10.51,-0.97,16.15,-0.97,1.0,6.03,,17.51,-0.97,,,1.0,1.0
2026-07-31,5490.TWO,同亨,33.05,即將黃金交叉、週黃金交叉,81.0,A強勢追蹤,4.05,>MA5,多頭,62.5,62.9,61.0,57.5,0.1268,-,-,done,signal_tracking_20260806.csv,11.0,-3.18,-7.11,-5.75,9.98,-7.11,9.98,-9.08,0.0,7.11,,9.98,-9.08,,,0.0,0.0
2026-07-31,5904.TWO,寶雅,720.0,週即將黃金交叉、MACD翻正,74.0,B可追蹤,4.7,>MA5,糾結,66.7,50.7,65.7,68.4,1.7952,-,-,資料異常,signal_tracking_20260806.csv,3.0,-90.0,,,-90.0,-90.0,-90.0,-90.0,0.0,-90.0,,-90.0,-90.0,,,,
2026-07-31,6026.TWO,福邦證,14.1,跳空、黃金交叉、趨勢突破,58.0,C觀察,-2.38,>MA5,空頭,31.1,23.7,17.5,28.8,-0.0505,趨勢突破,0.93,done,signal_tracking_20260806.csv,11.0,0.35,0.0,3.9,1.42,-2.13,5.67,-2.13,0.0,-0.71,,5.67,-2.13,,,0.0,0.0
2026-07-31,6146.TWO,耕興,192.5,跳空、黃金交叉、MACD翻正、趨勢突破,100.0,A強勢追蹤,0.43,>MA5,空頭,43.4,36.7,16.2,21.1,0.249,趨勢突破,4.74,done,signal_tracking_20260806.csv,11.0,0.78,-2.34,0.78,1.04,-2.86,1.3,-2.86,0.0,-0.78,,1.3,-2.86,,,0.0,0.0
2026-07-31,6214.TW,精誠,154.0,漲幅達標、跳空、週黃金交叉,95.0,A強勢追蹤,5.36,>MA5,多頭,81.0,72.7,53.8,50.8,1.008,-,-,done,signal_tracking_20260806.csv,11.0,-0.65,-4.87,11.69,-0.32,-9.09,11.69,-9.09,0.0,-3.57,,16.56,-9.09,,,0.0,0.0
2026-07-31,6279.TWO,胡連,116.0,跳空、黃金交叉、趨勢突破,92.0,A強勢追蹤,-0.38,>MA5,空頭,40.9,36.8,38.5,49.4,-0.4928,趨勢突破,4.99,done,signal_tracking_20260806.csv,11.0,2.59,9.05,9.91,9.48,-0.43,12.93,-0.43,1.0,1.29,,12.93,-0.43,,,1.0,1.0
2026-07-31,6533.TW,晶心科,222.0,漲幅達標、跳空、黃金交叉,72.0,B可追蹤,2.48,>MA5,糾結,36.9,32.5,39.0,30.3,-0.8257,-,-,done,signal_tracking_20260806.csv,11.0,2.93,15.32,11.04,15.32,0.0,17.57,0.0,1.0,4.28,,17.57,0.0,,,1.0,1.0
2026-07-31,6588.TWO,東典光電,81.0,週黃金交叉,57.0,C觀察,1.05,MA5~10,糾結,63.3,62.9,16.5,14.3,2.5991,-,-,done,signal_tracking_20260806.csv,11.0,16.05,10.86,14.94,27.78,5.56,27.78,5.56,1.0,7.16,,27.78,5.56,,,1.0,1.0
2026-07-31,6603.TWO,富強鑫,26.15,趨勢突破,64.0,C觀察,2.58,>MA5,糾結,70.5,63.9,61.4,51.8,0.0695,趨勢突破,1.18,done,signal_tracking_20260806.csv,11.0,2.29,-0.57,7.07,4.02,-4.4,12.81,-4.4,0.0,0.57,,16.63,-4.4,,,0.0,0.0
2026-07-31,6620.TWO,漢達,96.3,漲幅達標、跳空、週黃金交叉,62.0,C觀察,2.17,>MA5,糾結,58.6,39.5,60.2,59.4,-0.4236,-,-,done,signal_tracking_20260806.csv,11.0,-7.27,-12.25,-19.63,-4.98,-13.5,-4.98,-23.16,0.0,-12.46,,-4.98,-23.16,,,0.0,0.0
2026-07-31,6757.TW,台灣虎航,57.4,趨勢突破,68.0,B可追蹤,0.02,>MA5,空頭,44.8,33.4,39.3,47.5,-0.2425,趨勢突破,1.57,done,signal_tracking_20260806.csv,11.0,-1.22,0.0,-4.53,0.35,-3.14,0.35,-7.14,0.0,-1.57,,0.35,-7.14,,,0.0,0.0
2026-07-31,6919.TW,康霈*,103.0,黃金交叉、週黃金交叉,59.0,C觀察,1.6,>MA5,空頭,29.0,25.9,44.9,44.3,-0.5651,-,-,done,signal_tracking_20260806.csv,11.0,5.34,1.94,0.97,7.77,-0.97,9.71,-0.97,0.0,6.31,,9.71,-0.97,,,1.0,0.0
2026-07-31,8070.TW,長華*,45.65,漲幅達標、跳空、黃金交叉、趨勢突破,55.0,C觀察,-4.98,>MA5,空頭,25.8,19.6,28.6,41.0,-0.6217,趨勢突破,0.95,done,signal_tracking_20260806.csv,11.0,3.5,3.72,8.76,6.24,-1.75,12.6,-1.75,1.0,2.96,,13.03,-1.75,,,1.0,1.0
2026-07-31,8271.TW,宇瞻,204.0,週黃金交叉,61.0,C觀察,2.09,MA5~10,多頭,71.8,73.8,33.9,33.5,3.7551,-,-,done,signal_tracking_20260806.csv,11.0,11.27,15.44,14.22,22.3,4.41,22.3,4.41,1.0,7.6,,22.3,4.41,,,1.0,1.0
2026-07-31,8421.TWO,旭源,15.4,跳空、黃金交叉,79.0,A強勢追蹤,4.17,>MA5,糾結,44.0,36.7,50.1,45.9,-0.0924,-,-,done,signal_tracking_20260806.csv,11.0,-9.61,-3.96,-12.34,-1.45,-12.12,-1.45,-12.99,0.0,-2.7,,-1.45,-15.91,,,0.0,0.0
2026-07-31,8936.TWO,國統,51.8,跳空、黃金交叉、趨勢突破,68.0,B可追蹤,-2.66,>MA5,空頭,29.5,25.2,25.8,37.5,-0.2983,趨勢突破,0.84,done,signal_tracking_20260806.csv,11.0,0.58,1.74,-2.12,1.74,-1.35,2.12,-2.32,0.0,-0.77,,2.12,-2.7,,,1.0,0.0
2026-07-31,9105.TW,泰金寶-DR,8.12,漲幅達標、跳空、黃金交叉、趨勢突破,55.0,C觀察,-3.49,>MA5,空頭,32.6,31.6,27.1,38.7,-0.1152,趨勢突破,1.06,done,signal_tracking_20260806.csv,11.0,1.11,-0.49,6.03,5.42,-1.97,7.14,-1.97,0.0,1.85,,11.95,-1.97,,,0.0,0.0
2026-07-31,9907.TW,統一實,15.35,週黃金交叉,70.0,B可追蹤,0.14,>MA5,糾結,68.1,56.6,16.8,15.8,0.0564,-,-,done,signal_tracking_20260806.csv,11.0,-5.21,-4.89,-3.26,-1.3,-6.51,-1.3,-6.51,0.0,-1.95,,-1.3,-6.51,,,0.0,0.0
2026-07-31,9945.TW,潤泰新,26.7,黃金交叉,74.0,B可追蹤,0.47,>MA5,糾結,50.9,48.5,68.5,64.5,-0.0319,-,-,done,signal_tracking_20260806.csv,11.0,-1.12,0.19,11.61,1.87,-1.87,11.61,-1.87,0.0,0.94,,15.54,-1.87,,,1.0,0.0
2026-08-03,1447.TW,力鵬,6.89,黃金交叉、趨勢突破,58.0,C觀察,-7.39,>MA5,空頭,15.4,13.2,34.9,48.0,-0.2163,趨勢突破,0.6,done,signal_tracking_20260806.csv,10.0,4.21,4.06,-2.03,7.4,-2.32,7.4,-2.32,1.0,-0.58,,7.4,-2.32,,,1.0,1.0
2026-08-03,1504.TW,東元,65.3,黃金交叉、週即將黃金交叉、趨勢突破,83.0,A強勢追蹤,-2.81,>MA5,空頭,38.1,34.1,24.7,25.8,-0.2032,趨勢突破,0.47,done,signal_tracking_20260806.csv,10.0,2.14,2.91,10.11,3.83,-1.84,13.02,-1.84,0.0,0.15,,13.02,-1.84,,,1.0,0.0
2026-08-03,2027.TW,大成鋼,44.45,黃金交叉,85.0,A強勢追蹤,1.55,>MA5,糾結,65.7,65.6,68.6,62.3,0.2464,-,-,done,signal_tracking_20260806.csv,10.0,3.71,6.41,12.49,7.54,-1.8,15.86,-1.8,1.0,-0.45,,15.86,-1.8,,,1.0,1.0
2026-08-03,2049.TW,上銀,332.0,漲幅達標、週黃金交叉、MACD翻正、趨勢突破,80.0,A強勢追蹤,-1.04,>MA5,空頭,54.8,40.9,33.2,28.9,0.4697,趨勢突破,1.89,done,signal_tracking_20260806.csv,10.0,9.04,16.57,14.91,19.88,-1.36,21.84,-1.36,1.0,0.0,,21.84,-1.36,,,1.0,1.0
2026-08-03,2317.TW,鴻海,253.0,黃金交叉、週黃金交叉,100.0,A強勢追蹤,0.95,>MA5,糾結,58.1,52.0,33.7,31.7,1.2115,-,-,done,signal_tracking_20260806.csv,10.0,4.55,4.55,0.79,5.53,-2.77,8.5,-2.77,1.0,-1.19,,8.5,-2.77,,,1.0,1.0
2026-08-03,2356.TW,英業達,63.9,MACD翻正、趨勢突破,66.0,B可追蹤,-0.69,>MA5,空頭,57.4,46.7,34.6,39.4,0.0552,趨勢突破,1.02,done,signal_tracking_20260806.csv,10.0,2.5,3.29,4.38,5.63,-1.56,15.02,-1.56,1.0,3.29,,15.02,-1.56,,,1.0,1.0
2026-08-03,2362.TW,藍天,44.75,黃金交叉、週即將黃金交叉、MACD翻正、趨勢突破,100.0,A強勢追蹤,0.3,>MA5,糾結,55.1,54.1,32.7,35.6,0.1258,趨勢突破,1.65,done,signal_tracking_20260806.csv,10.0,14.19,4.58,8.38,15.75,-2.46,15.75,-2.46,1.0,-0.11,,15.75,-2.46,,,1.0,1.0
2026-08-03,2383.TW,台光電,4980.0,跳空、趨勢突破,55.0,C觀察,-0.85,>MA5,空頭,53.0,43.3,42.1,49.3,-13.7954,趨勢突破,1.56,done,signal_tracking_20260806.csv,10.0,6.53,6.22,27.51,10.64,-2.11,29.42,-2.11,1.0,3.21,,29.42,-2.11,,,1.0,1.0
2026-08-03,2388.TW,威盛,75.9,漲幅達標、黃金交叉、週黃金交叉、MACD翻正、趨勢突破,100.0,A強勢追蹤,1.84,>MA5,空頭,60.3,54.3,38.8,36.7,0.0216,趨勢突破,1.21,done,signal_tracking_20260806.csv,10.0,4.61,6.32,4.48,11.59,-1.98,11.59,-1.98,1.0,5.8,,11.59,-1.98,,,1.0,1.0
2026-08-03,2395.TW,研華,576.0,即將黃金交叉、週即將黃金交叉,62.0,C觀察,2.36,>MA5,糾結,50.6,53.4,71.7,71.8,-1.1611,-,-,done,signal_tracking_20260806.csv,10.0,7.99,15.8,17.01,20.66,-2.08,23.09,-2.08,1.0,0.0,,23.09,-2.08,,,1.0,1.0
2026-08-03,2425.TW,承啟,48.3,MACD翻正,79.0,A強勢追蹤,4.18,>MA5,多頭,68.7,60.4,84.4,77.9,0.146,-,-,done,signal_tracking_20260806.csv,10.0,-0.31,2.59,-21.22,9.52,-3.73,9.52,-21.22,1.0,3.93,,9.52,-21.22,,,1.0,1.0
2026-08-03,2454.TW,聯發科,3910.0,漲幅達標、跳空、MACD翻正、趨勢突破,74.0,B可追蹤,0.55,>MA5,空頭,53.6,42.2,41.3,46.1,7.0932,趨勢突破,0.75,done,signal_tracking_20260806.csv,10.0,0.26,1.28,3.58,5.5,-2.81,12.53,-2.81,0.0,-1.15,,12.53,-2.81,,,1.0,0.0
2026-08-03,2603.TW,長榮,207.5,黃金交叉、週黃金交叉,100.0,A強勢追蹤,1.6,>MA5,糾結,65.0,60.0,40.3,36.7,1.0533,-,-,done,signal_tracking_20260806.csv,10.0,-1.69,3.13,11.57,3.61,-2.65,11.81,-2.65,0.0,-0.72,,11.81,-2.65,,,1.0,0.0
2026-08-03,2606.TW,裕民,63.0,黃金交叉、週即將黃金交叉、MACD翻正,87.0,A強勢追蹤,0.34,>MA5,空頭,45.3,43.6,30.4,31.7,0.0428,-,-,done,signal_tracking_20260806.csv,10.0,2.22,6.03,8.41,7.14,-0.79,9.05,-0.79,1.0,0.63,,9.05,-0.79,,,1.0,1.0
2026-08-03,2615.TW,萬海,86.1,即將黃金交叉,63.0,C觀察,2.0,>MA5,糾結,61.2,61.3,72.5,66.6,0.3081,-,-,done,signal_tracking_20260806.csv,10.0,-2.09,1.63,15.68,2.67,-2.67,15.68,-2.67,0.0,-0.0,,15.68,-2.67,,,1.0,0.0
2026-08-03,2618.TW,長榮航,43.7,週黃金交叉,80.0,A強勢追蹤,0.97,>MA5,多頭,72.5,59.7,72.2,71.9,0.0953,-,-,done,signal_tracking_20260806.csv,10.0,-1.03,-2.4,-4.35,2.06,-5.03,2.06,-10.3,0.0,0.23,,2.06,-10.3,,,0.0,0.0
2026-08-03,2637.TW,慧洋-KY,83.0,黃金交叉、週黃金交叉、趨勢突破,100.0,A強勢追蹤,1.43,>MA5,空頭,43.4,41.4,61.2,59.1,-0.3405,趨勢突破,1.18,done,signal_tracking_20260806.csv,10.0,3.01,6.14,4.82,6.87,-2.17,6.99,-2.17,1.0,1.08,,6.99,-2.17,,,1.0,1.0
2026-08-03,2885.TW,元大金,68.0,MACD翻正,57.0,C觀察,1.0,>MA5,糾結,67.8,52.4,67.1,72.5,0.1337,-,-,done,signal_tracking_20260806.csv,10.0,-1.32,0.29,0.44,4.12,-1.32,4.12,-1.32,0.0,1.47,,4.12,-1.32,,,1.0,0.0
2026-08-03,3006.TW,晶豪科,198.0,漲幅達標、跳空、黃金交叉、趨勢突破,67.0,B可追蹤,-2.79,>MA5,空頭,36.3,29.9,29.7,35.7,-2.6508,趨勢突破,0.81,done,signal_tracking_20260806.csv,10.0,30.3,39.14,37.88,42.17,4.8,44.19,4.8,1.0,9.85,,44.19,4.8,,,1.0,1.0
2026-08-03,3017.TW,奇鋐,2550.0,漲幅達標、跳空、黃金交叉、週黃金交叉、MACD翻正、趨勢突破,100.0,A強勢追蹤,0.84,>MA5,糾結,63.6,53.1,44.3,37.0,21.325,趨勢突破,1.24,done,signal_tracking_20260806.csv,10.0,15.29,8.43,23.53,16.27,0.39,30.2,0.39,1.0,1.96,,30.2,0.39,,,1.0,1.0
2026-08-03,3033.TW,威健,46.7,黃金交叉、趨勢突破,57.0,C觀察,-2.38,>MA5,空頭,28.1,22.6,32.3,45.0,-0.6875,趨勢突破,0.76,done,signal_tracking_20260806.csv,10.0,2.46,5.67,0.0,6.75,-1.5,13.06,-1.5,1.0,3.21,,13.06,-1.5,,,1.0,1.0
2026-08-03,3036.TW,文曄,204.5,黃金交叉、週即將黃金交叉、趨勢突破,81.0,A強勢追蹤,-1.04,>MA5,空頭,53.7,44.3,21.0,21.6,1.4849,趨勢突破,1.11,done,signal_tracking_20260806.csv,10.0,14.18,11.98,-0.24,15.16,-2.44,15.16,-2.44,1.0,3.91,,15.16,-2.44,,,1.0,1.0
2026-08-03,3229.TW,晟鈦,47.45,漲幅達標、跳空、週黃金交叉、趨勢突破,100.0,A強勢追蹤,7.56,>MA5,多頭,61.2,46.8,46.5,42.3,0.7041,趨勢突破,3.8,done,signal_tracking_20260806.csv,10.0,-3.06,7.27,14.23,7.27,-10.33,18.02,-10.33,0.0,0.63,,18.02,-10.33,,,1.0,0.0
2026-08-03,3231.TW,緯創,186.0,趨勢突破,90.0,A強勢追蹤,4.87,>MA5,多頭,77.2,71.3,62.5,47.9,2.8216,趨勢突破,1.44,done,signal_tracking_20260806.csv,10.0,1.88,3.76,0.54,8.87,-2.96,10.75,-2.96,1.0,4.84,,10.75,-2.96,,,1.0,1.0
2026-08-03,3324.TWO,雙鴻,944.0,跳空、黃金交叉、週黃金交叉、趨勢突破,100.0,A強勢追蹤,-0.84,>MA5,空頭,49.3,44.1,28.2,25.6,5.2278,趨勢突破,1.39,done,signal_tracking_20260806.csv,10.0,12.29,6.99,6.46,14.41,-0.53,14.41,-0.53,1.0,0.0,,14.41,-0.53,,,1.0,1.0
2026-08-03,3362.TWO,先進光,180.0,MACD翻正、趨勢突破,100.0,A強勢追蹤,3.79,>MA5,糾結,64.4,52.3,55.8,61.8,0.892,趨勢突破,0.92,done,signal_tracking_20260806.csv,10.0,-2.22,-1.11,-0.83,9.17,-4.72,9.17,-5.28,0.0,-0.28,,9.17,-5.28,,,0.0,0.0
2026-08-03,3441.TWO,聯一光,92.4,漲幅達標、週黃金交叉,69.0,B可追蹤,10.43,>MA5,多頭,80.2,67.5,71.1,68.6,2.2053,-,-,done,signal_tracking_20260806.csv,10.0,-4.33,-13.96,-5.41,3.68,-14.5,3.68,-15.69,0.0,-3.03,,3.68,-15.69,,,0.0,0.0
2026-08-03,3443.TW,創意,4185.0,漲幅達標、跳空、黃金交叉、週黃金交叉、趨勢突破,78.0,A強勢追蹤,-0.95,>MA5,空頭,48.6,40.4,34.0,33.9,-8.9001,趨勢突破,0.66,done,signal_tracking_20260806.csv,10.0,7.05,8.24,39.78,15.05,-2.39,43.13,-2.39,1.0,-0.96,,43.13,-2.39,,,1.0,1.0
2026-08-03,3504.TW,揚明光,75.3,漲幅達標、趨勢突破,84.0,A強勢追蹤,3.02,>MA5,糾結,59.7,42.4,31.2,37.6,0.8786,趨勢突破,1.13,done,signal_tracking_20260806.csv,10.0,2.39,-1.86,4.91,7.44,-2.79,7.44,-3.05,0.0,3.85,,7.44,-3.05,,,0.0,0.0
2026-08-03,3533.TW,嘉澤,2005.0,漲幅達標、跳空、黃金交叉、週黃金交叉、MACD翻正,67.0,B可追蹤,-0.57,>MA5,空頭,42.9,37.7,26.7,19.7,6.4646,-,-,done,signal_tracking_20260806.csv,10.0,-1.75,-2.24,-15.21,2.24,-5.24,2.24,-16.96,0.0,0.25,,2.24,-16.96,,,0.0,0.0
2026-08-03,3653.TW,健策,3770.0,漲幅達標、跳空、黃金交叉、趨勢突破,100.0,A強勢追蹤,4.09,>MA5,糾結,57.7,50.7,42.7,34.5,39.4474,趨勢突破,1.3,done,signal_tracking_20260806.csv,10.0,18.04,9.68,41.64,22.02,-1.59,41.64,-1.59,1.0,9.95,,41.64,-1.59,,,1.0,1.0
2026-08-03,3702.TW,大聯大,116.0,黃金交叉,70.0,B可追蹤,1.26,>MA5,糾結,49.7,45.5,51.4,45.0,-0.1961,-,-,done,signal_tracking_20260806.csv,10.0,8.19,12.07,-4.31,12.5,-2.16,12.5,-5.6,1.0,1.29,,12.5,-5.6,,,1.0,1.0
2026-08-03,4123.TWO,晟德,38.5,黃金交叉、週黃金交叉、趨勢突破,83.0,A強勢追蹤,-0.58,>MA5,空頭,60.8,59.1,38.2,35.5,-0.0039,趨勢突破,1.51,done,signal_tracking_20260806.csv,10.0,-4.13,-2.53,-17.27,-2.28,-4.63,-2.28,-17.79,0.0,-3.64,,-2.28,-17.79,,,0.0,0.0
2026-08-03,4908.TWO,前鼎,141.0,跳空、黃金交叉、週即將黃金交叉、MACD翻正、趨勢突破,88.0,A強勢追蹤,-4.22,>MA5,空頭,40.4,33.2,15.2,17.4,0.9667,趨勢突破,0.82,done,signal_tracking_20260806.csv,10.0,11.35,9.93,15.96,22.7,0.0,22.7,0.0,1.0,6.74,,22.7,0.0,,,1.0,1.0
2026-08-03,4931.TWO,新盛力,191.0,漲幅達標、黃金交叉、趨勢突破,55.0,C觀察,-7.07,>MA5,空頭,29.9,24.6,29.4,42.5,-3.7479,趨勢突破,0.97,done,signal_tracking_20260806.csv,10.0,14.4,24.61,41.1,24.61,-0.52,42.15,-0.52,1.0,2.62,,42.15,-0.52,,,1.0,1.0
2026-08-03,4967.TW,十銓,240.0,週黃金交叉,59.0,C觀察,0.15,>MA5,糾結,79.2,65.1,30.3,28.1,3.4267,-,-,done,signal_tracking_20260806.csv,10.0,16.67,16.87,9.79,20.21,3.33,20.21,3.33,1.0,6.88,,20.21,3.33,,,1.0,1.0
2026-08-03,4973.TWO,廣穎,139.0,漲幅達標、黃金交叉、趨勢突破,65.0,B可追蹤,-3.98,>MA5,空頭,34.2,25.6,31.2,46.9,-1.534,趨勢突破,1.28,done,signal_tracking_20260806.csv,10.0,16.91,16.55,10.43,18.71,-2.52,21.22,-2.52,1.0,3.6,,21.22,-2.52,,,1.0,1.0
2026-08-03,5009.TWO,榮剛,32.65,黃金交叉、趨勢突破,57.0,C觀察,-1.79,>MA5,空頭,30.3,25.7,24.8,30.5,-0.13,趨勢突破,0.4,done,signal_tracking_20260806.csv,10.0,-0.46,2.45,0.92,2.91,-0.92,3.83,-0.92,0.0,1.38,,3.83,-0.92,,,1.0,0.0
2026-08-03,5388.TW,中磊,87.4,即將黃金交叉、週黃金交叉,57.0,C觀察,0.85,>MA5,糾結,35.7,37.2,49.2,46.5,-0.291,-,-,done,signal_tracking_20260806.csv,10.0,5.03,7.09,-9.27,8.7,-1.26,8.7,-9.73,1.0,2.06,,8.7,-9.73,,,1.0,1.0
2026-08-03,5521.TW,工信,10.15,黃金交叉、週黃金交叉、趨勢突破,100.0,A強勢追蹤,-1.32,>MA5,空頭,36.1,28.9,22.8,22.1,-0.0259,趨勢突破,1.21,done,signal_tracking_20260806.csv,10.0,-0.0,1.97,7.88,2.46,-1.48,8.87,-1.48,0.0,0.99,,8.87,-1.48,,,1.0,0.0
2026-08-03,6005.TW,群益證,34.55,MACD翻正、趨勢突破,70.0,B可追蹤,-2.53,>MA5,空頭,52.1,46.0,28.0,39.9,0.0402,趨勢突破,0.75,done,signal_tracking_20260806.csv,10.0,-11.58,-13.5,-11.58,-8.13,-14.78,-8.13,-14.78,0.0,-10.81,,-8.13,-14.78,,,0.0,0.0
2026-08-03,6176.TW,瑞儀,86.2,黃金交叉、週黃金交叉、MACD翻正,88.0,A強勢追蹤,-1.44,>MA5,空頭,43.3,41.3,21.1,18.4,0.0124,-,-,tracking,signal_tracking_20260806.csv,9.0,30.39,27.3,,35.5,26.99,35.5,25.29,1.0,34.73,,35.5,25.29,,,1.0,1.0
2026-08-03,6206.TW,飛捷,133.5,黃金交叉、週即將黃金交叉、MACD翻正,87.0,A強勢追蹤,1.72,>MA5,空頭,53.6,47.3,50.5,50.7,0.5044,-,-,done,signal_tracking_20260806.csv,10.0,8.24,18.35,10.11,18.35,-1.12,19.1,-1.12,1.0,4.87,,19.1,-1.12,,,1.0,1.0
2026-08-03,6274.TWO,台燿,1220.0,漲幅達標、跳空、黃金交叉、趨勢突破,55.0,C觀察,-5.27,>MA5,空頭,36.4,29.1,30.7,42.9,-15.0226,趨勢突破,0.2,done,signal_tracking_20260806.csv,10.0,25.41,19.67,31.15,26.23,2.05,41.8,2.05,1.0,9.84,,41.8,2.05,,,1.0,1.0
2026-08-03,6285.TW,啟碁,239.0,漲幅達標、黃金交叉、週即將黃金交叉,55.0,C觀察,-2.26,>MA5,空頭,41.3,37.8,29.2,31.2,-1.8303,-,-,done,signal_tracking_20260806.csv,10.0,3.35,7.11,1.67,10.46,-3.56,10.46,-3.56,1.0,5.65,,10.46,-3.56,,,1.0,1.0
2026-08-03,6533.TW,晶心科,231.5,MACD翻正,65.0,B可追蹤,4.85,>MA5,糾結,51.5,38.7,50.5,36.4,0.4668,-,-,done,signal_tracking_20260806.csv,10.0,0.65,7.99,5.18,12.74,-3.89,12.74,-3.89,1.0,-2.59,,12.74,-3.89,,,1.0,1.0
2026-08-03,6669.TW,緯穎,5925.0,漲幅達標、跳空、黃金交叉,87.0,A強勢追蹤,4.37,>MA5,糾結,67.6,61.2,75.3,64.1,45.813,-,-,done,signal_tracking_20260806.csv,10.0,5.74,1.43,11.73,8.02,-2.11,13.76,-2.11,0.0,4.73,,13.76,-2.11,,,1.0,0.0
2026-08-03,6919.TW,康霈*,109.5,趨勢突破,63.0,C觀察,3.41,>MA5,糾結,55.9,38.0,52.0,44.6,-0.0043,趨勢突破,1.42,done,signal_tracking_20260806.csv,10.0,-1.83,1.37,-6.39,2.28,-5.94,3.2,-6.85,0.0,-1.37,,3.2,-6.85,,,1.0,0.0
2026-08-03,8086.TWO,宏捷科,115.5,黃金交叉、趨勢突破,65.0,B可追蹤,-5.12,>MA5,空頭,36.2,30.7,16.7,19.7,-0.4098,趨勢突破,0.82,done,signal_tracking_20260806.csv,10.0,6.93,2.16,4.33,12.12,-3.46,12.12,-3.46,1.0,6.06,,12.12,-3.46,,,1.0,1.0
2026-08-03,8114.TW,振樺電,215.0,漲幅達標、週黃金交叉、MACD翻正,60.0,C觀察,1.07,>MA5,糾結,36.7,42.9,36.0,32.6,0.2654,-,-,done,signal_tracking_20260806.csv,10.0,4.88,3.95,-5.35,10.0,-1.4,10.0,-6.05,1.0,4.19,,10.0,-6.05,,,1.0,1.0
2026-08-03,8422.TW,可寧衛*,26.8,漲幅達標、黃金交叉、MACD翻正、趨勢突破,71.0,B可追蹤,-0.36,>MA5,空頭,48.2,32.7,24.4,27.6,0.0014,趨勢突破,1.26,done,signal_tracking_20260806.csv,10.0,-2.43,-0.0,-1.31,0.19,-3.92,1.49,-3.92,0.0,-2.05,,1.49,-3.92,,,0.0,0.0
2026-08-06,1319.TW,東陽,76.5,雙跳空、單跳空,64.0,C觀察,1.57,>MA5,糾結,,,,,,,,tracking,signal_tracking_20260807.csv,7.0,3.01,3.53,,3.92,-0.92,12.42,-0.92,0.0,0.26,,12.42,-0.92,買,4239.3,1.0,0.0
2026-08-06,1476.TW,儒鴻,355.0,周1K,58.0,C觀察,1.84,>MA5,多頭,,,,,,,,tracking,signal_tracking_20260807.csv,7.0,-6.48,-8.03,,2.25,-9.58,2.25,-11.13,0.0,-2.25,,2.25,-11.13,買,1462.0,0.0,0.0
2026-08-06,1504.TW,東元,66.1,單跳空、廣義上升三法,60.0,C觀察,1.65,>MA5,糾結,,,,,,,,tracking,signal_tracking_20260807.csv,7.0,1.97,6.51,,8.02,-0.45,11.65,-0.45,1.0,-0.15,,11.65,-0.45,買,3164.4,1.0,1.0
2026-08-06,1513.TW,中興電,159.5,單跳空、周1K,60.0,C觀察,0.76,>MA5,糾結,,,,,,,,tracking,signal_tracking_20260807.csv,7.0,0.63,7.21,,10.97,-1.57,10.97,-1.57,1.0,-1.25,,10.97,-1.57,買,1175.1,1.0,1.0
2026-08-06,1522.TW,堤維西,29.75,廣義上升三法,55.0,C觀察,2.01,>MA5,糾結,,,,,,,,tracking,signal_tracking_20260807.csv,7.0,-5.04,-6.05,,-1.18,-7.56,-1.18,-7.56,0.0,-5.88,,-1.18,-7.56,買,1086.1,0.0,0.0
2026-08-06,1526.TW,日馳,19.15,廣義上升三法、漲停、漲幅達標、周1K,100.0,A強勢追蹤,6.51,>MA5,多頭,,,,,,,,tracking,signal_tracking_20260807.csv,7.0,-0.78,-8.09,,1.57,-8.36,1.57,-11.23,0.0,-4.7,,1.57,-11.23,買,1773.2,0.0,0.0
2026-08-06,1590.TW,亞德客-KY,1510.0,周1K,61.0,C觀察,4.85,>MA5,多頭,,,,,,,,tracking,signal_tracking_20260807.csv,7.0,3.31,-2.65,,6.95,-3.64,6.95,-4.64,0.0,2.32,,6.95,-4.64,買,1270.1,0.0,0.0
2026-08-06,1595.TWO,川寶,62.5,三白兵、雙跳空、單跳空,81.0,A強勢追蹤,4.53,>MA5,糾結,,,,,,,,tracking,signal_tracking_20260807.csv,7.0,2.08,5.44,,13.28,-3.84,13.28,-3.84,1.0,-3.36,,13.28,-3.84,買,1422.0,1.0,1.0
2026-08-06,1597.TW,直得,143.0,廣義上升三法,64.0,C觀察,9.6,>MA5,糾結,,,,,,,,tracking,signal_tracking_20260807.csv,7.0,3.5,4.9,,9.44,-2.1,9.44,-2.1,1.0,-1.4,,9.44,-2.1,買,2878.9,1.0,1.0
2026-08-06,1605.TW,華新,34.85,單跳空、周1K,72.0,B可追蹤,4.13,>MA5,糾結,,,,,,,,tracking,signal_tracking_20260807.csv,7.0,9.9,12.77,,17.65,-2.44,17.65,-2.44,1.0,-0.86,,17.65,-2.44,買,38467.6,1.0,1.0
2026-08-06,1608.TW,華榮,33.4,三白兵、單跳空,68.0,B可追蹤,4.19,>MA5,糾結,,,,,,,,tracking,signal_tracking_20260807.csv,7.0,9.13,10.18,,17.37,3.29,17.37,3.29,1.0,4.64,,17.37,3.29,買,22414.6,1.0,1.0
2026-08-06,1617.TW,榮星,18.55,單跳空、島狀反轉、周1K,56.0,C觀察,-2.09,>MA5,空頭,,,,,,,,tracking,signal_tracking_20260807.csv,7.0,2.43,0.27,,4.85,-1.89,4.85,-1.89,0.0,-1.89,,4.85,-1.89,買,4157.0,1.0,0.0
2026-08-06,1709.TW,和益,27.65,周1K,63.0,C觀察,8.34,>MA5,糾結,,,,,,,,tracking,signal_tracking_20260807.csv,7.0,-0.9,10.85,,11.39,-5.24,20.61,-5.24,0.0,0.54,,20.61,-5.24,買,7607.2,1.0,0.0
2026-08-06,1711.TW,永光,35.5,廣義上升三法、單跳空,56.0,C觀察,1.62,>MA5,糾結,,,,,,,,tracking,signal_tracking_20260807.csv,7.0,6.62,11.83,,13.52,-2.82,13.52,-2.82,1.0,-2.54,,13.52,-2.82,買,1970.6,1.0,1.0
2026-08-06,1714.TW,和桐,16.2,雙跳空、漲停、漲幅達標、單跳空、周1K,100.0,A強勢追蹤,5.07,>MA5,糾結,,,,,,,,tracking,signal_tracking_20260807.csv,7.0,2.78,3.09,,8.33,-4.32,8.33,-4.32,1.0,-2.78,,8.33,-4.32,買,19106.2,1.0,1.0
2026-08-06,1717.TW,長興,66.5,單跳空、廣義上升三法,72.0,B可追蹤,2.11,>MA5,糾結,,,,,,,,tracking,signal_tracking_20260807.csv,7.0,8.12,17.59,,20.0,-0.75,20.0,-0.75,1.0,-0.45,,20.0,-0.75,買,10614.9,1.0,1.0
2026-08-06,1785.TWO,光洋科,115.0,廣義上升三法,60.0,C觀察,2.56,>MA5,糾結,,,,,,,,tracking,signal_tracking_20260807.csv,7.0,-6.96,-5.22,,3.91,-10.43,3.91,-10.43,0.0,-0.43,,3.91,-10.43,買,6412.4,0.0,0.0
2026-08-06,1809.TW,中釉,39.35,三白兵、單跳空、島狀反轉、周1K,83.0,A強勢追蹤,1.57,>MA5,空頭,,,,,,,,tracking,signal_tracking_20260807.csv,7.0,6.61,2.54,,11.69,-5.46,11.69,-5.46,0.0,-5.21,,11.69,-5.46,買,5375.5,1.0,0.0
2026-08-06,1815.TWO,富喬,83.9,三白兵、雙跳空、單跳空,93.0,A強勢追蹤,5.66,>MA5,糾結,,,,,,,,tracking,signal_tracking_20260807.csv,7.0,5.72,7.15,,11.92,0.12,15.02,0.12,1.0,2.38,,15.02,0.12,買,35267.0,1.0,1.0
2026-08-06,1904.TW,正隆,22.3,3K反轉、周1K,75.0,A強勢追蹤,0.08,>MA5,糾結,,,,,,,,tracking,signal_tracking_20260807.csv,7.0,9.87,10.54,,15.92,-0.45,15.92,-0.45,1.0,2.24,,15.92,-0.45,買,3694.4,1.0,1.0
2026-08-06,1907.TW,永豐餘,29.75,廣義上升三法,58.0,C觀察,1.92,>MA5,多頭,,,,,,,,tracking,signal_tracking_20260807.csv,7.0,1.68,0.5,,5.21,-0.17,5.21,-5.04,0.0,3.7,,5.21,-5.04,買,1504.1,1.0,0.0
2026-08-06,2006.TW,東和鋼鐵,86.2,廣義上升三法、漲停、漲幅達標、周1K,100.0,A強勢追蹤,8.31,>MA5,多頭,,,,,,,,tracking,signal_tracking_20260807.csv,7.0,-0.81,-0.93,,3.48,-3.83,3.48,-7.19,0.0,2.67,,3.48,-7.19,買,11076.0,0.0,0.0
2026-08-06,2009.TW,第一銅,39.15,雙跳空、單跳空,71.0,B可追蹤,3.67,>MA5,糾結,,,,,,,,tracking,signal_tracking_20260807.csv,7.0,2.3,1.4,,7.15,0.26,7.15,-1.15,0.0,1.92,,7.15,-1.15,買,6151.4,1.0,0.0
2026-08-06,2010.TW,春源,21.45,KD高腳、下降趨勢線突破(中長期),56.0,C觀察,0.82,>MA5,糾結,,,,,,,,tracking,signal_tracking_20260807.csv,7.0,7.23,5.83,,9.09,3.03,9.09,3.03,1.0,6.99,,9.09,3.03,買,1279.4,1.0,1.0
2026-08-06,2027.TW,大成鋼,44.35,廣義上升三法、KD高腳,87.0,A強勢追蹤,2.17,>MA5,多頭,,,,,,,,tracking,signal_tracking_20260807.csv,7.0,4.74,13.64,,16.12,3.49,16.12,3.49,1.0,5.07,,16.12,3.49,買,14191.5,1.0,1.0
2026-08-06,2030.TW,彰源,17.95,單跳空、周1K,65.0,B可追蹤,1.45,>MA5,糾結,,,,,,,,tracking,signal_tracking_20260807.csv,7.0,17.83,21.17,,22.01,0.28,22.01,0.28,1.0,3.62,,22.01,0.28,買,1307.6,1.0,1.0
2026-08-06,2031.TW,新光鋼,40.95,3K反轉、KD高腳,55.0,C觀察,2.68,>MA5,空頭,,,,,,,,tracking,signal_tracking_20260807.csv,7.0,12.58,12.21,,16.0,3.79,16.0,3.79,1.0,9.89,,16.0,3.79,買,2499.6,1.0,1.0
2026-08-06,2032.TW,新鋼,16.85,布林縮窄突破、單跳空、島狀反轉、漲幅達標、周1K,100.0,A強勢追蹤,2.3,>MA5,糾結,,,,,,,,tracking,signal_tracking_20260807.csv,7.0,2.67,2.08,,7.42,-1.78,7.42,-1.78,1.0,0.59,,7.42,-1.78,買,1766.9,1.0,1.0
2026-08-06,2034.TW,允強,18.95,單跳空、廣義上升三法、島狀反轉,56.0,C觀察,-1.1,>MA5,空頭,,,,,,,,tracking,signal_tracking_20260807.csv,7.0,7.92,5.8,,8.71,0.79,8.71,0.79,1.0,6.07,,8.71,0.79,買,1499.6,1.0,1.0
2026-08-06,2049.TW,上銀,365.0,3K反轉、三白兵、漲停、漲幅達標、周1K,100.0,A強勢追蹤,6.99,>MA5,糾結,,,,,,,,tracking,signal_tracking_20260807.csv,7.0,0.82,4.38,,10.82,-1.37,10.82,-1.37,1.0,6.03,,10.82,-1.37,買,7751.1,1.0,1.0
2026-08-06,2069.TW,運錩,19.4,3K反轉、布林縮窄突破、廣義上升三法,99.0,A強勢追蹤,3.09,>MA5,糾結,,,,,,,,tracking,signal_tracking_20260807.csv,7.0,3.35,4.12,,6.19,0.26,6.19,0.26,1.0,1.03,,6.19,0.26,買,1120.5,1.0,1.0
2026-08-06,2233.TW,宇隆,224.0,三白兵、單跳空、漲停、漲幅達標,64.0,C觀察,2.51,>MA5,空頭,,,,,,,,tracking,signal_tracking_20260807.csv,7.0,-10.27,-9.15,,-5.36,-11.16,-5.36,-12.95,0.0,-10.27,,-5.36,-12.95,買,1795.0,0.0,0.0
2026-08-06,2301.TW,光寶科,249.0,三白兵、雙跳空、單跳空、周1K,100.0,A強勢追蹤,11.28,>MA5,多頭,,,,,,,,tracking,signal_tracking_20260807.csv,7.0,7.83,8.23,,12.85,-2.01,15.06,-2.01,1.0,-0.8,,15.06,-2.01,買,90355.7,1.0,1.0
2026-08-06,2302.TW,麗正,43.05,廣義上升三法、周1K,69.0,B可追蹤,4.82,>MA5,糾結,,,,,,,,tracking,signal_tracking_20260807.csv,7.0,6.97,4.99,,10.69,-1.28,10.69,-3.72,1.0,-0.35,,10.69,-3.72,買,2538.5,1.0,1.0
2026-08-06,2312.TW,金寶,32.2,廣義上升三法、周1K,76.0,A強勢追蹤,2.62,>MA5,糾結,,,,,,,,tracking,signal_tracking_20260807.csv,7.0,2.02,2.95,,7.14,-2.8,7.14,-2.8,1.0,-2.8,,7.14,-2.8,買,9714.7,1.0,1.0
2026-08-06,2313.TW,華通,218.0,三白兵、雙跳空、單跳空、漲停、漲幅達標,86.0,A強勢追蹤,6.96,>MA5,空頭,,,,,,,,tracking,signal_tracking_20260807.csv,7.0,-2.98,-2.75,,3.21,-5.96,3.21,-5.96,0.0,-4.36,,3.21,-5.96,買,29232.4,0.0,0.0
2026-08-06,2316.TW,楠梓電,163.5,單跳空、周1K,61.0,C觀察,1.87,>MA5,糾結,,,,,,,,tracking,signal_tracking_20260807.csv,7.0,5.2,0.31,,9.48,-3.36,9.48,-3.36,0.0,-2.45,,9.48,-3.36,買,1476.3,1.0,0.0
2026-08-06,2317.TW,鴻海,258.5,單跳空、周1K,86.0,A強勢追蹤,3.69,>MA5,多頭,,,,,,,,tracking,signal_tracking_20260807.csv,7.0,1.74,1.35,,6.19,-0.19,6.19,-1.35,0.0,0.58,,6.19,-1.35,買,72633.8,1.0,0.0
2026-08-06,2328.TW,廣宇,45.1,廣義上升三法、單跳空,72.0,B可追蹤,2.23,>MA5,糾結,,,,,,,,tracking,signal_tracking_20260807.csv,7.0,2.22,2.66,,6.1,-0.55,6.1,-0.55,1.0,0.11,,6.1,-0.55,買,3046.3,1.0,1.0
2026-08-06,2330.TW,台積電,2405.0,3K反轉、單跳空,66.0,B可追蹤,1.73,>MA5,糾結,,,,,,,,tracking,signal_tracking_20260807.csv,7.0,-0.42,1.25,,1.66,-2.08,1.66,-2.08,0.0,-1.46,,1.66,-2.08,買,36782.3,1.0,0.0
2026-08-06,2337.TW,旺宏,129.0,三白兵、漲停、漲幅達標,85.0,A強勢追蹤,8.39,>MA5,糾結,,,,,,,,tracking,signal_tracking_20260807.csv,7.0,2.71,5.81,,9.69,-6.59,12.02,-6.59,0.0,-5.81,,12.02,-6.59,買,120087.2,1.0,0.0
2026-08-06,2338.TW,光罩,39.65,廣義上升三法、單跳空,56.0,C觀察,0.8,>MA5,糾結,,,,,,,,tracking,signal_tracking_20260807.csv,7.0,0.63,2.65,,5.17,-2.4,5.17,-2.4,1.0,-1.89,,5.17,-2.4,買,1600.6,1.0,1.0
2026-08-06,2340.TW,台亞,33.35,三白兵、單跳空、島狀反轉,70.0,B可追蹤,4.52,>MA5,空頭,,,,,,,,tracking,signal_tracking_20260807.csv,7.0,-6.9,-5.85,,-1.65,-8.55,-1.65,-9.9,0.0,-4.8,,-1.65,-9.9,買,6546.4,0.0,0.0
2026-08-06,2344.TW,華邦電,169.0,三白兵、雙跳空、單跳空、漲幅達標、周1K,86.0,A強勢追蹤,6.9,>MA5,空頭,,,,,,,,tracking,signal_tracking_20260807.csv,7.0,5.33,4.73,,14.2,-5.03,14.2,-5.03,0.0,-3.25,,14.2,-5.03,買,232656.9,1.0,0.0
2026-08-06,2345.TW,智邦,2385.0,雙跳空、單跳空,71.0,B可追蹤,5.26,>MA5,糾結,,,,,,,,tracking,signal_tracking_20260807.csv,7.0,-10.48,-4.82,,0.42,-13.0,0.42,-13.0,0.0,-7.13,,0.42,-13.0,買,2914.5,0.0,0.0
2026-08-06,2347.TW,聯強,97.1,周1K,70.0,B可追蹤,4.18,>MA5,多頭,,,,,,,,tracking,signal_tracking_20260807.csv,7.0,-6.28,-5.77,,-3.19,-7.93,-3.19,-9.78,0.0,-3.81,,-3.19,-9.78,買,7257.2,0.0,0.0
2026-08-06,2354.TW,鴻準,61.0,3K反轉、布林縮窄突破、廣義上升三法、漲停、漲幅達標、單跳空,100.0,A強勢追蹤,4.28,>MA5,多頭,,,,,,,,tracking,signal_tracking_20260807.csv,7.0,2.79,2.95,,6.89,-0.33,6.89,-0.33,1.0,1.31,,6.89,-0.33,買,30087.6,1.0,1.0
2026-08-06,2355.TW,敬鵬,41.6,廣義上升三法、單跳空,65.0,B可追蹤,0.93,>MA5,糾結,,,,,,,,tracking,signal_tracking_20260807.csv,7.0,2.16,3.61,,6.01,-3.37,6.01,-3.37,1.0,-2.76,,6.01,-3.37,買,3435.7,1.0,1.0
2026-08-06,2356.TW,英業達,65.7,周1K,65.0,B可追蹤,2.01,>MA5,多頭,,,,,,,,tracking,signal_tracking_20260807.csv,7.0,-0.91,4.72,,10.5,-3.2,11.87,-3.2,1.0,-2.59,,11.87,-3.2,買,45447.9,1.0,1.0
2026-08-06,2357.TW,華碩,838.0,周1K,82.0,A強勢追蹤,6.9,>MA5,多頭,,,,,,,,tracking,signal_tracking_20260807.csv,7.0,0.12,11.81,,11.81,-3.94,22.32,-3.94,1.0,-2.51,,22.32,-3.94,買,5273.9,1.0,1.0
2026-08-06,2359.TW,所羅門,145.0,3K反轉、漲停、KD高腳、漲幅達標、周1K,89.0,A強勢追蹤,2.77,>MA5,空頭,,,,,,,,tracking,signal_tracking_20260807.csv,7.0,-3.1,8.28,,8.62,-4.14,20.69,-4.14,1.0,-1.03,,20.69,-4.14,買,8315.1,1.0,1.0
2026-08-06,2362.TW,藍天,47.15,單跳空、周1K,77.0,A強勢追蹤,4.17,>MA5,多頭,,,,,,,,tracking,signal_tracking_20260807.csv,7.0,0.32,1.59,,9.01,-3.29,9.01,-3.29,0.0,7.1,,9.01,-3.29,買,3032.9,1.0,0.0
2026-08-06,2367.TW,燿華,42.4,廣義上升三法、單跳空,72.0,B可追蹤,2.62,>MA5,糾結,,,,,,,,tracking,signal_tracking_20260807.csv,7.0,5.54,6.13,,9.43,-3.77,9.43,-3.77,1.0,-2.36,,9.43,-3.77,買,6890.2,1.0,1.0
2026-08-06,2368.TW,金像電,985.0,單跳空,59.0,C觀察,7.39,>MA5,糾結,,,,,,,,tracking,signal_tracking_20260807.csv,7.0,-2.13,2.54,,6.09,-7.61,8.12,-7.61,0.0,-0.3,,8.12,-7.61,買,12825.1,1.0,0.0
2026-08-06,2369.TW,菱生,34.25,廣義上升三法、周1K,81.0,A強勢追蹤,2.51,>MA5,糾結,,,,,,,,tracking,signal_tracking_20260807.csv,7.0,-3.36,-3.8,,1.75,-4.82,1.75,-5.11,0.0,-3.36,,1.75,-5.11,買,8764.6,0.0,0.0
2026-08-06,2374.TW,佳能,69.6,廣義上升三法、單跳空,63.0,C觀察,2.33,>MA5,糾結,,,,,,,,tracking,signal_tracking_20260807.csv,7.0,2.16,1.87,,4.89,-0.29,4.89,-0.29,0.0,0.57,,4.89,-0.29,買,2137.4,1.0,0.0
2026-08-06,2377.TW,微星,151.0,周1K,60.0,C觀察,4.22,>MA5,糾結,,,,,,,,tracking,signal_tracking_20260807.csv,7.0,1.99,11.26,,14.9,-0.33,14.9,-0.99,1.0,1.32,,14.9,-0.99,買,19359.5,1.0,1.0
2026-08-06,2383.TW,台光電,5245.0,3K反轉、單跳空,73.0,B可追蹤,6.81,>MA5,糾結,,,,,,,,tracking,signal_tracking_20260807.csv,7.0,5.53,8.48,,12.01,-1.24,22.88,-1.24,1.0,-0.1,,22.88,-1.24,買,2477.8,1.0,1.0
2026-08-06,2388.TW,威盛,83.0,三白兵、單跳空、島狀反轉、周1K,100.0,A強勢追蹤,8.83,>MA5,多頭,,,,,,,,tracking,signal_tracking_20260807.csv,7.0,-4.58,-8.31,,0.0,-8.8,0.0,-9.64,0.0,-6.14,,0.0,-9.64,買,13127.7,0.0,0.0
2026-08-06,2392.TW,正崴,37.35,單跳空、廣義上升三法,67.0,B可追蹤,3.16,>MA5,糾結,,,,,,,,tracking,signal_tracking_20260807.csv,7.0,6.02,4.82,,9.64,-1.2,19.81,-1.2,1.0,-1.07,,19.81,-1.2,買,1244.3,1.0,1.0
2026-08-06,2395.TW,研華,633.0,單跳空、漲停、島狀反轉、KD高腳、漲幅達標、周1K,100.0,A強勢追蹤,8.33,>MA5,多頭,,,,,,,,tracking,signal_tracking_20260807.csv,7.0,4.42,10.27,,12.01,-2.69,12.01,-2.69,1.0,0.16,,12.01,-2.69,買,4139.2,1.0,1.0
2026-08-06,2397.TW,友通,62.1,單跳空、島狀反轉、漲幅達標、周1K,67.0,B可追蹤,3.95,>MA5,空頭,,,,,,,,tracking,signal_tracking_20260807.csv,7.0,9.02,6.12,,9.66,-0.64,9.66,-0.64,1.0,6.6,,9.66,-0.64,買,2190.5,1.0,1.0
2026-08-06,2399.TW,映泰,42.7,廣義上升三法、漲幅達標、三白兵、周1K,100.0,A強勢追蹤,7.66,>MA5,糾結,,,,,,,,tracking,signal_tracking_20260807.csv,7.0,-0.59,3.98,,7.14,-3.75,10.77,-3.75,1.0,-0.35,,10.77,-3.75,買,11723.5,1.0,1.0
2026-08-06,2404.TW,漢唐,1170.0,廣義上升三法、周1K,77.0,A強勢追蹤,2.89,>MA5,糾結,,,,,,,,tracking,signal_tracking_20260807.csv,7.0,-1.71,-3.42,,0.85,-4.7,0.85,-5.98,0.0,-1.71,,0.85,-5.98,買,1761.7,0.0,0.0
2026-08-06,2408.TW,南亞科,445.0,三白兵、雙跳空、單跳空、周1K,85.0,A強勢追蹤,8.62,>MA5,空頭,,,,,,,,tracking,signal_tracking_20260807.csv,7.0,9.89,15.51,,19.1,0.0,21.8,0.0,1.0,2.7,,21.8,0.0,買,144425.7,1.0,1.0
2026-08-06,2421.TW,建準,153.0,雙跳空、單跳空、廣義上升三法、漲幅達標、周1K,100.0,A強勢追蹤,7.57,>MA5,糾結,,,,,,,,tracking,signal_tracking_20260807.csv,7.0,-0.98,-2.29,,2.94,-3.92,2.94,-5.88,0.0,-0.98,,2.94,-5.88,買,9010.4,0.0,0.0
2026-08-06,2426.TW,鼎元,62.5,三白兵、單跳空、島狀反轉,67.0,B可追蹤,2.79,>MA5,空頭,,,,,,,,tracking,signal_tracking_20260807.csv,7.0,3.52,9.76,,19.2,0.0,19.2,0.0,1.0,8.48,,19.2,0.0,買,18384.3,1.0,1.0
2026-08-06,2441.TW,超豐,122.5,周1K,60.0,C觀察,4.6,>MA5,糾結,,,,,,,,tracking,signal_tracking_20260807.csv,7.0,1.22,2.45,,6.53,-4.08,6.53,-4.08,1.0,-4.08,,6.53,-4.08,買,4890.1,1.0,1.0
2026-08-06,2451.TW,創見,293.0,3K反轉、廣義上升三法、KD高腳,100.0,A強勢追蹤,5.09,>MA5,多頭,,,,,,,,tracking,signal_tracking_20260807.csv,7.0,-2.39,3.07,,4.1,-3.07,4.44,-3.07,0.0,1.37,,4.44,-3.07,買,10798.6,1.0,0.0
2026-08-06,2454.TW,聯發科,4000.0,單跳空,59.0,C觀察,6.31,>MA5,糾結,,,,,,,,tracking,signal_tracking_20260807.csv,7.0,0.5,5.62,,7.37,-4.75,10.0,-4.75,1.0,-2.5,,10.0,-4.75,買,12935.1,1.0,1.0
2026-08-06,2455.TW,全新,388.0,三白兵、雙跳空、單跳空、雙漲停、漲停、漲幅達標、周1K,100.0,A強勢追蹤,14.13,>MA5,多頭,,,,,,,,tracking,signal_tracking_20260807.csv,7.0,-5.28,-1.03,,2.58,-7.6,7.47,-7.6,0.0,-6.19,,7.47,-7.6,買,10922.7,0.0,0.0
2026-08-06,2464.TW,盟立,170.0,三白兵、單跳空、廣義上升三法、島狀反轉、周1K,100.0,A強勢追蹤,10.32,>MA5,糾結,,,,,,,,tracking,signal_tracking_20260807.csv,7.0,10.29,15.29,,20.59,1.18,22.35,1.18,1.0,2.06,,22.35,1.18,買,16112.4,1.0,1.0
2026-08-06,2465.TW,麗臺,85.8,單跳空、漲停、島狀反轉、漲幅達標、周1K,94.0,A強勢追蹤,7.19,>MA5,空頭,,,,,,,,tracking,signal_tracking_20260807.csv,7.0,1.28,22.38,,22.38,-2.56,24.13,-2.56,1.0,-0.82,,24.13,-2.56,買,3001.8,1.0,1.0
2026-08-06,2476.TW,鉅祥,124.5,單跳空、廣義上升三法、島狀反轉、周1K,100.0,A強勢追蹤,2.96,>MA5,糾結,,,,,,,,tracking,signal_tracking_20260807.csv,7.0,0.0,-1.2,,3.21,-2.41,3.21,-6.02,0.0,0.8,,3.21,-6.02,買,2041.0,0.0,0.0
2026-08-06,2486.TW,一詮,218.5,三白兵、雙跳空、單跳空,57.0,C觀察,2.58,>MA5,空頭,,,,,,,,tracking,signal_tracking_20260807.csv,7.0,5.49,5.95,,14.19,1.6,14.19,1.6,1.0,5.72,,14.19,1.6,買,8316.5,1.0,1.0
2026-08-06,2489.TW,瑞軒,33.1,三白兵、單跳空、漲停、島狀反轉、漲幅達標,83.0,A強勢追蹤,3.26,>MA5,空頭,,,,,,,,tracking,signal_tracking_20260807.csv,7.0,-1.06,-3.32,,1.81,-7.1,1.81,-7.1,0.0,-6.8,,1.81,-7.1,買,23176.0,0.0,0.0
2026-08-06,2493.TW,揚博,220.0,漲幅達標、三白兵,56.0,C觀察,4.7,>MA5,糾結,,,,,,,,tracking,signal_tracking_20260807.csv,7.0,8.86,7.27,,12.95,-4.09,12.95,-12.95,1.0,-2.27,,12.95,-12.95,買,4528.9,1.0,1.0
2026-08-06,2495.TW,普安,38.6,單跳空、廣義上升三法、周1K,62.0,C觀察,-0.66,>MA5,糾結,,,,,,,,tracking,signal_tracking_20260807.csv,7.0,0.65,2.85,,6.09,-4.79,6.09,-4.79,1.0,-4.53,,6.09,-4.79,買,1192.6,1.0,1.0
2026-08-06,2527.TW,宏璟,45.95,3K反轉、漲幅達標,68.0,B可追蹤,5.63,>MA5,糾結,,,,,,,,tracking,signal_tracking_20260807.csv,7.0,1.74,-0.33,,6.53,-1.63,6.53,-4.35,0.0,2.5,,6.53,-4.35,買,1311.8,0.0,0.0
2026-08-06,2535.TW,達欣工,93.0,3K反轉、布林縮窄突破、廣義上升三法、單跳空、周1K,100.0,A強勢追蹤,2.58,>MA5,糾結,,,,,,,,tracking,signal_tracking_20260807.csv,7.0,-4.84,-5.91,,0.43,-5.91,0.43,-6.02,0.0,-3.12,,0.43,-6.02,買,1173.2,0.0,0.0
2026-08-06,2539.TW,櫻花建,43.35,3K反轉,62.0,C觀察,2.08,>MA5,多頭,,,,,,,,tracking,signal_tracking_20260807.csv,7.0,-4.15,-3.58,,0.92,-5.19,0.92,-5.88,0.0,-0.12,,0.92,-5.88,買,1874.3,0.0,0.0
2026-08-06,2540.TW,愛山林,57.8,廣義上升三法,62.0,C觀察,1.68,MA5~10,多頭,,,,,,,,tracking,signal_tracking_20260807.csv,7.0,-23.88,-22.49,,-3.46,-26.56,-3.46,-26.56,0.0,-5.02,,-3.46,-26.56,買,5856.5,0.0,0.0
2026-08-06,2542.TW,興富發,44.1,廣義上升三法,62.0,C觀察,0.18,>MA5,多頭,,,,,,,,tracking,signal_tracking_20260807.csv,7.0,1.02,5.22,,5.22,-0.57,6.46,-0.57,1.0,0.45,,6.46,-0.57,買,5060.2,1.0,1.0
2026-08-06,2605.TW,新興,32.0,KD高腳,61.0,C觀察,2.01,>MA5,糾結,,,,,,,,tracking,signal_tracking_20260807.csv,7.0,2.34,0.94,,5.0,-2.03,5.94,-2.03,0.0,1.72,,5.94,-2.03,買,5060.9,1.0,0.0
2026-08-06,2606.TW,裕民,64.5,廣義上升三法,57.0,C觀察,1.83,>MA5,糾結,,,,,,,,tracking,signal_tracking_20260807.csv,7.0,2.95,1.55,,6.05,-0.62,6.51,-0.62,0.0,4.65,,6.51,-0.62,買,3456.3,1.0,0.0
2026-08-06,2637.TW,慧洋-KY,85.5,周1K,61.0,C觀察,3.34,>MA5,多頭,,,,,,,,tracking,signal_tracking_20260807.csv,7.0,2.11,-0.35,,3.86,-0.35,3.86,-1.87,0.0,2.81,,3.86,-1.87,買,2207.4,0.0,0.0
2026-08-06,2855.TW,統一證,45.85,單跳空、周1K,65.0,B可追蹤,0.62,>MA5,糾結,,,,,,,,tracking,signal_tracking_20260807.csv,7.0,0.76,3.27,,5.78,-3.93,5.78,-3.93,1.0,-2.94,,5.78,-3.93,買,4435.2,1.0,1.0
2026-08-06,2867.TW,三商壽,9.77,廣義上升三法,69.0,B可追蹤,3.15,>MA5,多頭,,,,,,,,tracking,signal_tracking_20260807.csv,7.0,-2.97,-1.54,,0.92,-4.4,0.92,-4.4,0.0,0.41,,0.92,-4.4,買,16412.6,0.0,0.0
2026-08-06,2880.TW,華南金,43.8,廣義上升三法,74.0,B可追蹤,3.36,>MA5,多頭,,,,,,,,tracking,signal_tracking_20260807.csv,7.0,-1.33,-10.73,,1.38,-12.56,1.38,-13.24,0.0,0.37,,1.38,-13.24,買,20929.9,0.0,0.0
2026-08-06,2883.TW,凱基金,31.6,3K反轉、單跳空、周1K,100.0,A強勢追蹤,2.74,>MA5,多頭,,,,,,,,tracking,signal_tracking_20260807.csv,7.0,-1.74,-0.32,,-0.32,-4.11,0.47,-4.11,0.0,-2.37,,0.47,-4.11,買,65464.9,0.0,0.0
2026-08-06,2884.TW,玉山金,37.95,廣義上升三法,57.0,C觀察,1.93,MA5~10,多頭,,,,,,,,tracking,signal_tracking_20260807.csv,7.0,-2.77,-1.71,,0.92,-4.35,0.92,-4.35,0.0,0.53,,0.92,-4.35,買,12926.7,0.0,0.0
2026-08-06,2886.TW,兆豐金,51.2,廣義上升三法,64.0,C觀察,2.36,MA5~10,多頭,,,,,,,,tracking,signal_tracking_20260807.csv,7.0,-3.52,-10.45,,1.37,-12.21,1.37,-12.21,0.0,-0.59,,1.37,-12.21,買,30109.4,0.0,0.0
2026-08-06,2891.TW,中信金,66.0,3K反轉、廣義上升三法,75.0,A強勢追蹤,0.2,>MA5,糾結,,,,,,,,tracking,signal_tracking_20260807.csv,7.0,1.21,0.76,,1.97,-1.97,1.97,-1.97,0.0,-0.61,,1.97,-1.97,買,33164.0,1.0,0.0
2026-08-06,2892.TW,第一金,35.9,廣義上升三法,74.0,B可追蹤,2.16,>MA5,多頭,,,,,,,,tracking,signal_tracking_20260807.csv,7.0,-8.91,-7.66,,-0.14,-9.61,-0.14,-9.61,0.0,-0.97,,-0.14,-9.61,買,50836.3,0.0,0.0
2026-08-06,3006.TW,晶豪科,239.0,三白兵、雙跳空、單跳空、雙漲停、漲停、漲幅達標、周1K,100.0,A強勢追蹤,11.42,>MA5,糾結,,,,,,,,tracking,signal_tracking_20260807.csv,7.0,11.92,16.11,,19.46,4.81,19.46,4.81,1.0,7.32,,19.46,4.81,買,12064.0,1.0,1.0
2026-08-06,3008.TW,大立光,4575.0,三白兵、周1K,81.0,A強勢追蹤,7.36,>MA5,糾結,,,,,,,,tracking,signal_tracking_20260807.csv,7.0,-4.81,1.86,,5.46,-7.54,10.82,-7.54,0.0,-4.15,,10.82,-7.54,買,4740.4,1.0,0.0
2026-08-06,3016.TW,嘉晶,104.0,三白兵、單跳空、漲停、島狀反轉、漲幅達標,83.0,A強勢追蹤,6.46,>MA5,空頭,,,,,,,,tracking,signal_tracking_20260807.csv,7.0,-2.4,0.0,,6.73,-6.25,6.73,-6.25,0.0,-5.77,,6.73,-6.25,買,11106.4,0.0,0.0
2026-08-06,3017.TW,奇鋐,2730.0,雙跳空、單跳空、廣義上升三法、周1K,100.0,A強勢追蹤,9.22,>MA5,多頭,,,,,,,,tracking,signal_tracking_20260807.csv,7.0,1.1,17.22,,17.22,-3.85,21.61,-3.85,1.0,2.01,,21.61,-3.85,買,5824.0,1.0,1.0
2026-08-06,3022.TW,威強電,97.6,漲幅達標、周1K,67.0,B可追蹤,4.48,>MA5,糾結,,,,,,,,tracking,signal_tracking_20260807.csv,7.0,10.66,0.51,,19.36,0.41,19.36,-4.1,0.0,5.53,,19.36,-4.1,買,7195.6,1.0,0.0
2026-08-06,3023.TW,信邦,318.0,單跳空、廣義上升三法,63.0,C觀察,2.8,>MA5,糾結,,,,,,,,tracking,signal_tracking_20260807.csv,7.0,0.16,-1.89,,1.89,-3.62,1.89,-3.62,0.0,0.0,,1.89,-3.62,買,1857.6,0.0,0.0
2026-08-06,3028.TW,增你強,71.7,三白兵、單跳空,60.0,C觀察,3.85,>MA5,糾結,,,,,,,,tracking,signal_tracking_20260807.csv,7.0,-1.81,-3.35,,1.12,-8.23,1.12,-8.23,0.0,-8.09,,1.12,-8.23,買,2732.4,0.0,0.0
2026-08-06,3029.TW,零壹,107.0,3K反轉,62.0,C觀察,2.39,>MA5,多頭,,,,,,,,tracking,signal_tracking_20260807.csv,7.0,0.93,4.21,,6.07,0.47,6.54,0.47,1.0,2.34,,6.54,0.47,買,1353.6,1.0,1.0
2026-08-06,3032.TW,偉訓,87.1,單跳空、漲停、島狀反轉、漲幅達標、周1K,100.0,A強勢追蹤,6.58,>MA5,糾結,,,,,,,,tracking,signal_tracking_20260807.csv,7.0,-9.76,-7.12,,-2.76,-10.33,0.57,-10.33,0.0,-5.63,,0.57,-10.33,買,2465.8,0.0,0.0
2026-08-06,3034.TW,聯詠,550.0,單跳空、周1K,82.0,A強勢追蹤,2.73,>MA5,多頭,,,,,,,,tracking,signal_tracking_20260807.csv,7.0,-2.18,-2.18,,1.27,-3.45,1.27,-9.36,0.0,-1.45,,1.27,-9.36,買,7764.4,0.0,0.0
2026-08-06,3036.TW,文曄,225.0,單跳空,64.0,C觀察,5.91,>MA5,多頭,,,,,,,,tracking,signal_tracking_20260807.csv,7.0,-2.22,-4.44,,2.44,-6.44,2.44,-9.33,0.0,-6.0,,2.44,-9.33,買,23076.1,0.0,0.0
2026-08-06,3037.TW,欣興,969.0,三白兵、雙跳空、單跳空、周1K,100.0,A強勢追蹤,13.17,>MA5,糾結,,,,,,,,tracking,signal_tracking_20260807.csv,7.0,2.37,3.2,,7.84,-2.79,15.58,-2.79,1.0,-1.44,,15.58,-2.79,買,44515.0,1.0,1.0
2026-08-06,3042.TW,晶技,177.0,廣義上升三法、周1K,81.0,A強勢追蹤,3.91,>MA5,糾結,,,,,,,,tracking,signal_tracking_20260807.csv,7.0,1.13,5.37,,11.02,-5.65,11.02,-5.65,0.0,-5.08,,11.02,-5.65,買,23363.6,1.0,0.0
2026-08-06,3048.TW,益登,58.3,三白兵、雙跳空、單跳空、周1K,100.0,A強勢追蹤,6.83,>MA5,糾結,,,,,,,,tracking,signal_tracking_20260807.csv,7.0,0.86,4.12,,9.61,-2.74,9.61,-2.74,1.0,-1.37,,9.61,-2.74,買,15202.8,1.0,1.0
2026-08-06,3081.TWO,聯亞,2375.0,三白兵、雙跳空、單跳空、雙漲停、漲停、漲幅達標,100.0,A強勢追蹤,20.57,>MA5,多頭,,,,,,,,tracking,signal_tracking_20260807.csv,7.0,4.42,12.21,,19.79,-4.21,19.79,-4.21,1.0,-2.95,,19.79,-4.21,買,4837.3,1.0,1.0
2026-08-06,3105.TWO,穩懋,376.0,三白兵、雙跳空、單跳空、雙漲停、漲停、漲幅達標,92.0,A強勢追蹤,5.35,>MA5,空頭,,,,,,,,tracking,signal_tracking_20260807.csv,7.0,-1.33,2.93,,11.04,-4.39,11.04,-4.39,1.0,-2.66,,11.04,-4.39,買,2736.0,1.0,1.0
2026-08-06,3114.TWO,好德,36.9,廣義上升三法、漲停、漲幅達標、周1K,91.0,A強勢追蹤,4.62,>MA5,糾結,,,,,,,,tracking,signal_tracking_20260807.csv,7.0,-0.95,-5.15,,7.99,-5.28,7.99,-10.03,0.0,5.15,,7.99,-10.03,買,2315.9,0.0,0.0
2026-08-06,3135.TW,凌航,182.0,廣義上升三法、周1K,99.0,A強勢追蹤,8.16,>MA5,多頭,,,,,,,,tracking,signal_tracking_20260807.csv,7.0,-8.24,-7.14,,-6.04,-12.09,-4.95,-12.09,0.0,-7.69,,-4.95,-12.09,買,3533.1,0.0,0.0
2026-08-06,3141.TWO,晶宏,78.4,雙跳空、廣義上升三法、單跳空、周1K,100.0,A強勢追蹤,8.1,>MA5,多頭,,,,,,,,tracking,signal_tracking_20260807.csv,7.0,-0.89,-3.57,,6.51,-5.1,6.51,-10.08,0.0,0.77,,6.51,-10.08,買,2597.1,0.0,0.0
2026-08-06,3147.TWO,大綜,271.5,三白兵、漲停、漲幅達標、周1K,100.0,A強勢追蹤,10.59,>MA5,多頭,,,,,,,,tracking,signal_tracking_20260807.csv,7.0,-16.76,-13.81,,-12.34,-18.78,-11.42,-18.78,0.0,-17.86,,-11.42,-18.78,買,2474.0,0.0,0.0
2026-08-06,3163.TWO,波若威,722.0,三白兵、雙跳空、單跳空、雙漲停、漲停、漲幅達標,96.0,A強勢追蹤,9.08,>MA5,空頭,,,,,,,,tracking,signal_tracking_20260807.csv,7.0,-5.4,-0.69,,3.19,-7.48,3.19,-7.48,0.0,-7.06,,3.19,-7.48,買,3663.0,0.0,0.0
2026-08-06,3189.TW,景碩,828.0,三白兵、雙跳空、單跳空、漲幅達標、周1K,100.0,A強勢追蹤,15.41,>MA5,糾結,,,,,,,,tracking,signal_tracking_20260807.csv,7.0,1.69,2.78,,5.31,-2.54,12.56,-2.54,1.0,-0.6,,12.56,-2.54,買,33103.5,1.0,1.0
2026-08-06,3213.TWO,茂訊,138.5,單跳空、周1K,78.0,A強勢追蹤,4.69,>MA5,多頭,,,,,,,,tracking,signal_tracking_20260807.csv,7.0,-1.81,-2.53,,1.44,-3.97,1.44,-3.97,0.0,-1.44,,1.44,-3.97,買,2640.1,0.0,0.0
2026-08-06,3231.TW,緯創,193.0,周1K,73.0,B可追蹤,7.47,>MA5,多頭,,,,,,,,tracking,signal_tracking_20260807.csv,7.0,-1.04,2.07,,3.37,-6.48,6.74,-6.48,0.0,-4.92,,6.74,-6.48,買,206766.4,1.0,0.0
2026-08-06,3234.TWO,光環,115.0,三白兵、周1K,74.0,B可追蹤,5.28,>MA5,糾結,,,,,,,,tracking,signal_tracking_20260807.csv,7.0,5.65,22.61,,26.96,-10.43,30.43,-10.43,0.0,-6.52,,30.43,-10.43,買,2059.0,1.0,0.0
2026-08-06,3260.TWO,威剛,421.0,3K反轉、廣義上升三法,83.0,A強勢追蹤,3.22,>MA5,多頭,,,,,,,,tracking,signal_tracking_20260807.csv,7.0,-3.68,-2.85,,3.8,-4.87,3.8,-5.7,0.0,-1.19,,3.8,-5.7,買,21616.8,0.0,0.0
2026-08-06,3293.TWO,鈊象,777.0,廣義上升三法,58.0,C觀察,1.47,>MA5,多頭,,,,,,,,tracking,signal_tracking_20260807.csv,7.0,3.47,-1.93,,3.73,-3.47,3.73,-6.31,0.0,2.83,,3.73,-6.31,買,1200.0,0.0,0.0
2026-08-06,3305.TW,昇貿,114.5,廣義上升三法、單跳空,68.0,B可追蹤,4.28,>MA5,糾結,,,,,,,,tracking,signal_tracking_20260807.csv,7.0,-1.75,2.18,,4.37,-4.8,4.37,-4.8,0.0,-1.75,,4.37,-4.8,買,1413.4,1.0,0.0
2026-08-06,3323.TWO,加百裕,30.15,廣義上升三法、單跳空,61.0,C觀察,0.33,>MA5,糾結,,,,,,,,tracking,signal_tracking_20260807.csv,7.0,6.8,4.98,,9.12,-0.5,9.12,-0.5,1.0,1.82,,9.12,-0.5,買,1118.8,1.0,1.0
2026-08-06,3324.TWO,雙鴻,965.0,單跳空,57.0,C觀察,2.72,>MA5,多頭,,,,,,,,tracking,signal_tracking_20260807.csv,7.0,8.29,7.25,,11.92,3.63,11.92,3.63,1.0,5.18,,11.92,3.63,買,2523.0,1.0,1.0
2026-08-06,3339.TWO,泰谷,39.8,三白兵、單跳空,72.0,B可追蹤,6.6,>MA5,糾結,,,,,,,,tracking,signal_tracking_20260807.csv,7.0,-4.9,-4.4,,4.4,-5.9,4.4,-7.04,0.0,-5.03,,4.4,-7.04,買,4830.0,0.0,0.0
2026-08-06,3363.TWO,上詮,600.0,三白兵、雙跳空、單跳空,65.0,B可追蹤,5.89,>MA5,空頭,,,,,,,,tracking,signal_tracking_20260807.csv,7.0,1.0,0.0,,9.33,-4.83,9.33,-4.83,0.0,-3.0,,9.33,-4.83,買,3132.0,0.0,0.0
2026-08-06,3406.TW,玉晶光,533.0,單跳空、島狀反轉、周1K,62.0,C觀察,0.63,>MA5,空頭,,,,,,,,tracking,signal_tracking_20260807.csv,7.0,0.94,18.01,,19.14,-1.5,26.83,-1.5,1.0,2.44,,26.83,-1.5,買,2583.7,1.0,1.0
2026-08-06,3441.TWO,聯一光,85.6,巧妙點、廣義上升三法,80.0,A強勢追蹤,7.39,MA5~10,多頭,,,,,,,,tracking,signal_tracking_20260807.csv,7.0,-7.36,-0.7,,10.16,-9.0,10.16,-9.0,0.0,-1.4,,10.16,-9.0,買,10252.3,0.0,0.0
2026-08-06,3443.TW,創意,4390.0,三白兵、單跳空、廣義上升三法,81.0,A強勢追蹤,7.98,>MA5,糾結,,,,,,,,tracking,signal_tracking_20260807.csv,7.0,12.87,26.2,,27.11,0.57,36.45,0.57,1.0,3.53,,36.45,0.57,買,2175.5,1.0,1.0
2026-08-06,3450.TW,聯鈞,475.0,三白兵、雙跳空、單跳空、漲停、漲幅達標、周1K,93.0,A強勢追蹤,6.52,>MA5,空頭,,,,,,,,tracking,signal_tracking_20260807.csv,7.0,-0.32,10.95,,14.32,-0.63,15.79,-0.63,1.0,0.42,,15.79,-0.63,買,6262.3,1.0,1.0
2026-08-06,3484.TWO,崧騰,52.8,單跳空、周1K,72.0,B可追蹤,3.84,>MA5,糾結,,,,,,,,tracking,signal_tracking_20260807.csv,7.0,-4.92,-4.73,,-1.52,-5.49,-0.57,-5.68,0.0,-2.08,,-0.57,-5.68,買,1571.0,0.0,0.0
2026-08-06,3489.TWO,森寶,25.9,三白兵、雙跳空、單跳空、周1K,100.0,A強勢追蹤,8.59,>MA5,多頭,,,,,,,,tracking,signal_tracking_20260807.csv,7.0,0.19,-0.0,,0.77,-0.58,1.54,-0.58,0.0,0.39,,1.54,-0.58,買,1244.0,0.0,0.0
2026-08-06,3491.TWO,昇達科,1285.0,三白兵、雙跳空、單跳空、雙漲停、漲停、漲幅達標,92.0,A強勢追蹤,6.06,>MA5,空頭,,,,,,,,tracking,signal_tracking_20260807.csv,7.0,-0.78,4.67,,12.06,-5.45,12.84,-5.45,0.0,-3.89,,12.84,-5.45,買,1086.0,1.0,0.0
2026-08-06,3504.TW,揚明光,76.5,周1K,55.0,C觀察,3.13,>MA5,糾結,,,,,,,,tracking,signal_tracking_20260807.csv,7.0,-3.79,-0.65,,5.62,-4.58,5.62,-4.58,0.0,-3.79,,5.62,-4.58,買,4060.8,0.0,0.0
2026-08-06,3543.TW,州巧,36.6,廣義上升三法、漲停、漲幅達標,98.0,A強勢追蹤,8.62,>MA5,多頭,,,,,,,,tracking,signal_tracking_20260807.csv,7.0,1.37,9.56,,13.8,-3.69,20.49,-3.69,1.0,-1.64,,20.49,-3.69,買,4534.2,1.0,1.0
2026-08-06,3550.TW,聯穎,22.8,單跳空、周1K,61.0,C觀察,1.12,>MA5,糾結,,,,,,,,tracking,signal_tracking_20260807.csv,7.0,1.1,5.7,,10.75,-0.88,10.75,-0.88,1.0,7.68,,10.75,-0.88,買,2131.5,1.0,1.0
2026-08-06,3576.TW,聯合再生,18.25,漲停、KD高腳、漲幅達標、周1K,85.0,A強勢追蹤,6.04,>MA5,空頭,,,,,,,,tracking,signal_tracking_20260807.csv,7.0,-5.21,-1.92,,0.82,-7.12,0.82,-7.12,0.0,-7.12,,0.82,-7.12,買,20856.2,0.0,0.0
2026-08-06,3587.TWO,閎康,276.5,三白兵、雙跳空、單跳空、雙漲停、漲停、漲幅達標,92.0,A強勢追蹤,3.18,>MA5,空頭,,,,,,,,tracking,signal_tracking_20260807.csv,7.0,-8.5,-9.58,,-2.71,-10.67,-2.71,-12.84,0.0,-7.59,,-2.71,-12.84,買,1152.0,0.0,0.0
2026-08-06,3591.TW,艾笛森,22.45,單跳空、漲停、漲幅達標,67.0,B可追蹤,2.09,>MA5,糾結,,,,,,,,tracking,signal_tracking_20260807.csv,7.0,-4.45,-6.68,,-2.0,-6.68,-2.0,-8.91,0.0,-5.57,,-2.0,-8.91,買,1073.1,0.0,0.0
2026-08-06,3594.TWO,磐儀,56.1,單跳空、島狀反轉、KD高腳,81.0,A強勢追蹤,3.91,>MA5,糾結,,,,,,,,tracking,signal_tracking_20260807.csv,7.0,1.43,-0.89,,10.34,-2.85,10.34,-8.73,0.0,6.95,,10.34,-8.73,買,2708.0,0.0,0.0
2026-08-06,3605.TW,宏致,101.5,三白兵、雙漲停、漲停、漲幅達標、周1K,100.0,A強勢追蹤,8.84,>MA5,糾結,,,,,,,,tracking,signal_tracking_20260807.csv,7.0,9.36,30.05,,30.05,1.48,35.47,1.48,1.0,5.91,,35.47,1.48,買,23451.3,1.0,1.0
2026-08-06,3653.TW,健策,4340.0,三白兵、雙跳空、單跳空、周1K,100.0,A強勢追蹤,13.23,>MA5,多頭,,,,,,,,tracking,signal_tracking_20260807.csv,7.0,-6.34,6.8,,7.6,-10.25,23.04,-10.25,0.0,0.92,,23.04,-10.25,買,3016.1,1.0,0.0
2026-08-06,3661.TW,世芯-KY,3610.0,三白兵、單跳空、廣義上升三法、島狀反轉,81.0,A強勢追蹤,4.84,>MA5,空頭,,,,,,,,tracking,signal_tracking_20260807.csv,7.0,9.56,16.07,,17.04,-0.14,25.48,-0.14,1.0,2.91,,25.48,-0.14,買,2014.5,1.0,1.0
2026-08-06,3665.TW,貿聯-KY,2455.0,單跳空,69.0,B可追蹤,12.47,>MA5,多頭,,,,,,,,tracking,signal_tracking_20260807.csv,7.0,-10.39,-10.18,,-6.31,-15.68,-6.31,-15.68,0.0,-10.39,,-6.31,-15.68,買,3711.2,0.0,0.0
2026-08-06,3675.TWO,德微,267.5,三白兵、雙跳空、單跳空、周1K,76.0,A強勢追蹤,0.53,>MA5,糾結,,,,,,,,tracking,signal_tracking_20260807.csv,7.0,1.87,3.93,,9.91,-0.93,9.91,-1.12,1.0,-0.75,,9.91,-1.12,買,1214.0,1.0,1.0
2026-08-06,3685.TWO,元創精密,38.1,3K反轉、廣義上升三法、KD高腳、漲停、漲幅達標,93.0,A強勢追蹤,7.3,>MA5,空頭,,,,,,,,tracking,signal_tracking_20260807.csv,7.0,0.52,0.52,,6.82,-2.89,6.82,-8.14,0.0,4.07,,6.82,-8.14,買,2179.2,1.0,0.0
2026-08-06,3689.TWO,湧德,110.5,雙跳空、單跳空,56.0,C觀察,1.55,>MA5,糾結,,,,,,,,tracking,signal_tracking_20260807.csv,7.0,-0.45,0.9,,2.71,-2.71,2.71,-2.71,0.0,-2.71,,2.71,-2.71,買,2501.9,1.0,0.0
2026-08-06,3693.TWO,營邦,537.0,3K反轉、廣義上升三法、漲幅達標、三白兵,100.0,A強勢追蹤,8.42,>MA5,糾結,,,,,,,,tracking,signal_tracking_20260807.csv,7.0,-8.38,2.79,,4.66,-10.34,6.7,-10.34,0.0,-1.86,,6.7,-10.34,買,1167.0,1.0,0.0
2026-08-06,3701.TW,大眾控,42.9,三白兵、漲停、漲幅達標,66.0,B可追蹤,5.21,>MA5,空頭,,,,,,,,tracking,signal_tracking_20260807.csv,7.0,-3.96,-4.66,,5.48,-5.36,5.48,-7.11,0.0,-0.82,,5.48,-7.11,買,2476.3,0.0,0.0
2026-08-06,3702.TW,大聯大,129.0,漲停、廣義上升三法、漲幅達標、周1K,100.0,A強勢追蹤,8.28,>MA5,多頭,,,,,,,,tracking,signal_tracking_20260807.csv,7.0,-2.71,-4.26,,1.16,-6.59,1.16,-15.12,0.0,-5.04,,1.16,-15.12,買,17747.0,0.0,0.0
2026-08-06,3704.TW,合勤控,48.8,單跳空、周1K,60.0,C觀察,6.22,>MA5,空頭,,,,,,,,tracking,signal_tracking_20260807.csv,7.0,-6.97,-14.24,,3.28,-14.34,3.28,-14.55,0.0,-6.05,,3.28,-14.55,買,4306.4,0.0,0.0
2026-08-06,3706.TW,神達,93.6,周1K,64.0,C觀察,3.54,>MA5,糾結,,,,,,,,tracking,signal_tracking_20260807.csv,7.0,-3.85,-2.03,,0.11,-4.38,0.43,-4.38,0.0,-2.03,,0.43,-4.38,買,14852.1,0.0,0.0
2026-08-06,3709.TWO,鑫聯大投控,79.5,單跳空,55.0,C觀察,6.31,>MA5,糾結,,,,,,,,tracking,signal_tracking_20260807.csv,7.0,-9.94,-9.94,,1.13,-10.94,1.13,-11.57,0.0,-0.13,,1.13,-11.57,買,1076.9,0.0,0.0
2026-08-06,3712.TW,永崴投控,20.3,廣義上升三法,69.0,B可追蹤,8.34,>MA5,多頭,,,,,,,,tracking,signal_tracking_20260807.csv,7.0,10.34,9.36,,17.98,-0.99,17.98,-0.99,1.0,0.25,,17.98,-0.99,買,1086.3,1.0,1.0
2026-08-06,3714.TW,富采,55.1,單跳空、島狀反轉,57.0,C觀察,2.47,>MA5,空頭,,,,,,,,tracking,signal_tracking_20260807.csv,7.0,1.63,6.35,,8.71,-0.91,9.26,-0.91,1.0,7.8,,9.26,-0.91,買,5966.0,1.0,1.0
2026-08-06,3715.TW,定穎投控,116.5,廣義上升三法,55.0,C觀察,2.13,>MA5,糾結,,,,,,,,tracking,signal_tracking_20260807.csv,7.0,4.72,0.86,,10.73,-3.0,10.73,-4.72,0.0,-1.72,,10.73,-4.72,買,7719.4,1.0,0.0
2026-08-06,4123.TWO,晟德,39.15,周1K,62.0,C觀察,0.4,>MA5,多頭,,,,,,,,tracking,signal_tracking_20260807.csv,7.0,-5.12,-15.58,,-4.15,-17.65,-4.15,-19.16,0.0,-4.87,,-4.15,-19.16,買,3333.0,0.0,0.0
2026-08-06,4540.TW,全球傳動,53.6,三白兵、單跳空、漲幅達標,61.0,C觀察,2.56,>MA5,空頭,,,,,,,,tracking,signal_tracking_20260807.csv,7.0,8.77,12.5,,16.04,2.8,21.83,2.8,1.0,11.94,,21.83,2.8,買,3621.5,1.0,1.0
2026-08-06,4566.TW,時碩工業,70.4,單跳空、島狀反轉,68.0,B可追蹤,2.27,>MA5,糾結,,,,,,,,tracking,signal_tracking_20260807.csv,7.0,0.0,7.24,,13.64,-0.85,13.64,-0.85,1.0,8.38,,13.64,-0.85,買,1899.8,1.0,1.0
2026-08-06,4576.TW,大銀微系統,218.0,三白兵、漲幅達標,64.0,C觀察,5.02,>MA5,糾結,,,,,,,,tracking,signal_tracking_20260807.csv,7.0,0.23,2.75,,9.17,-1.61,9.17,-1.61,1.0,0.0,,9.17,-1.61,買,3119.5,1.0,1.0
2026-08-06,4707.TWO,磐亞,30.85,三白兵、雙跳空、單跳空、雙漲停、漲停、漲幅達標,96.0,A強勢追蹤,2.21,>MA5,空頭,,,,,,,,tracking,signal_tracking_20260807.csv,7.0,-2.76,5.19,,13.29,-6.65,13.29,-6.65,0.0,3.4,,13.29,-6.65,買,3526.0,1.0,0.0
2026-08-06,4722.TW,國精化,218.0,三白兵、雙跳空、單跳空、廣義上升三法、漲幅達標,82.0,A強勢追蹤,5.33,>MA5,空頭,,,,,,,,tracking,signal_tracking_20260807.csv,7.0,-1.38,-4.59,,8.26,-5.05,8.26,-7.57,0.0,6.42,,8.26,-7.57,買,2131.8,0.0,0.0
2026-08-06,4739.TW,康普,86.2,單跳空、廣義上升三法,63.0,C觀察,3.22,>MA5,糾結,,,,,,,,tracking,signal_tracking_20260807.csv,7.0,1.39,1.51,,4.99,-2.44,7.19,-2.44,0.0,-2.32,,7.19,-2.44,買,1195.1,1.0,0.0
2026-08-06,4763.TW,材料*-KY,49.65,3K反轉,60.0,C觀察,1.23,>MA5,多頭,,,,,,,,tracking,signal_tracking_20260807.csv,7.0,3.93,3.93,,10.78,-0.5,10.78,-0.5,1.0,0.5,,10.78,-0.5,買,5508.3,1.0,1.0
2026-08-06,4906.TW,正文,37.65,三白兵、單跳空、漲停、島狀反轉、漲幅達標,83.0,A強勢追蹤,4.5,>MA5,空頭,,,,,,,,tracking,signal_tracking_20260807.csv,7.0,-4.38,-2.79,,0.27,-9.96,0.27,-9.96,0.0,-9.83,,0.27,-9.96,買,3862.4,0.0,0.0
2026-08-06,4908.TWO,前鼎,157.0,單跳空、三白兵,64.0,C觀察,5.83,>MA5,糾結,,,,,,,,tracking,signal_tracking_20260807.csv,7.0,-3.82,1.91,,7.01,-9.55,7.01,-9.55,0.0,-8.6,,7.01,-9.55,買,5412.0,1.0,0.0
2026-08-06,4916.TW,事欣科,108.0,周1K,60.0,C觀察,4.56,>MA5,糾結,,,,,,,,tracking,signal_tracking_20260807.csv,7.0,-3.24,-6.02,,2.78,-6.94,2.78,-6.94,0.0,0.0,,2.78,-6.94,買,5046.2,0.0,0.0
2026-08-06,4927.TW,泰鼎-KY,35.05,單跳空、漲停、廣義上升三法、漲幅達標,86.0,A強勢追蹤,4.59,>MA5,糾結,,,,,,,,tracking,signal_tracking_20260807.csv,7.0,-3.42,-1.43,,1.14,-6.85,1.14,-6.85,0.0,-5.85,,1.14,-6.85,買,3560.5,0.0,0.0
2026-08-06,4931.TWO,新盛力,218.5,漲停、漲幅達標、單跳空、周1K,86.0,A強勢追蹤,4.79,>MA5,糾結,,,,,,,,tracking,signal_tracking_20260807.csv,7.0,16.7,19.45,,24.26,-2.52,24.26,-2.52,1.0,-0.92,,24.26,-2.52,買,5790.3,1.0,1.0
2026-08-06,4938.TW,和碩,89.5,周1K,74.0,B可追蹤,3.6,>MA5,多頭,,,,,,,,tracking,signal_tracking_20260807.csv,7.0,-0.56,5.92,,12.29,-5.36,12.29,-5.36,0.0,-2.68,,12.29,-5.36,買,14584.4,1.0,0.0
2026-08-06,4939.TWO,亞電,59.4,三白兵、單跳空、巧妙點,69.0,B可追蹤,5.56,>MA5,空頭,,,,,,,,tracking,signal_tracking_20260807.csv,7.0,3.87,7.58,,13.13,-0.51,13.13,-0.51,1.0,2.36,,13.13,-0.51,買,11789.0,1.0,1.0
2026-08-06,4958.TW,臻鼎-KY,488.0,三白兵、雙跳空、單跳空、漲停、漲幅達標、周1K,85.0,A強勢追蹤,3.37,>MA5,空頭,,,,,,,,tracking,signal_tracking_20260807.csv,7.0,0.41,-2.15,,3.69,-4.1,6.97,-4.1,0.0,-3.07,,6.97,-4.1,買,24359.1,0.0,0.0
2026-08-06,4960.TW,誠美材,20.95,廣義上升三法、單跳空,56.0,C觀察,1.57,>MA5,糾結,,,,,,,,tracking,signal_tracking_20260807.csv,7.0,-1.19,4.77,,9.55,-3.34,9.55,-3.34,1.0,-2.39,,9.55,-3.34,買,1409.4,1.0,1.0
2026-08-06,4967.TW,十銓,265.5,雙跳空、單跳空,85.0,A強勢追蹤,6.04,>MA5,多頭,,,,,,,,tracking,signal_tracking_20260807.csv,7.0,3.39,5.65,,8.66,1.69,8.66,-1.13,1.0,5.46,,8.66,-1.13,買,8583.6,1.0,1.0
2026-08-06,4971.TWO,IET-KY,480.0,雙跳空、單跳空、三白兵,85.0,A強勢追蹤,14.97,>MA5,糾結,,,,,,,,tracking,signal_tracking_20260807.csv,7.0,-3.12,2.92,,11.46,-6.25,11.46,-6.25,0.0,-4.06,,11.46,-6.25,買,4507.4,1.0,0.0
2026-08-06,4973.TWO,廣穎,160.5,單跳空、漲幅達標、周1K,79.0,A強勢追蹤,8.14,>MA5,糾結,,,,,,,,tracking,signal_tracking_20260807.csv,7.0,-2.8,1.87,,4.05,-5.3,4.98,-5.3,0.0,-2.8,,4.98,-5.3,買,4551.9,1.0,0.0
2026-08-06,4977.TW,眾達-KY,142.5,三白兵、單跳空、島狀反轉、漲幅達標,76.0,A強勢追蹤,5.46,>MA5,空頭,,,,,,,,tracking,signal_tracking_20260807.csv,7.0,2.81,6.32,,12.98,-7.72,12.98,-7.72,0.0,-6.32,,12.98,-7.72,買,5144.4,1.0,0.0
2026-08-06,4979.TWO,華星光,492.0,三白兵、雙跳空、單跳空、雙漲停、漲停、漲幅達標,100.0,A強勢追蹤,9.12,>MA5,糾結,,,,,,,,tracking,signal_tracking_20260807.csv,7.0,3.66,14.63,,25.0,-3.86,25.0,-3.86,1.0,-0.81,,25.0,-3.86,買,6690.0,1.0,1.0
2026-08-06,4991.TWO,環宇-KY,469.0,三白兵、雙跳空、單跳空、雙漲停、漲停、漲幅達標,92.0,A強勢追蹤,7.49,>MA5,空頭,,,,,,,,tracking,signal_tracking_20260807.csv,7.0,2.56,1.92,,11.3,-5.54,11.3,-5.54,0.0,-0.85,,11.3,-5.54,買,2053.0,1.0,0.0
2026-08-06,5289.TWO,宜鼎,1610.0,單跳空、漲停、漲幅達標、周1K,94.0,A強勢追蹤,9.68,>MA5,糾結,,,,,,,,tracking,signal_tracking_20260807.csv,7.0,-8.7,-4.66,,4.35,-11.49,4.35,-11.49,0.0,-6.83,,4.35,-11.49,買,3640.6,0.0,0.0
2026-08-06,5309.TWO,系統電,53.2,廣義上升三法、單跳空,60.0,C觀察,1.1,>MA5,糾結,,,,,,,,tracking,signal_tracking_20260807.csv,7.0,5.83,4.51,,7.14,-2.82,7.14,-2.82,1.0,-2.26,,7.14,-2.82,買,3422.2,1.0,1.0
2026-08-06,5314.TWO,世紀*,59.5,廣義上升三法,60.0,C觀察,3.76,>MA5,糾結,,,,,,,,資料異常,signal_tracking_20260807.csv,1.0,,,,2.02,-1.18,2.02,-1.18,0.0,,,,,買,3996.0,,
2026-08-06,5340.TWO,建榮,75.7,三白兵、單跳空、島狀反轉、漲幅達標,76.0,A強勢追蹤,4.62,>MA5,空頭,,,,,,,,tracking,signal_tracking_20260807.csv,7.0,-2.25,3.83,,8.98,-7.53,8.98,-7.53,0.0,-7.13,,8.98,-7.53,買,8029.0,1.0,0.0
2026-08-06,5351.TWO,鈺創,96.5,三白兵、雙跳空、單跳空、雙漲停、漲停、漲幅達標、周1K,100.0,A強勢追蹤,10.32,>MA5,糾結,,,,,,,,tracking,signal_tracking_20260807.csv,7.0,23.83,33.68,,34.72,5.18,43.01,5.18,1.0,7.77,,43.01,5.18,買,31072.0,1.0,1.0
2026-08-06,5371.TWO,中光電,90.5,三白兵、單跳空、漲幅達標、周1K,68.0,B可追蹤,6.06,>MA5,空頭,,,,,,,,tracking,signal_tracking_20260807.csv,7.0,-3.2,-4.64,,-1.33,-10.17,3.43,-10.17,0.0,-8.29,,3.43,-10.17,買,24417.0,0.0,0.0
2026-08-06,5388.TW,中磊,91.6,單跳空、島狀反轉,72.0,B可追蹤,4.47,>MA5,糾結,,,,,,,,tracking,signal_tracking_20260807.csv,7.0,-0.55,-11.46,,3.71,-12.23,3.71,-13.86,0.0,-0.22,,3.71,-13.86,買,5001.8,0.0,0.0
2026-08-06,5392.TWO,能率,46.4,三白兵、雙跳空、單跳空、漲停、漲幅達標、周1K,100.0,A強勢追蹤,5.38,>MA5,糾結,,,,,,,,tracking,signal_tracking_20260807.csv,7.0,-2.37,-2.37,,2.8,-3.34,2.8,-3.34,0.0,-0.75,,2.8,-3.34,買,6860.0,0.0,0.0
2026-08-06,5490.TWO,同亨,33.35,廣義上升三法,61.0,C觀察,3.62,MA5~10,多頭,,,,,,,,tracking,signal_tracking_20260807.csv,7.0,-9.45,-8.1,,-1.5,-9.9,-1.5,-9.9,0.0,-7.95,,-1.5,-9.9,買,1739.4,0.0,0.0
2026-08-06,5498.TWO,凱崴,50.1,廣義上升三法、單跳空、三白兵,81.0,A強勢追蹤,3.91,>MA5,糾結,,,,,,,,tracking,signal_tracking_20260807.csv,7.0,2.0,6.39,,12.18,-3.99,12.18,-3.99,1.0,-3.19,,12.18,-3.99,買,2291.5,1.0,1.0
2026-08-06,5904.TWO,寶雅,720.0,廣義上升三法、周1K,72.0,B可追蹤,4.7,>MA5,糾結,,,,,,,,資料異常,signal_tracking_20260807.csv,,,,,,,,,,,,,,買,1352.0,,
2026-08-06,6112.TW,邁達特,45.25,雙跳空、廣義上升三法、單跳空、周1K,98.0,A強勢追蹤,4.72,>MA5,糾結,,,,,,,,tracking,signal_tracking_20260807.csv,7.0,2.54,2.87,,4.31,-1.22,4.75,-1.22,0.0,1.44,,4.75,-1.22,買,2982.1,1.0,0.0
2026-08-06,6116.TW,彩晶,14.2,單跳空、漲停、廣義上升三法、島狀反轉、漲幅達標、周1K,94.0,A強勢追蹤,0.87,>MA5,空頭,,,,,,,,tracking,signal_tracking_20260807.csv,7.0,-0.0,-1.76,,4.93,-4.58,4.93,-4.58,0.0,-4.58,,4.93,-4.58,買,36172.1,0.0,0.0
2026-08-06,6120.TW,達運,13.65,單跳空、廣義上升三法、島狀反轉、周1K,100.0,A強勢追蹤,3.68,>MA5,糾結,,,,,,,,tracking,signal_tracking_20260807.csv,7.0,-5.49,-8.06,,0.73,-8.06,0.73,-8.42,0.0,-1.47,,0.73,-8.42,買,2223.1,0.0,0.0
2026-08-06,6139.TW,亞翔,800.0,單跳空、島狀反轉,57.0,C觀察,2.72,>MA5,空頭,,,,,,,,tracking,signal_tracking_20260807.csv,7.0,1.5,0.63,,4.75,-1.88,4.75,-1.88,0.0,0.25,,4.75,-1.88,買,3060.7,1.0,0.0
2026-08-06,6141.TW,柏承,35.45,單跳空、廣義上升三法、島狀反轉,61.0,C觀察,4.66,>MA5,空頭,,,,,,,,tracking,signal_tracking_20260807.csv,7.0,-2.26,3.24,,6.06,-5.08,8.6,-5.08,0.0,-3.81,,8.6,-5.08,買,1974.9,1.0,0.0
2026-08-06,6147.TWO,頎邦,158.5,三白兵、單跳空、漲停、島狀反轉、漲幅達標,75.0,A強勢追蹤,2.61,>MA5,空頭,,,,,,,,tracking,signal_tracking_20260807.csv,7.0,1.89,3.79,,7.89,-8.83,7.89,-8.83,0.0,-7.57,,7.89,-8.83,買,17518.0,1.0,0.0
2026-08-06,6161.TWO,捷波,55.6,單跳空、漲停、島狀反轉、漲幅達標、周1K,90.0,A強勢追蹤,5.07,>MA5,空頭,,,,,,,,tracking,signal_tracking_20260807.csv,7.0,-4.5,-5.94,,2.16,-6.83,2.16,-8.45,0.0,0.18,,2.16,-8.45,買,1918.0,0.0,0.0
2026-08-06,6166.TW,凌華,143.5,KD高腳,65.0,B可追蹤,5.43,>MA5,糾結,,,,,,,,tracking,signal_tracking_20260807.csv,7.0,-5.23,-4.53,,2.79,-7.32,2.79,-11.15,0.0,-1.74,,2.79,-11.15,買,6819.5,0.0,0.0
2026-08-06,6179.TWO,亞通,27.65,單跳空、漲幅達標、周1K,79.0,A強勢追蹤,4.97,>MA5,糾結,,,,,,,,tracking,signal_tracking_20260807.csv,7.0,-0.54,0.72,,1.63,-5.42,5.97,-5.42,0.0,-2.17,,5.97,-5.42,買,4146.0,1.0,0.0
2026-08-06,6186.TWO,新潤,42.45,3K反轉、廣義上升三法,56.0,C觀察,0.15,>MA5,空頭,,,,,,,,tracking,signal_tracking_20260807.csv,7.0,-16.61,-20.14,,-14.02,-21.32,-14.02,-23.44,0.0,-15.08,,-14.02,-23.44,買,2559.0,0.0,0.0
2026-08-06,6187.TWO,萬潤,1070.0,三白兵、雙跳空、單跳空,80.0,A強勢追蹤,6.68,>MA5,糾結,,,,,,,,tracking,signal_tracking_20260807.csv,7.0,-1.87,18.69,,18.69,-3.27,30.84,-3.27,1.0,5.61,,30.84,-3.27,買,4131.0,1.0,1.0
2026-08-06,6197.TW,佳必琪,316.5,廣義上升三法、周1K,77.0,A強勢追蹤,2.06,>MA5,糾結,,,,,,,,tracking,signal_tracking_20260807.csv,7.0,-4.74,-1.42,,0.32,-7.42,0.32,-7.42,0.0,-7.27,,0.32,-7.42,買,1361.2,0.0,0.0
2026-08-06,6202.TW,盛群,60.1,雙跳空、單跳空、周1K,96.0,A強勢追蹤,7.14,>MA5,糾結,,,,,,,,tracking,signal_tracking_20260807.csv,7.0,6.99,3.16,,10.32,-2.5,10.32,-2.5,1.0,-0.33,,10.32,-2.5,買,5238.4,1.0,1.0
2026-08-06,6206.TW,飛捷,148.0,三白兵、周1K,91.0,A強勢追蹤,6.89,>MA5,多頭,,,,,,,,tracking,signal_tracking_20260807.csv,7.0,-3.38,5.74,,7.43,-6.08,7.43,-6.08,0.0,-2.7,,7.43,-6.08,買,7373.4,1.0,0.0
2026-08-06,6209.TW,今國光,76.7,廣義上升三法、周1K,84.0,A強勢追蹤,6.82,>MA5,糾結,,,,,,,,tracking,signal_tracking_20260807.csv,7.0,-2.22,-7.95,,1.56,-7.95,1.56,-9.52,0.0,-3.13,,1.56,-9.52,買,7648.5,0.0,0.0
2026-08-06,6213.TW,聯茂,341.0,三白兵、雙跳空、單跳空、漲停、廣義上升三法、漲幅達標、周1K,100.0,A強勢追蹤,7.94,>MA5,空頭,,,,,,,,tracking,signal_tracking_20260807.csv,7.0,32.55,37.54,,39.3,7.33,44.13,7.33,1.0,14.08,,44.13,7.33,買,26865.7,1.0,1.0
2026-08-06,6214.TW,精誠,153.0,3K反轉、廣義上升三法,88.0,A強勢追蹤,4.13,>MA5,多頭,,,,,,,,tracking,signal_tracking_20260807.csv,7.0,-6.54,2.29,,2.29,-8.17,17.32,-8.17,0.0,-4.25,,17.32,-8.17,買,2633.8,1.0,0.0
2026-08-06,6215.TW,和椿,97.7,單跳空、廣義上升三法,68.0,B可追蹤,2.27,>MA5,糾結,,,,,,,,tracking,signal_tracking_20260807.csv,7.0,4.91,9.52,,13.61,1.13,13.61,1.13,1.0,1.33,,13.61,1.13,買,1346.5,1.0,1.0
2026-08-06,6217.TWO,中探針,161.5,雙跳空、雙漲停、漲停、漲幅達標、單跳空、三白兵,100.0,A強勢追蹤,8.35,>MA5,糾結,,,,,,,,tracking,signal_tracking_20260807.csv,7.0,-5.26,4.33,,7.12,-7.74,7.12,-7.74,0.0,2.17,,7.12,-7.74,買,1011.8,1.0,0.0
2026-08-06,6226.TW,光鼎,22.85,漲停、漲幅達標、周1K,65.0,B可追蹤,1.79,>MA5,糾結,,,,,,,,tracking,signal_tracking_20260807.csv,7.0,-11.16,-14.22,,4.16,-14.66,4.16,-18.16,0.0,-3.5,,4.16,-18.16,買,13172.2,0.0,0.0
2026-08-06,6265.TWO,方土昶,51.3,三白兵、單跳空、周1K,83.0,A強勢追蹤,6.33,>MA5,空頭,,,,,,,,tracking,signal_tracking_20260807.csv,7.0,9.36,14.81,,16.76,5.26,33.92,5.26,1.0,7.99,,33.92,5.26,買,6070.0,1.0,1.0
2026-08-06,6269.TW,台郡,61.7,三白兵、單跳空、漲停、島狀反轉、漲幅達標,100.0,A強勢追蹤,5.81,>MA5,糾結,,,,,,,,tracking,signal_tracking_20260807.csv,7.0,9.24,5.35,,14.75,1.46,14.75,1.46,1.0,7.94,,14.75,1.46,買,6285.9,1.0,1.0
2026-08-06,6271.TW,同欣電,190.0,三白兵、單跳空、廣義上升三法、周1K,70.0,B可追蹤,1.95,>MA5,空頭,,,,,,,,tracking,signal_tracking_20260807.csv,7.0,2.89,4.74,,7.89,0.53,7.89,0.53,1.0,1.84,,7.89,0.53,買,10347.2,1.0,1.0
2026-08-06,6274.TWO,台燿,1470.0,三白兵、雙跳空、單跳空、雙漲停、漲停、漲幅達標、周1K,100.0,A強勢追蹤,9.81,>MA5,糾結,,,,,,,,tracking,signal_tracking_20260807.csv,7.0,9.18,8.84,,13.95,-2.72,17.69,-2.72,1.0,-2.04,,17.69,-2.72,買,2828.0,1.0,1.0
2026-08-06,6278.TW,台表科,168.0,三白兵、單跳空、漲停、島狀反轉、漲幅達標,79.0,A強勢追蹤,2.6,>MA5,空頭,,,,,,,,tracking,signal_tracking_20260807.csv,7.0,-0.3,0.0,,4.76,-8.33,8.04,-8.33,0.0,-7.14,,8.04,-8.33,買,2427.2,0.0,0.0
2026-08-06,6285.TW,啟碁,260.0,三白兵、單跳空、島狀反轉、周1K,98.0,A強勢追蹤,6.1,>MA5,空頭,,,,,,,,tracking,signal_tracking_20260807.csv,7.0,-2.31,-5.19,,0.38,-11.35,0.38,-11.35,0.0,-10.38,,0.38,-11.35,買,11916.7,0.0,0.0
2026-08-06,6414.TW,樺漢,469.0,KD高腳、漲幅達標,72.0,B可追蹤,5.36,>MA5,糾結,,,,,,,,tracking,signal_tracking_20260807.csv,7.0,-4.37,-3.84,,3.52,-6.08,3.52,-13.43,0.0,1.07,,3.52,-13.43,買,3812.1,0.0,0.0
2026-08-06,6426.TW,統新,187.0,漲停、漲幅達標,55.0,C觀察,8.59,>MA5,糾結,,,,,,,,tracking,signal_tracking_20260807.csv,7.0,16.58,15.51,,24.6,1.34,28.34,1.34,1.0,9.89,,28.34,1.34,買,1260.0,1.0,1.0
2026-08-06,6442.TW,光聖,1370.0,三白兵、雙跳空、單跳空,57.0,C觀察,3.34,>MA5,空頭,,,,,,,,tracking,signal_tracking_20260807.csv,7.0,5.84,14.23,,21.9,-5.11,21.9,-5.11,0.0,-3.28,,21.9,-5.11,買,6003.6,1.0,0.0
2026-08-06,6443.TW,元晶,27.7,三白兵、單跳空、島狀反轉、漲幅達標,69.0,B可追蹤,1.58,>MA5,空頭,,,,,,,,tracking,signal_tracking_20260807.csv,7.0,-2.89,0.0,,2.53,-6.5,3.97,-6.5,0.0,-6.14,,3.97,-6.5,買,8136.0,0.0,0.0
2026-08-06,6446.TW,藥華藥,1335.0,單跳空、漲停、漲幅達標、周1K,86.0,A強勢追蹤,3.29,>MA5,糾結,,,,,,,,tracking,signal_tracking_20260807.csv,7.0,9.36,8.24,,16.1,-10.86,16.1,-10.86,0.0,-7.12,,16.1,-10.86,買,4891.4,1.0,0.0
2026-08-06,6451.TW,訊芯-KY,430.0,三白兵、單跳空、漲停、島狀反轉、漲幅達標,71.0,B可追蹤,3.51,>MA5,空頭,,,,,,,,tracking,signal_tracking_20260807.csv,7.0,0.7,1.4,,10.47,-2.44,10.47,-2.44,0.0,-2.09,,10.47,-2.44,買,1938.5,1.0,0.0
2026-08-06,6472.TW,保瑞,424.5,廣義上升三法、漲幅達標、周1K,76.0,A強勢追蹤,2.68,>MA5,糾結,,,,,,,,tracking,signal_tracking_20260807.csv,7.0,-0.24,-0.59,,2.71,-3.18,2.71,-4.0,0.0,-1.65,,2.71,-4.0,買,1595.2,0.0,0.0
2026-08-06,6491.TW,晶碩,379.0,廣義上升三法、周1K,77.0,A強勢追蹤,3.97,>MA5,糾結,,,,,,,,tracking,signal_tracking_20260807.csv,7.0,-0.26,-2.37,,1.98,-2.9,1.98,-5.8,0.0,-1.58,,1.98,-5.8,買,1034.6,0.0,0.0
2026-08-06,6509.TWO,聚和,47.0,廣義上升三法、單跳空,65.0,B可追蹤,1.13,>MA5,糾結,,,,,,,,tracking,signal_tracking_20260807.csv,7.0,1.49,4.26,,5.11,-0.21,5.11,-1.06,1.0,1.06,,5.11,-1.06,買,1306.4,1.0,1.0
2026-08-06,6526.TW,達發,632.0,三白兵、單跳空、漲停、島狀反轉、漲幅達標,87.0,A強勢追蹤,5.25,>MA5,空頭,,,,,,,,tracking,signal_tracking_20260807.csv,7.0,-1.9,-1.27,,1.11,-3.16,1.11,-5.7,0.0,-1.11,,1.11,-5.7,買,1155.8,0.0,0.0
2026-08-06,6530.TWO,創威,82.1,三白兵、雙跳空、單跳空、漲停、漲幅達標,97.0,A強勢追蹤,5.63,>MA5,糾結,,,,,,,,tracking,signal_tracking_20260807.csv,7.0,-2.19,4.51,,10.11,-9.01,10.11,-9.01,0.0,-8.65,,10.11,-9.01,買,1023.0,1.0,0.0
2026-08-06,6531.TW,愛普*,855.0,三白兵、雙跳空、單跳空,61.0,C觀察,8.69,>MA5,空頭,,,,,,,,tracking,signal_tracking_20260807.csv,7.0,-2.81,1.17,,18.13,-3.16,18.13,-3.16,0.0,11.23,,18.13,-3.16,買,2047.2,1.0,0.0
2026-08-06,6538.TWO,倉和,156.5,三白兵、周1K,73.0,B可追蹤,11.36,>MA5,糾結,,,,,,,,tracking,signal_tracking_20260807.csv,7.0,-6.07,13.42,,13.42,-10.22,24.6,-10.22,0.0,-7.35,,24.6,-10.22,買,6410.0,1.0,0.0
2026-08-06,6547.TWO,高端疫苗,52.1,布林縮窄突破、單跳空、漲停、漲幅達標、周1K,100.0,A強勢追蹤,4.95,>MA5,多頭,,,,,,,,tracking,signal_tracking_20260807.csv,7.0,-0.19,0.19,,0.96,-7.77,0.96,-7.77,0.0,-0.96,,0.96,-7.77,買,7631.0,1.0,0.0
2026-08-06,6548.TWO,長科*,74.4,三白兵、周1K,65.0,B可追蹤,2.4,>MA5,糾結,,,,,,,,tracking,signal_tracking_20260807.csv,7.0,0.27,0.13,,4.17,-2.96,4.17,-3.9,0.0,-2.69,,4.17,-3.9,買,5454.0,1.0,0.0
2026-08-06,6579.TW,研揚,179.5,單跳空、漲停、KD高腳、漲幅達標,79.0,A強勢追蹤,3.09,>MA5,糾結,,,,,,,,tracking,signal_tracking_20260807.csv,7.0,-11.42,-12.53,,-1.95,-13.37,-1.95,-15.6,0.0,-4.46,,-1.95,-15.6,買,1892.3,0.0,0.0
2026-08-06,6603.TWO,富強鑫,26.75,3K反轉、廣義上升三法,77.0,A強勢追蹤,1.23,>MA5,多頭,,,,,,,,tracking,signal_tracking_20260807.csv,7.0,0.56,7.85,,9.91,-6.54,14.02,-6.54,0.0,-2.8,,14.02,-6.54,買,2696.0,1.0,0.0
2026-08-06,6643.TWO,M31,455.0,漲停、廣義上升三法、漲幅達標,84.0,A強勢追蹤,6.1,>MA5,糾結,,,,,,,,tracking,signal_tracking_20260807.csv,7.0,-1.1,-1.65,,4.51,-5.05,4.51,-5.93,0.0,-3.96,,4.51,-5.93,買,1117.7,0.0,0.0
2026-08-06,6669.TW,緯穎,6175.0,單跳空、周1K,81.0,A強勢追蹤,8.68,>MA5,多頭,,,,,,,,tracking,signal_tracking_20260807.csv,7.0,-3.97,-1.7,,1.46,-5.18,9.15,-5.18,0.0,-1.21,,9.15,-5.18,買,2205.3,0.0,0.0
2026-08-06,6672.TW,騰輝電子-KY,231.0,單跳空、廣義上升三法、周1K,82.0,A強勢追蹤,1.94,>MA5,糾結,,,,,,,,tracking,signal_tracking_20260807.csv,7.0,11.26,14.5,,17.97,-2.6,24.68,-2.6,1.0,-0.87,,24.68,-2.6,買,2699.3,1.0,1.0
2026-08-06,6683.TWO,雍智科技,1165.0,三白兵、雙跳空、單跳空,68.0,B可追蹤,2.88,>MA5,糾結,,,,,,,,tracking,signal_tracking_20260807.csv,7.0,6.87,19.74,,19.74,-4.72,25.32,-4.72,1.0,-3.86,,25.32,-4.72,買,1034.9,1.0,1.0
2026-08-06,6706.TW,惠特,116.5,三白兵、單跳空、漲停、島狀反轉、漲幅達標,79.0,A強勢追蹤,2.36,>MA5,空頭,,,,,,,,tracking,signal_tracking_20260807.csv,7.0,0.43,5.15,,8.58,-7.3,8.58,-7.3,0.0,-6.44,,8.58,-7.3,買,1188.2,1.0,0.0
2026-08-06,6727.TWO,亞泰金屬,400.0,單跳空、三白兵,60.0,C觀察,5.69,>MA5,糾結,,,,,,,,tracking,signal_tracking_20260807.csv,7.0,-2.38,-1.75,,2.37,-5.75,18.75,-5.75,0.0,-4.25,,18.75,-5.75,買,1173.6,0.0,0.0
2026-08-06,6770.TW,力積電,66.1,三白兵、單跳空、雙漲停、漲停、廣義上升三法、島狀反轉、漲幅達標、周1K,100.0,A強勢追蹤,6.86,>MA5,空頭,,,,,,,,tracking,signal_tracking_20260807.csv,7.0,1.36,13.31,,17.1,-1.66,23.75,-1.66,1.0,-0.91,,23.75,-1.66,買,240808.2,1.0,1.0
2026-08-06,6781.TW,AES-KY,1090.0,廣義上升三法、單跳空,76.0,A強勢追蹤,6.31,>MA5,糾結,,,,,,,,tracking,signal_tracking_20260807.csv,7.0,7.8,3.21,,12.84,2.29,12.84,0.0,1.0,5.05,,12.84,0.0,買,1044.4,1.0,1.0
2026-08-06,6789.TW,采鈺,456.5,廣義上升三法、單跳空,63.0,C觀察,2.2,>MA5,糾結,,,,,,,,tracking,signal_tracking_20260807.csv,7.0,-3.61,-1.2,,1.31,-9.53,1.31,-9.53,0.0,-8.65,,1.31,-9.53,買,1078.3,0.0,0.0
2026-08-06,6799.TW,來頡,90.7,單跳空、周1K,68.0,B可追蹤,4.67,>MA5,糾結,,,,,,,,tracking,signal_tracking_20260807.csv,7.0,-5.62,-5.07,,1.43,-6.73,1.43,-7.5,0.0,-4.85,,1.43,-7.5,買,1748.3,0.0,0.0
2026-08-06,6805.TW,富世達,1600.0,三白兵、單跳空,74.0,B可追蹤,7.45,>MA5,多頭,,,,,,,,tracking,signal_tracking_20260807.csv,7.0,11.87,14.38,,19.69,2.81,21.88,2.81,1.0,4.37,,21.88,2.81,買,3251.2,1.0,1.0
2026-08-06,6830.TW,汎銓,404.5,三白兵、雙跳空、單跳空,72.0,B可追蹤,3.6,>MA5,糾結,,,,,,,,tracking,signal_tracking_20260807.csv,7.0,0.99,3.96,,9.52,-3.46,9.52,-3.46,1.0,-1.61,,9.52,-3.46,買,3077.3,1.0,1.0
2026-08-06,6831.TW,邁科,656.0,漲停、漲幅達標、單跳空、三白兵,79.0,A強勢追蹤,5.52,>MA5,糾結,,,,,,,,tracking,signal_tracking_20260807.csv,7.0,-5.95,3.35,,9.76,-7.01,9.76,-7.01,0.0,-2.9,,9.76,-7.01,買,1440.3,1.0,0.0
2026-08-06,6907.TWO,雅特力-KY,195.0,3K反轉、廣義上升三法、漲停、漲幅達標,88.0,A強勢追蹤,9.27,>MA5,糾結,,,,,,,,tracking,signal_tracking_20260807.csv,7.0,-4.1,-12.56,,10.0,-13.85,10.0,-13.85,0.0,-3.08,,10.0,-13.85,買,2479.4,0.0,0.0
2026-08-06,6913.TWO,鴻呈,139.0,3K反轉、漲停、廣義上升三法、漲幅達標、周1K,100.0,A強勢追蹤,6.69,>MA5,糾結,,,,,,,,tracking,signal_tracking_20260807.csv,7.0,5.76,7.55,,11.51,1.08,11.51,1.08,1.0,5.04,,11.51,1.08,買,1002.6,1.0,1.0
2026-08-06,7777.TWO,能率亞洲,42.4,單跳空、漲幅達標、周1K,72.0,B可追蹤,5.21,>MA5,空頭,,,,,,,,tracking,signal_tracking_20260807.csv,7.0,-6.01,-5.54,,0.47,-8.49,0.47,-9.08,0.0,-4.83,,0.47,-9.08,買,4632.0,0.0,0.0
2026-08-06,7788.TW,松川精密,218.0,單跳空、周1K,68.0,B可追蹤,4.5,>MA5,糾結,,,,,,,,tracking,signal_tracking_20260807.csv,7.0,9.4,26.38,,27.52,1.61,30.05,1.61,1.0,7.8,,30.05,1.61,買,1005.6,1.0,1.0
2026-08-06,8016.TW,矽創,309.5,單跳空、周1K,63.0,C觀察,2.18,>MA5,糾結,,,,,,,,tracking,signal_tracking_20260807.csv,7.0,-1.13,1.94,,4.85,-1.13,4.85,-3.07,0.0,0.32,,4.85,-3.07,買,1220.4,1.0,0.0
2026-08-06,8021.TW,尖點,396.0,三白兵、雙跳空、單跳空,62.0,C觀察,2.27,>MA5,空頭,,,,,,,,tracking,signal_tracking_20260807.csv,7.0,10.86,8.33,,12.75,-1.01,12.75,-1.01,1.0,-0.25,,12.75,-1.01,買,11219.4,1.0,1.0
2026-08-06,8027.TWO,鈦昇,183.0,三白兵、雙跳空、單跳空,59.0,C觀察,0.91,>MA5,空頭,,,,,,,,tracking,signal_tracking_20260807.csv,7.0,-0.82,3.83,,9.02,-6.01,9.02,-6.01,0.0,-6.01,,9.02,-6.01,買,2552.4,1.0,0.0
2026-08-06,8028.TW,昇陽半導體,282.0,三白兵、單跳空、廣義上升三法、島狀反轉,74.0,B可追蹤,1.05,>MA5,空頭,,,,,,,,tracking,signal_tracking_20260807.csv,7.0,-7.45,-5.14,,-1.77,-10.46,-1.77,-10.46,0.0,-9.93,,-1.77,-10.46,買,1547.4,0.0,0.0
2026-08-06,8033.TW,雷虎,189.0,雙跳空、單跳空、巧妙點、周1K,70.0,B可追蹤,4.75,>MA5,空頭,,,,,,,,tracking,signal_tracking_20260807.csv,7.0,0.0,-2.91,,0.53,-14.02,12.96,-14.02,0.0,-2.12,,12.96,-14.02,買,1076.5,0.0,0.0
2026-08-06,8039.TW,台虹,220.0,三白兵、單跳空、漲停、島狀反轉、漲幅達標,98.0,A強勢追蹤,16.63,>MA5,糾結,,,,,,,,tracking,signal_tracking_20260807.csv,7.0,-1.82,13.41,,15.45,-4.32,30.23,-4.32,1.0,7.95,,30.23,-4.32,買,7676.4,1.0,1.0
2026-08-06,8046.TW,南電,1115.0,單跳空、周1K,67.0,B可追蹤,7.18,>MA5,糾結,,,,,,,,tracking,signal_tracking_20260807.csv,7.0,3.14,8.97,,16.59,-5.83,23.77,-5.83,0.0,-3.14,,23.77,-5.83,買,3172.5,1.0,0.0
2026-08-06,8050.TWO,廣積,64.9,漲停、漲幅達標、周1K,65.0,B可追蹤,3.81,>MA5,空頭,,,,,,,,tracking,signal_tracking_20260807.csv,7.0,-5.08,-9.71,,6.93,-10.48,6.93,-12.17,0.0,6.32,,6.93,-12.17,買,5928.0,0.0,0.0
2026-08-06,8088.TWO,品安,49.6,單跳空、廣義上升三法,72.0,B可追蹤,3.34,>MA5,糾結,,,,,,,,tracking,signal_tracking_20260807.csv,7.0,-0.81,-1.21,,2.22,-5.04,2.22,-5.54,0.0,-5.04,,2.22,-5.54,買,5319.6,0.0,0.0
2026-08-06,8110.TW,華東,46.0,三白兵、雙跳空、單跳空、廣義上升三法,100.0,A強勢追蹤,6.25,>MA5,糾結,,,,,,,,tracking,signal_tracking_20260807.csv,7.0,0.65,0.33,,4.35,-2.5,5.54,-2.5,0.0,-1.52,,5.54,-2.5,買,15738.1,1.0,0.0
2026-08-06,8111.TWO,立碁,62.9,單跳空,56.0,C觀察,7.1,>MA5,多頭,,,,,,,,tracking,signal_tracking_20260807.csv,7.0,-7.79,-7.63,,0.32,-10.17,0.32,-12.08,0.0,-5.56,,0.32,-12.08,買,6553.7,0.0,0.0
2026-08-06,8112.TW,至上,86.2,單跳空、島狀反轉,57.0,C觀察,3.0,>MA5,空頭,,,,,,,,tracking,signal_tracking_20260807.csv,7.0,16.01,13.46,,17.75,3.02,17.75,3.02,1.0,5.8,,17.75,3.02,買,15135.8,1.0,1.0
2026-08-06,8131.TW,福懋科,66.0,三白兵、周1K,58.0,C觀察,2.43,>MA5,空頭,,,,,,,,tracking,signal_tracking_20260807.csv,7.0,-4.24,0.0,,1.36,-6.06,2.12,-6.06,0.0,-5.0,,2.12,-6.06,買,8546.2,0.0,0.0
2026-08-06,8150.TW,南茂,86.5,三白兵、雙跳空、單跳空,55.0,C觀察,0.5,>MA5,空頭,,,,,,,,tracking,signal_tracking_20260807.csv,7.0,14.45,7.4,,14.91,-2.2,14.91,-2.2,1.0,-0.23,,14.91,-2.2,買,41209.7,1.0,1.0
2026-08-06,8271.TW,宇瞻,247.0,廣義上升三法、KD高腳、漲幅達標,95.0,A強勢追蹤,10.98,>MA5,多頭,,,,,,,,tracking,signal_tracking_20260807.csv,7.0,-5.06,-7.09,,-1.01,-7.49,-1.01,-9.11,0.0,-4.66,,-1.01,-9.11,買,17234.4,0.0,0.0
2026-08-06,8299.TWO,群聯,2025.0,漲停、漲幅達標,67.0,B可追蹤,6.99,>MA5,糾結,,,,,,,,tracking,signal_tracking_20260807.csv,7.0,3.21,12.59,,12.59,-2.72,14.81,-2.72,1.0,-0.25,,14.81,-2.72,買,5663.5,1.0,1.0
2026-08-06,8358.TWO,金居,384.0,漲停、漲幅達標,59.0,C觀察,5.32,>MA5,糾結,,,,,,,,tracking,signal_tracking_20260807.csv,7.0,-0.91,9.64,,15.89,-10.81,20.31,-10.81,0.0,-8.33,,20.31,-10.81,買,20816.5,1.0,0.0
2026-08-06,8996.TW,高力,1135.0,三白兵、單跳空、漲停、漲幅達標、周1K,98.0,A強勢追蹤,10.23,>MA5,糾結,,,,,,,,tracking,signal_tracking_20260807.csv,7.0,-6.17,13.22,,13.22,-8.37,17.18,-8.37,0.0,-7.93,,17.18,-8.37,買,4340.5,1.0,0.0
2026-08-06,9910.TW,豐泰,69.7,KD高腳、下降趨勢線突破(中長期),56.0,C觀察,0.3,>MA5,糾結,,,,,,,,tracking,signal_tracking_20260807.csv,7.0,2.3,0.86,,5.02,-1.29,5.02,-1.72,0.0,-0.29,,5.02,-1.72,買,1310.5,1.0,0.0
2026-08-06,9921.TW,巨大,90.2,KD高腳、周1K,81.0,A強勢追蹤,5.69,>MA5,糾結,,,,,,,,tracking,signal_tracking_20260807.csv,7.0,23.61,16.41,,25.83,-0.22,25.83,-0.22,1.0,2.44,,25.83,-0.22,買,3337.7,1.0,1.0
2026-08-06,9939.TW,宏全,134.0,周1K,70.0,B可追蹤,2.13,>MA5,多頭,,,,,,,,tracking,signal_tracking_20260807.csv,7.0,1.12,0.75,,8.58,-0.75,8.58,-2.61,0.0,7.84,,8.58,-2.61,買,1701.9,1.0,0.0
2026-08-07,1303.TW,南亞,188.0,3K反轉、周1K,65.0,B可追蹤,4.89,>MA5,糾結,,,,,,,,tracking,signal_tracking_20260807.csv,6.0,0.53,10.37,,10.37,-8.24,14.36,-8.24,0.0,-1.6,,14.36,-8.24,買,128704.0,1.0,0.0
2026-08-07,1402.TW,遠東新,27.5,3K反轉、KD高腳、下降趨勢線突破(中短期),63.0,C觀察,0.3,>MA5,空頭,,,,,,,,tracking,signal_tracking_20260807.csv,6.0,0.18,-1.45,,1.45,-3.09,1.45,-3.09,0.0,-0.91,,1.45,-3.09,買,21173.2,0.0,0.0
2026-08-07,1605.TW,華新,34.55,廣義上升三法、周1K,76.0,A強勢追蹤,2.2,>MA5,糾結,,,,,,,,tracking,signal_tracking_20260807.csv,6.0,15.77,13.02,,18.67,4.05,18.67,4.05,1.0,9.99,,18.67,4.05,買,16250.6,1.0,1.0
2026-08-07,1608.TW,華榮,34.95,廣義上升三法、周1K,85.0,A強勢追蹤,4.75,>MA5,糾結,,,,,,,,tracking,signal_tracking_20260807.csv,6.0,8.58,5.87,,12.16,-0.72,12.16,-0.72,1.0,2.29,,12.16,-0.72,買,8794.6,1.0,1.0
2026-08-07,1709.TW,和益,27.8,周1K,63.0,C觀察,7.24,>MA5,糾結,,,,,,,,tracking,signal_tracking_20260807.csv,6.0,0.72,9.17,,15.83,-5.76,19.96,-5.76,0.0,-1.8,,19.96,-5.76,買,4758.9,1.0,0.0
2026-08-07,1785.TWO,光洋科,115.0,廣義上升三法,55.0,C觀察,2.51,>MA5,糾結,,,,,,,,tracking,signal_tracking_20260807.csv,6.0,-7.39,-9.13,,3.91,-10.43,3.91,-10.43,0.0,3.04,,3.91,-10.43,買,6323.0,0.0,0.0
2026-08-07,1808.TW,潤隆,33.05,3K反轉、廣義上升三法,81.0,A強勢追蹤,1.95,>MA5,多頭,,,,,,,,tracking,signal_tracking_20260807.csv,6.0,-0.91,-1.21,,1.36,-3.03,1.36,-3.03,0.0,0.91,,1.36,-3.03,買,1599.3,0.0,0.0
2026-08-07,1815.TWO,富喬,85.9,廣義上升三法,63.0,C觀察,5.06,>MA5,糾結,,,,,,,,tracking,signal_tracking_20260807.csv,6.0,4.77,6.52,,9.31,-0.93,12.34,-0.93,1.0,3.73,,12.34,-0.93,買,31275.0,1.0,1.0
2026-08-07,1904.TW,正隆,22.8,布林縮窄突破、廣義上升三法、周1K,99.0,A強勢追蹤,1.37,>MA5,糾結,,,,,,,,tracking,signal_tracking_20260807.csv,6.0,10.31,7.24,,13.38,2.19,13.38,2.19,1.0,6.14,,13.38,2.19,買,3979.6,1.0,1.0
2026-08-07,1907.TW,永豐餘,30.35,廣義上升三法、周1K,90.0,A強勢追蹤,2.69,>MA5,多頭,,,,,,,,tracking,signal_tracking_20260807.csv,6.0,-0.66,-4.61,,3.13,-6.92,3.13,-6.92,0.0,1.65,,3.13,-6.92,買,3006.9,0.0,0.0
2026-08-07,2006.TW,東和鋼鐵,86.2,漲停、廣義上升三法、漲幅達標、周1K,100.0,A強勢追蹤,8.31,>MA5,多頭,,,,,,,,tracking,signal_tracking_20260807.csv,6.0,-2.78,-6.15,,3.48,-6.96,3.48,-7.19,0.0,-0.35,,3.48,-7.19,買,11103.4,0.0,0.0
2026-08-07,2009.TW,第一銅,39.9,廣義上升三法、周1K,85.0,A強勢追蹤,3.88,>MA5,糾結,,,,,,,,tracking,signal_tracking_20260807.csv,6.0,3.63,-2.26,,5.14,-3.01,5.14,-3.01,0.0,-0.63,,5.14,-3.01,買,4448.1,0.0,0.0
2026-08-07,2014.TW,中鴻,17.65,廣義上升三法、下降趨勢線突破(中長期),63.0,C觀察,1.9,>MA5,糾結,,,,,,,,tracking,signal_tracking_20260807.csv,6.0,-1.13,-3.97,,2.55,-4.25,2.55,-4.25,0.0,1.7,,2.55,-4.25,買,8360.3,0.0,0.0
2026-08-07,2027.TW,大成鋼,46.6,廣義上升三法、周1K,95.0,A強勢追蹤,4.74,>MA5,多頭,,,,,,,,tracking,signal_tracking_20260807.csv,6.0,0.54,2.15,,10.52,-1.29,10.52,-1.29,1.0,1.5,,10.52,-1.29,買,16784.7,1.0,1.0
2026-08-07,2030.TW,彰源,18.6,布林縮窄突破、廣義上升三法、下降趨勢線突破(中長期)、周1K,100.0,A強勢追蹤,3.08,>MA5,糾結,,,,,,,,tracking,signal_tracking_20260807.csv,6.0,15.86,10.48,,17.74,8.33,17.74,8.33,1.0,9.95,,17.74,8.33,買,1705.3,1.0,1.0
2026-08-07,2031.TW,新光鋼,40.95,3K反轉、KD高腳、下降趨勢線突破(中長期),61.0,C觀察,2.76,>MA5,空頭,,,,,,,,tracking,signal_tracking_20260807.csv,6.0,10.74,6.35,,16.0,5.62,16.0,5.62,1.0,13.55,,16.0,5.62,買,2504.7,1.0,1.0
2026-08-07,2034.TW,允強,20.1,單跳空、廣義上升三法、下降趨勢線突破(中短期),70.0,B可追蹤,1.53,>MA5,糾結,,,,,,,,tracking,signal_tracking_20260807.csv,6.0,0.5,-1.0,,2.49,-2.74,2.49,-2.74,0.0,1.24,,2.49,-2.74,買,4758.0,0.0,0.0
2026-08-07,2049.TW,上銀,362.0,周1K,73.0,B可追蹤,7.66,>MA5,多頭,,,,,,,,tracking,signal_tracking_20260807.csv,6.0,1.93,3.18,,11.74,-0.55,11.74,-0.55,1.0,6.91,,11.74,-0.55,買,12613.4,1.0,1.0
2026-08-07,2069.TW,運錩,19.6,單跳空、周1K,82.0,A強勢追蹤,3.15,>MA5,多頭,,,,,,,,tracking,signal_tracking_20260807.csv,6.0,1.53,0.77,,3.83,0.77,3.83,0.77,0.0,1.79,,3.83,0.77,買,1241.0,1.0,0.0
2026-08-07,2070.TWO,精湛,59.3,雙跳空、單跳空,71.0,B可追蹤,5.91,>MA5,糾結,,,,,,,,tracking,signal_tracking_20260807.csv,6.0,6.91,2.02,,8.26,-2.36,8.26,-2.36,1.0,-0.51,,8.26,-2.36,買,1354.2,1.0,1.0
2026-08-07,2103.TW,台橡,25.0,單跳空、漲停、漲幅達標、周1K,94.0,A強勢追蹤,5.52,>MA5,糾結,,,,,,,,tracking,signal_tracking_20260807.csv,6.0,9.4,7.4,,15.8,7.2,15.8,7.2,1.0,10.0,,15.8,7.2,買,4116.3,1.0,1.0
2026-08-07,2302.TW,麗正,42.9,巧妙點、周1K,67.0,B可追蹤,2.52,>MA5,糾結,,,,,,,,tracking,signal_tracking_20260807.csv,6.0,6.18,-1.63,,11.07,-1.63,11.07,-3.38,0.0,-0.93,,11.07,-3.38,買,3180.3,0.0,0.0
2026-08-07,2317.TW,鴻海,260.0,周1K,69.0,B可追蹤,2.65,>MA5,多頭,,,,,,,,tracking,signal_tracking_20260807.csv,6.0,3.85,-0.19,,5.58,-0.96,5.58,-1.92,0.0,1.73,,5.58,-1.92,買,38687.2,0.0,0.0
2026-08-07,2328.TW,廣宇,45.1,廣義上升三法,55.0,C觀察,2.23,>MA5,糾結,,,,,,,,tracking,signal_tracking_20260807.csv,6.0,3.1,1.0,,6.1,0.44,6.1,-0.22,0.0,4.32,,6.1,-0.22,買,3054.2,1.0,0.0
2026-08-07,2344.TW,華邦電,163.5,周1K,55.0,C觀察,4.64,>MA5,糾結,,,,,,,,tracking,signal_tracking_20260807.csv,6.0,8.26,12.23,,18.04,3.06,18.04,3.06,1.0,9.79,,18.04,3.06,買,176484.0,1.0,1.0
2026-08-07,2354.TW,鴻準,61.8,周1K,74.0,B可追蹤,3.64,>MA5,多頭,,,,,,,,tracking,signal_tracking_20260807.csv,6.0,1.94,1.13,,5.5,-0.16,5.5,-0.32,0.0,2.1,,5.5,-0.32,買,81326.2,1.0,0.0
2026-08-07,2359.TW,所羅門,143.5,廣義上升三法,55.0,C觀察,4.98,>MA5,糾結,,,,,,,,tracking,signal_tracking_20260807.csv,6.0,-0.35,11.15,,17.77,-3.14,21.95,-3.14,1.0,6.97,,21.95,-3.14,買,8857.6,1.0,1.0
2026-08-07,2362.TW,藍天,50.5,周1K,73.0,B可追蹤,7.63,>MA5,多頭,,,,,,,,tracking,signal_tracking_20260807.csv,6.0,-3.17,-1.19,,0.0,-9.7,0.0,-9.7,0.0,-7.33,,0.0,-9.7,買,4198.5,0.0,0.0
2026-08-07,2369.TW,菱生,34.25,廣義上升三法、周1K,76.0,A強勢追蹤,2.51,>MA5,糾結,,,,,,,,tracking,signal_tracking_20260807.csv,6.0,-3.21,-3.36,,-0.15,-4.82,-0.15,-5.11,0.0,-1.9,,-0.15,-5.11,買,8771.5,0.0,0.0
2026-08-07,2371.TW,大同,25.95,廣義上升三法、下降趨勢線突破(中長期),63.0,C觀察,0.17,>MA5,糾結,,,,,,,,tracking,signal_tracking_20260807.csv,6.0,1.54,1.54,,5.39,-4.05,5.78,-4.05,0.0,3.28,,5.78,-4.05,買,6942.3,1.0,0.0
2026-08-07,2377.TW,微星,154.0,周1K,55.0,C觀察,4.58,>MA5,糾結,,,,,,,,tracking,signal_tracking_20260807.csv,6.0,9.74,3.25,,12.66,-1.3,12.66,-2.92,1.0,0.65,,12.66,-2.92,買,17400.9,1.0,1.0
2026-08-07,2388.TW,威盛,77.9,周1K,60.0,C觀察,3.79,MA5~10,多頭,,,,,,,,tracking,signal_tracking_20260807.csv,6.0,-0.51,-2.31,,6.55,-3.72,6.55,-3.72,0.0,3.59,,6.55,-3.72,買,4528.8,0.0,0.0
2026-08-07,2395.TW,研華,634.0,廣義上升三法、周1K,99.0,A強勢追蹤,6.08,>MA5,多頭,,,,,,,,tracking,signal_tracking_20260807.csv,6.0,8.2,7.73,,11.83,1.58,11.83,1.58,1.0,5.21,,11.83,1.58,買,6226.6,1.0,1.0
2026-08-07,2397.TW,友通,66.2,廣義上升三法、漲幅達標、下降趨勢線突破(中長期)、周1K,92.0,A強勢追蹤,7.79,>MA5,糾結,,,,,,,,tracking,signal_tracking_20260807.csv,6.0,0.76,-0.6,,2.87,-2.87,2.87,-2.87,0.0,2.72,,2.87,-2.87,買,1946.1,0.0,0.0
2026-08-07,2399.TW,映泰,42.55,廣義上升三法、周1K,76.0,A強勢追蹤,4.47,>MA5,糾結,,,,,,,,tracking,signal_tracking_20260807.csv,6.0,5.99,7.99,,10.81,-0.71,11.16,-0.71,1.0,2.59,,11.16,-0.71,買,7043.2,1.0,1.0
2026-08-07,2404.TW,漢唐,1170.0,廣義上升三法、周1K,72.0,B可追蹤,3.15,>MA5,糾結,,,,,,,,tracking,signal_tracking_20260807.csv,6.0,-2.99,-3.85,,0.85,-5.98,0.85,-5.98,0.0,-1.71,,0.85,-5.98,買,1767.5,0.0,0.0
2026-08-07,2408.TW,南亞科,457.0,廣義上升三法、周1K,76.0,A強勢追蹤,7.13,>MA5,糾結,,,,,,,,tracking,signal_tracking_20260807.csv,6.0,5.58,12.04,,18.6,3.5,18.6,3.5,1.0,9.85,,18.6,3.5,買,70438.3,1.0,1.0
2026-08-07,2421.TW,建準,151.5,周1K,65.0,B可追蹤,4.71,>MA5,多頭,,,,,,,,tracking,signal_tracking_20260807.csv,6.0,-0.66,-3.63,,3.96,-4.29,3.96,-4.95,0.0,-1.32,,3.96,-4.95,買,6058.8,0.0,0.0
2026-08-07,2425.TW,承啟,52.9,漲停、廣義上升三法、漲幅達標、周1K,100.0,A強勢追蹤,8.43,>MA5,多頭,,,,,,,,tracking,signal_tracking_20260807.csv,6.0,-20.79,-22.31,,-2.08,-22.5,-2.08,-28.07,0.0,-6.33,,-2.08,-28.07,買,14440.0,0.0,0.0
2026-08-07,2441.TW,超豐,123.0,周1K,55.0,C觀察,5.72,>MA5,糾結,,,,,,,,tracking,signal_tracking_20260807.csv,6.0,2.03,-2.44,,6.1,-2.85,6.1,-4.07,0.0,4.88,,6.1,-4.07,買,6648.9,0.0,0.0
2026-08-07,2442.TW,新美齊,19.4,3K反轉、廣義上升三法、KD高腳、下降趨勢線突破(短期),74.0,B可追蹤,0.16,>MA5,空頭,,,,,,,,tracking,signal_tracking_20260807.csv,6.0,1.03,-0.0,,1.55,-0.52,1.55,-1.29,0.0,1.29,,1.55,-1.29,買,1203.0,0.0,0.0
2026-08-07,2451.TW,創見,297.0,巧妙點、廣義上升三法,90.0,A強勢追蹤,3.85,>MA5,多頭,,,,,,,,tracking,signal_tracking_20260807.csv,6.0,-0.84,-1.52,,3.03,-4.38,3.03,-4.38,0.0,-0.51,,3.03,-4.38,買,9724.0,0.0,0.0
2026-08-07,2455.TW,全新,372.0,周1K,65.0,B可追蹤,12.17,>MA5,多頭,,,,,,,,tracking,signal_tracking_20260807.csv,6.0,3.36,2.02,,6.99,-3.63,12.1,-3.63,1.0,3.36,,12.1,-3.63,買,35122.4,1.0,1.0
2026-08-07,2464.TW,盟立,173.5,周1K,55.0,C觀察,8.16,>MA5,糾結,,,,,,,,tracking,signal_tracking_20260807.csv,6.0,13.26,10.66,,18.16,0.0,19.88,0.0,1.0,3.75,,19.88,0.0,買,26434.7,1.0,1.0
2026-08-07,2527.TW,宏璟,47.1,廣義上升三法,56.0,C觀察,3.37,>MA5,糾結,,,,,,,,tracking,signal_tracking_20260807.csv,6.0,-1.59,-5.73,,1.59,-6.69,1.59,-6.69,0.0,1.06,,1.59,-6.69,買,1592.9,0.0,0.0
2026-08-07,2603.TW,長榮,207.5,3K反轉、下降趨勢線突破(中長期),70.0,B可追蹤,1.66,>MA5,多頭,,,,,,,,tracking,signal_tracking_20260807.csv,6.0,3.37,5.54,,6.02,0.24,11.81,0.24,1.0,3.13,,11.81,0.24,買,5997.5,1.0,1.0
2026-08-07,2605.TW,新興,32.55,3K反轉、廣義上升三法,92.0,A強勢追蹤,2.89,>MA5,多頭,,,,,,,,tracking,signal_tracking_20260807.csv,6.0,-0.0,-0.61,,4.15,-3.69,4.15,-3.69,0.0,1.69,,4.15,-3.69,買,4771.6,0.0,0.0
2026-08-07,2606.TW,裕民,67.5,3K反轉、布林縮窄突破、廣義上升三法、周1K,100.0,A強勢追蹤,3.02,>MA5,多頭,,,,,,,,tracking,signal_tracking_20260807.csv,6.0,-0.15,-1.78,,1.33,-4.3,1.78,-4.3,0.0,-1.04,,1.78,-4.3,買,8510.8,0.0,0.0
2026-08-07,2618.TW,長榮航,44.4,3K反轉、廣義上升三法,92.0,A強勢追蹤,2.86,>MA5,多頭,,,,,,,,tracking,signal_tracking_20260807.csv,6.0,-5.07,-10.14,,-3.15,-11.71,-3.15,-11.71,0.0,-3.94,,-3.15,-11.71,買,37269.4,0.0,0.0
2026-08-07,2637.TW,慧洋-KY,87.9,3K反轉、廣義上升三法、下降趨勢線突破(中短期)、周1K,100.0,A強勢追蹤,3.83,>MA5,多頭,,,,,,,,tracking,signal_tracking_20260807.csv,6.0,0.11,-2.5,,1.02,-4.55,1.02,-4.55,0.0,0.23,,1.02,-4.55,買,3827.6,0.0,0.0
2026-08-07,2867.TW,三商壽,9.77,廣義上升三法,64.0,C觀察,2.38,MA5~10,多頭,,,,,,,,tracking,signal_tracking_20260807.csv,6.0,-3.48,-0.2,,0.31,-4.4,0.31,-4.4,0.0,-0.72,,0.31,-4.4,買,17496.0,0.0,0.0
2026-08-07,2880.TW,華南金,44.05,廣義上升三法,69.0,B可追蹤,2.78,>MA5,多頭,,,,,,,,tracking,signal_tracking_20260807.csv,6.0,-2.9,-11.58,,0.81,-13.73,0.81,-13.73,0.0,-1.1,,0.81,-13.73,買,25496.4,0.0,0.0
2026-08-07,2884.TW,玉山金,38.15,廣義上升三法,62.0,C觀察,1.67,>MA5,多頭,,,,,,,,tracking,signal_tracking_20260807.csv,6.0,-3.67,-1.31,,0.13,-4.85,0.13,-4.85,0.0,-0.92,,0.13,-4.85,買,17323.6,0.0,0.0
2026-08-07,2915.TW,潤泰全,51.9,3K反轉、廣義上升三法、KD高腳,84.0,A強勢追蹤,-0.15,>MA5,多頭,,,,,,,,tracking,signal_tracking_20260807.csv,6.0,5.01,14.64,,14.64,0.58,18.5,0.58,1.0,2.89,,18.5,0.58,買,1506.2,1.0,1.0
2026-08-07,3006.TW,晶豪科,256.5,廣義上升三法、周1K,84.0,A強勢追蹤,11.99,>MA5,糾結,,,,,,,,tracking,signal_tracking_20260807.csv,6.0,6.82,6.63,,11.31,2.92,11.31,2.92,1.0,7.41,,11.31,2.92,買,19472.0,1.0,1.0
2026-08-07,3017.TW,奇鋐,2785.0,周1K,73.0,B可追蹤,7.87,>MA5,多頭,,,,,,,,tracking,signal_tracking_20260807.csv,6.0,4.49,16.16,,19.21,-5.75,19.21,-5.75,0.0,-0.72,,19.21,-5.75,買,4132.9,1.0,0.0
2026-08-07,3022.TW,威強電,103.0,廣義上升三法、周1K,99.0,A強勢追蹤,8.07,>MA5,多頭,,,,,,,,tracking,signal_tracking_20260807.csv,6.0,2.43,-8.54,,13.11,-9.13,13.11,-9.13,0.0,9.71,,13.11,-9.13,買,6847.2,0.0,0.0
2026-08-07,3028.TW,增你強,72.6,廣義上升三法、下降趨勢線突破(中長期),65.0,B可追蹤,6.0,>MA5,糾結,,,,,,,,tracking,signal_tracking_20260807.csv,6.0,-3.99,-6.2,,-0.14,-6.61,-0.14,-8.68,0.0,-5.65,,-0.14,-8.68,買,1571.8,0.0,0.0
2026-08-07,3034.TW,聯詠,542.0,廣義上升三法、周1K,79.0,A強勢追蹤,1.26,>MA5,多頭,,,,,,,,tracking,signal_tracking_20260807.csv,6.0,-0.92,-5.54,,2.77,-6.46,2.77,-8.03,0.0,0.37,,2.77,-8.03,買,3478.5,0.0,0.0
2026-08-07,3037.TW,欣興,955.0,周1K,55.0,C觀察,6.58,>MA5,糾結,,,,,,,,tracking,signal_tracking_20260807.csv,6.0,4.71,6.81,,9.42,1.78,17.28,1.78,1.0,3.87,,17.28,1.78,買,21565.2,1.0,1.0
2026-08-07,3048.TW,益登,58.4,周1K,63.0,C觀察,8.44,>MA5,糾結,,,,,,,,tracking,signal_tracking_20260807.csv,6.0,2.23,0.68,,9.42,-2.91,9.42,-2.91,0.0,-1.88,,9.42,-2.91,買,4249.5,1.0,0.0
2026-08-07,3088.TWO,艾訊,136.5,廣義上升三法,56.0,C觀察,3.2,>MA5,糾結,,,,,,,,tracking,signal_tracking_20260807.csv,6.0,2.56,-5.86,,9.52,-6.59,9.52,-8.42,0.0,6.96,,9.52,-8.42,買,1876.3,0.0,0.0
2026-08-07,3114.TWO,好德,38.8,三白兵、單跳空、廣義上升三法、島狀反轉、周1K,100.0,A強勢追蹤,5.81,>MA5,糾結,,,,,,,,tracking,signal_tracking_20260807.csv,6.0,-6.57,-13.66,,1.8,-13.66,1.8,-14.43,0.0,-3.35,,1.8,-14.43,買,5382.1,0.0,0.0
2026-08-07,3141.TWO,晶宏,79.0,廣義上升三法、周1K,90.0,A強勢追蹤,5.97,>MA5,多頭,,,,,,,,tracking,signal_tracking_20260807.csv,6.0,-5.06,-9.11,,3.8,-9.49,3.8,-10.76,0.0,1.27,,3.8,-10.76,買,2986.4,0.0,0.0
2026-08-07,3189.TW,景碩,823.0,周1K,55.0,C觀察,7.66,>MA5,糾結,,,,,,,,tracking,signal_tracking_20260807.csv,6.0,4.25,4.74,,5.95,-1.94,13.24,-1.94,1.0,1.58,,13.24,-1.94,買,16088.4,1.0,1.0
2026-08-07,3213.TWO,茂訊,138.5,周1K,61.0,C觀察,4.76,>MA5,多頭,,,,,,,,tracking,signal_tracking_20260807.csv,6.0,-3.25,-1.81,,1.08,-3.97,1.08,-3.97,0.0,-0.36,,1.08,-3.97,買,2605.0,0.0,0.0
2026-08-07,3293.TWO,鈊象,799.0,廣義上升三法、下降趨勢線突破(中長期)、周1K,97.0,A強勢追蹤,2.19,>MA5,多頭,,,,,,,,tracking,signal_tracking_20260807.csv,6.0,-2.25,-6.13,,0.88,-6.13,0.88,-8.89,0.0,-0.88,,0.88,-8.89,買,2739.6,0.0,0.0
2026-08-07,3324.TWO,雙鴻,1060.0,3K反轉、單跳空、漲停、廣義上升三法、漲幅達標,100.0,A強勢追蹤,9.44,>MA5,多頭,,,,,,,,tracking,signal_tracking_20260807.csv,6.0,-0.94,-4.72,,1.89,-5.66,1.89,-5.66,0.0,-4.72,,1.89,-5.66,買,7041.0,0.0,0.0
2026-08-07,3416.TW,融程電,191.0,廣義上升三法、周1K,77.0,A強勢追蹤,4.71,>MA5,糾結,,,,,,,,tracking,signal_tracking_20260807.csv,6.0,-1.83,-3.66,,4.71,-4.71,4.71,-5.5,0.0,2.62,,4.71,-5.5,買,1331.5,0.0,0.0
2026-08-07,3441.TWO,聯一光,84.4,巧妙點,59.0,C觀察,5.35,MA5~10,多頭,,,,,,,,tracking,signal_tracking_20260807.csv,6.0,3.32,-0.71,,5.33,-7.7,7.82,-7.7,0.0,-5.81,,7.82,-7.7,買,17408.4,0.0,0.0
2026-08-07,3443.TW,創意,4545.0,廣義上升三法,56.0,C觀察,5.38,>MA5,糾結,,,,,,,,tracking,signal_tracking_20260807.csv,6.0,12.87,20.24,,28.27,-0.77,31.79,-0.77,1.0,-0.33,,31.79,-0.77,買,1909.6,1.0,1.0
2026-08-07,3450.TW,聯鈞,477.0,周1K,55.0,C觀察,5.69,>MA5,糾結,,,,,,,,tracking,signal_tracking_20260807.csv,6.0,6.29,6.92,,13.84,-1.05,15.3,-1.05,1.0,9.85,,15.3,-1.05,買,16987.7,1.0,1.0
2026-08-07,3498.TWO,陽程,116.5,廣義上升三法、周1K,77.0,A強勢追蹤,5.48,>MA5,糾結,,,,,,,,tracking,signal_tracking_20260807.csv,6.0,12.45,35.62,,35.62,1.29,44.64,1.29,1.0,7.3,,44.64,1.29,買,1929.6,1.0,1.0
2026-08-07,3504.TW,揚明光,77.1,巧妙點、廣義上升三法、周1K,100.0,A強勢追蹤,6.06,>MA5,多頭,,,,,,,,tracking,signal_tracking_20260807.csv,6.0,-1.3,-3.89,,1.82,-5.32,4.41,-5.32,0.0,-4.15,,4.41,-5.32,買,1771.8,0.0,0.0
2026-08-07,3577.TWO,泓格,142.0,廣義上升三法,56.0,C觀察,7.78,>MA5,糾結,,,,,,,,tracking,signal_tracking_20260807.csv,6.0,-8.1,-9.51,,-3.17,-11.97,-3.17,-12.68,0.0,-5.99,,-3.17,-12.68,買,1464.5,0.0,0.0
2026-08-07,3594.TWO,磐儀,60.0,廣義上升三法、周1K,99.0,A強勢追蹤,7.69,>MA5,多頭,,,,,,,,tracking,signal_tracking_20260807.csv,6.0,-5.5,-14.5,,2.5,-14.5,2.5,-14.67,0.0,0.0,,2.5,-14.67,買,7399.0,0.0,0.0
2026-08-07,3605.TW,宏致,107.5,周1K,73.0,B可追蹤,12.13,>MA5,多頭,,,,,,,,tracking,signal_tracking_20260807.csv,6.0,11.63,22.33,,27.91,-4.19,27.91,-4.19,1.0,1.4,,27.91,-4.19,買,11175.6,1.0,1.0
2026-08-07,3653.TW,健策,4450.0,廣義上升三法、周1K,90.0,A強勢追蹤,16.75,>MA5,多頭,,,,,,,,tracking,signal_tracking_20260807.csv,6.0,0.45,9.1,,9.21,-12.47,20.0,-12.47,0.0,-7.08,,20.0,-12.47,買,2141.7,1.0,0.0
2026-08-07,3661.TW,世芯-KY,3715.0,廣義上升三法,56.0,C觀察,2.64,>MA5,糾結,,,,,,,,tracking,signal_tracking_20260807.csv,6.0,9.15,13.32,,21.94,-1.35,21.94,-1.35,1.0,2.29,,21.94,-1.35,買,2270.7,1.0,1.0
2026-08-07,3685.TWO,元創精密,38.1,3K反轉、漲停、廣義上升三法、KD高腳、漲幅達標、下降趨勢線突破(中短期),100.0,A強勢追蹤,8.13,>MA5,空頭,,,,,,,,tracking,signal_tracking_20260807.csv,6.0,-0.26,-2.89,,5.51,-3.54,5.51,-8.14,0.0,0.26,,5.51,-8.14,買,2175.0,0.0,0.0
2026-08-07,3702.TW,大聯大,125.5,周1K,73.0,B可追蹤,7.88,>MA5,多頭,,,,,,,,tracking,signal_tracking_20260807.csv,6.0,-2.39,-8.37,,3.98,-8.37,3.98,-12.75,0.0,3.59,,3.98,-12.75,買,15203.4,0.0,0.0
2026-08-07,3714.TW,富采,59.4,廣義上升三法,60.0,C觀察,4.33,>MA5,糾結,,,,,,,,tracking,signal_tracking_20260807.csv,6.0,-1.85,-4.21,,0.84,-8.08,1.35,-8.08,0.0,-0.67,,1.35,-8.08,買,10283.5,0.0,0.0
2026-08-07,3716.TW,中化控股,34.95,3K反轉、單跳空、島狀反轉、KD高腳、漲幅達標、下降趨勢線突破(中短期),73.0,B可追蹤,1.23,>MA5,空頭,,,,,,,,tracking,signal_tracking_20260807.csv,6.0,0.0,-0.43,,2.0,-1.0,2.0,-1.29,0.0,1.14,,2.0,-1.29,買,1830.3,0.0,0.0
2026-08-07,3717.TW,聯嘉投控,24.05,3K反轉、單跳空、島狀反轉、下降趨勢線突破(中短期),78.0,A強勢追蹤,0.87,>MA5,糾結,,,,,,,,tracking,signal_tracking_20260807.csv,6.0,-4.78,-6.24,,1.25,-8.52,1.25,-8.52,0.0,-2.49,,1.25,-8.52,買,10505.7,0.0,0.0
2026-08-07,4123.TWO,晟德,39.1,廣義上升三法、周1K,79.0,A強勢追蹤,0.84,>MA5,多頭,,,,,,,,tracking,signal_tracking_20260807.csv,6.0,-14.5,-16.45,,-4.02,-17.54,-4.02,-19.05,0.0,-4.02,,-4.02,-19.05,買,2015.7,0.0,0.0
2026-08-07,4142.TW,國光生,17.7,布林縮窄突破、廣義上升三法,74.0,B可追蹤,1.53,>MA5,糾結,,,,,,,,tracking,signal_tracking_20260807.csv,6.0,-2.54,-3.11,,0.56,-3.67,0.56,-3.67,0.0,-0.85,,0.56,-3.67,買,2200.6,0.0,0.0
2026-08-07,4167.TWO,松瑞藥,19.75,單跳空、廣義上升三法、島狀反轉、下降趨勢線突破(中短期),88.0,A強勢追蹤,2.82,>MA5,糾結,,,,,,,,tracking,signal_tracking_20260807.csv,6.0,-6.58,-3.04,,-1.52,-7.59,-1.01,-7.59,0.0,-5.32,,-1.01,-7.59,買,2841.7,0.0,0.0
2026-08-07,4540.TW,全球傳動,60.0,廣義上升三法、漲幅達標,75.0,A強勢追蹤,7.86,>MA5,糾結,,,,,,,,tracking,signal_tracking_20260807.csv,6.0,1.0,-0.5,,3.67,-4.5,8.83,-4.5,0.0,-0.33,,8.83,-4.5,買,12977.0,0.0,0.0
2026-08-07,4566.TW,時碩工業,76.3,漲停、廣義上升三法、漲幅達標、周1K,100.0,A強勢追蹤,7.64,>MA5,多頭,,,,,,,,tracking,signal_tracking_20260807.csv,6.0,-5.11,-0.92,,4.85,-8.26,4.85,-8.26,0.0,-1.97,,4.85,-8.26,買,9809.0,0.0,0.0
2026-08-07,4916.TW,事欣科,108.0,周1K,55.0,C觀察,3.01,>MA5,糾結,,,,,,,,tracking,signal_tracking_20260807.csv,6.0,-4.63,-1.85,,0.0,-6.94,2.78,-6.94,0.0,-3.7,,2.78,-6.94,買,5034.6,0.0,0.0
2026-08-07,4931.TWO,新盛力,216.5,周1K,55.0,C觀察,2.23,>MA5,糾結,,,,,,,,tracking,signal_tracking_20260807.csv,6.0,23.33,21.48,,25.4,6.47,25.4,6.47,1.0,9.93,,25.4,6.47,買,16184.1,1.0,1.0
2026-08-07,4961.TW,天鈺,172.5,廣義上升三法、周1K,77.0,A強勢追蹤,3.13,>MA5,糾結,,,,,,,,tracking,signal_tracking_20260807.csv,6.0,0.29,-5.22,,2.03,-6.38,2.03,-7.25,0.0,0.87,,2.03,-7.25,買,1493.4,0.0,0.0
2026-08-07,4973.TWO,廣穎,162.5,漲停、漲幅達標、周1K,96.0,A強勢追蹤,9.86,>MA5,糾結,,,,,,,,tracking,signal_tracking_20260807.csv,6.0,-2.46,-1.85,,3.69,-6.46,3.69,-6.46,0.0,-0.31,,3.69,-6.46,買,5235.0,0.0,0.0
2026-08-07,4991.TWO,環宇-KY,465.0,三白兵、廣義上升三法、下降趨勢線突破(中長期),75.0,A強勢追蹤,8.39,>MA5,糾結,,,,,,,,tracking,signal_tracking_20260807.csv,6.0,4.19,-1.08,,12.26,-1.08,12.26,-1.08,0.0,9.89,,12.26,-1.08,買,1247.1,0.0,0.0
2026-08-07,5314.TWO,世紀*,59.5,廣義上升三法,55.0,C觀察,3.76,>MA5,糾結,,,,,,,,資料異常,signal_tracking_20260807.csv,,,,,,,,,,,,,,買,3960.0,,
2026-08-07,5351.TWO,鈺創,104.0,周1K,55.0,C觀察,11.56,>MA5,糾結,,,,,,,,tracking,signal_tracking_20260807.csv,6.0,17.31,27.88,,32.69,-0.96,32.69,-0.96,1.0,9.62,,32.69,-0.96,買,60280.5,1.0,1.0
2026-08-07,5392.TWO,能率,46.05,周1K,55.0,C觀察,4.81,>MA5,糾結,,,,,,,,tracking,signal_tracking_20260807.csv,6.0,-0.0,-1.85,,2.5,-2.61,2.71,-2.61,0.0,2.28,,2.71,-2.61,買,5436.9,0.0,0.0
2026-08-07,5490.TWO,同亨,33.35,廣義上升三法,56.0,C觀察,3.38,MA5~10,多頭,,,,,,,,tracking,signal_tracking_20260807.csv,6.0,-8.4,-6.6,,-5.1,-9.9,-5.1,-9.9,0.0,-5.85,,-5.1,-9.9,買,1730.0,0.0,0.0
2026-08-07,5538.TW,東明-KY,35.4,單跳空、廣義上升三法、島狀反轉,89.0,A強勢追蹤,2.18,>MA5,糾結,,,,,,,,tracking,signal_tracking_20260807.csv,6.0,-6.07,-3.95,,2.54,-7.06,2.54,-7.06,0.0,0.0,,2.54,-7.06,買,1123.8,0.0,0.0
2026-08-07,5904.TWO,寶雅,720.0,廣義上升三法、周1K,72.0,B可追蹤,4.7,>MA5,糾結,,,,,,,,資料異常,signal_tracking_20260807.csv,,,,,,,,,,,,,,買,1352.0,,
2026-08-07,6112.TW,邁達特,45.9,廣義上升三法、周1K,81.0,A強勢追蹤,4.68,>MA5,糾結,,,,,,,,tracking,signal_tracking_20260807.csv,6.0,0.54,2.18,,3.27,-0.22,3.27,-0.98,0.0,1.63,,3.27,-0.98,買,1128.3,1.0,0.0
2026-08-07,6177.TW,達麗,48.8,廣義上升三法、下降趨勢線突破(中長期),76.0,A強勢追蹤,2.17,>MA5,多頭,,,,,,,,tracking,signal_tracking_20260807.csv,6.0,-2.25,-2.15,,0.82,-3.79,0.82,-3.79,0.0,-0.61,,0.82,-3.79,買,2405.0,0.0,0.0
2026-08-07,6179.TWO,亞通,27.05,廣義上升三法、周1K,70.0,B可追蹤,1.92,>MA5,糾結,,,,,,,,tracking,signal_tracking_20260807.csv,6.0,1.11,-0.0,,3.88,-1.48,8.32,-1.48,0.0,3.14,,8.32,-1.48,買,1184.8,0.0,0.0
2026-08-07,6187.TWO,萬潤,1130.0,周1K,61.0,C觀察,6.27,>MA5,多頭,,,,,,,,tracking,signal_tracking_20260807.csv,6.0,2.21,12.83,,16.81,-8.41,23.89,-8.41,0.0,-3.54,,23.89,-8.41,買,2576.9,1.0,0.0
2026-08-07,6202.TW,盛群,59.9,廣義上升三法、周1K,59.0,C觀察,-0.9,>MA5,糾結,,,,,,,,tracking,signal_tracking_20260807.csv,6.0,6.51,0.83,,10.68,0.17,10.68,-0.33,0.0,6.51,,10.68,-0.33,買,3022.2,1.0,0.0
2026-08-07,6206.TW,飛捷,144.0,周1K,69.0,B可追蹤,5.36,>MA5,多頭,,,,,,,,tracking,signal_tracking_20260807.csv,6.0,1.39,-0.69,,10.42,-3.47,10.42,-3.47,0.0,9.72,,10.42,-3.47,買,2177.2,0.0,0.0
2026-08-07,6209.TW,今國光,74.3,周1K,55.0,C觀察,2.25,>MA5,糾結,,,,,,,,tracking,signal_tracking_20260807.csv,6.0,0.94,-6.19,,4.17,-6.59,4.17,-6.59,0.0,-0.4,,4.17,-6.59,買,8098.8,0.0,0.0
2026-08-07,6213.TW,聯茂,389.0,廣義上升三法、周1K,81.0,A強勢追蹤,12.13,>MA5,糾結,,,,,,,,tracking,signal_tracking_20260807.csv,6.0,19.28,23.39,,25.96,1.67,26.35,1.67,1.0,9.9,,26.35,1.67,買,50722.0,1.0,1.0
2026-08-07,6217.TWO,中探針,165.0,廣義上升三法,56.0,C觀察,5.26,>MA5,糾結,,,,,,,,tracking,signal_tracking_20260807.csv,6.0,-6.67,2.42,,4.85,-9.7,4.85,-9.7,0.0,0.0,,4.85,-9.7,買,1532.5,1.0,0.0
2026-08-07,6265.TWO,方土昶,55.4,廣義上升三法、周1K,89.0,A強勢追蹤,8.11,>MA5,糾結,,,,,,,,tracking,signal_tracking_20260807.csv,6.0,2.53,12.82,,15.16,-0.54,24.01,-0.54,1.0,0.72,,24.01,-0.54,買,5751.8,1.0,1.0
2026-08-07,6269.TW,台郡,66.6,廣義上升三法、周1K,89.0,A強勢追蹤,9.58,>MA5,糾結,,,,,,,,tracking,signal_tracking_20260807.csv,6.0,0.45,-1.35,,4.65,-6.01,4.65,-6.01,0.0,-1.05,,4.65,-6.01,買,16387.9,0.0,0.0
2026-08-07,6271.TW,同欣電,193.5,廣義上升三法、周1K,61.0,C觀察,0.04,>MA5,糾結,,,,,,,,tracking,signal_tracking_20260807.csv,6.0,2.33,0.26,,5.94,0.0,5.94,-1.29,0.0,1.81,,5.94,-1.29,買,11492.3,1.0,0.0
2026-08-07,6274.TWO,台燿,1440.0,周1K,55.0,C觀察,5.92,>MA5,糾結,,,,,,,,tracking,signal_tracking_20260807.csv,6.0,11.11,16.32,,20.14,0.35,20.14,0.35,1.0,1.39,,20.14,0.35,買,8844.1,1.0,1.0
2026-08-07,6279.TWO,胡連,126.5,布林縮窄突破、單跳空、廣義上升三法、周1K,100.0,A強勢追蹤,2.56,>MA5,糾結,,,,,,,,tracking,signal_tracking_20260807.csv,6.0,3.16,0.79,,3.56,-0.4,3.56,-0.4,0.0,2.77,,3.56,-0.4,買,3605.7,1.0,0.0
2026-08-07,6414.TW,樺漢,474.0,巧妙點、廣義上升三法,94.0,A強勢追蹤,8.38,>MA5,多頭,,,,,,,,tracking,signal_tracking_20260807.csv,6.0,-3.9,-14.14,,2.0,-14.35,2.0,-14.35,0.0,1.69,,2.0,-14.35,買,2323.5,0.0,0.0
2026-08-07,6426.TW,統新,187.0,漲停、漲幅達標,63.0,C觀察,8.44,>MA5,糾結,,,,,,,,tracking,signal_tracking_20260807.csv,6.0,18.72,17.11,,24.6,10.7,28.34,10.7,1.0,16.31,,28.34,10.7,買,1261.5,1.0,1.0
2026-08-07,6451.TW,訊芯-KY,452.0,三白兵、周1K,73.0,B可追蹤,7.46,>MA5,糾結,,,,,,,,tracking,signal_tracking_20260807.csv,6.0,-0.22,-5.86,,2.32,-7.08,2.32,-7.08,0.0,0.88,,2.32,-7.08,買,9222.8,0.0,0.0
2026-08-07,6509.TWO,聚和,47.5,廣義上升三法、周1K,70.0,B可追蹤,0.49,>MA5,糾結,,,,,,,,tracking,signal_tracking_20260807.csv,6.0,2.11,-0.21,,4.0,-1.37,4.0,-2.11,0.0,0.42,,4.0,-2.11,買,1125.4,0.0,0.0
2026-08-07,6531.TW,愛普*,951.0,三白兵、單跳空、周1K,81.0,A強勢追蹤,11.3,>MA5,糾結,,,,,,,,tracking,signal_tracking_20260807.csv,6.0,-7.68,-2.0,,6.2,-12.93,6.2,-12.93,0.0,-2.94,,6.2,-12.93,買,2214.0,0.0,0.0
2026-08-07,6532.TWO,瑞耘,82.1,廣義上升三法、漲幅達標,71.0,B可追蹤,6.79,>MA5,糾結,,,,,,,,tracking,signal_tracking_20260807.csv,6.0,5.24,5.36,,6.94,-0.24,9.26,-0.24,1.0,1.71,,9.26,-0.24,買,1189.8,1.0,1.0
2026-08-07,6533.TW,晶心科,256.0,漲停、廣義上升三法、漲幅達標、下降趨勢線突破(中短期、中長期)、周1K,100.0,A強勢追蹤,9.19,>MA5,糾結,,,,,,,,tracking,signal_tracking_20260807.csv,6.0,-0.59,-3.71,,1.95,-10.94,1.95,-10.94,0.0,-2.34,,1.95,-10.94,買,4493.0,0.0,0.0
2026-08-07,6547.TWO,高端疫苗,51.6,廣義上升三法、周1K,86.0,A強勢追蹤,4.4,>MA5,多頭,,,,,,,,tracking,signal_tracking_20260807.csv,6.0,-1.94,-0.19,,1.94,-2.91,1.94,-2.91,0.0,0.58,,1.94,-2.91,買,5128.9,0.0,0.0
2026-08-07,6669.TW,緯穎,6265.0,周1K,69.0,B可追蹤,10.7,>MA5,多頭,,,,,,,,tracking,signal_tracking_20260807.csv,6.0,-3.83,2.71,,6.15,-6.54,7.58,-6.54,0.0,-4.07,,7.58,-6.54,買,1342.3,1.0,0.0
2026-08-07,6691.TW,洋基工程,735.0,單跳空、廣義上升三法、周1K,89.0,A強勢追蹤,3.61,>MA5,糾結,,,,,,,,tracking,signal_tracking_20260807.csv,6.0,-0.27,-0.95,,1.9,-3.13,1.9,-3.13,0.0,-0.41,,1.9,-3.13,買,1090.8,0.0,0.0
2026-08-07,6770.TW,力積電,66.6,周1K,63.0,C觀察,7.52,>MA5,糾結,,,,,,,,tracking,signal_tracking_20260807.csv,6.0,10.66,17.72,,22.82,-1.95,22.82,-1.95,1.0,1.5,,22.82,-1.95,買,444029.4,1.0,1.0
2026-08-07,6781.TW,AES-KY,1145.0,單跳空、廣義上升三法,71.0,B可追蹤,6.12,>MA5,糾結,,,,,,,,tracking,signal_tracking_20260807.csv,6.0,0.0,-2.18,,7.42,-2.62,7.42,-4.8,0.0,4.37,,7.42,-4.8,買,2630.3,0.0,0.0
2026-08-07,6782.TW,視陽,218.0,廣義上升三法、下降趨勢線突破(中長期)、周1K,82.0,A強勢追蹤,4.95,>MA5,糾結,,,,,,,,tracking,signal_tracking_20260807.csv,6.0,-4.82,-7.11,,0.92,-7.57,0.92,-9.17,0.0,-1.83,,0.92,-9.17,買,1178.6,0.0,0.0
2026-08-07,6805.TW,富世達,1760.0,3K反轉、三白兵、漲停、漲幅達標,100.0,A強勢追蹤,15.0,>MA5,多頭,,,,,,,,tracking,signal_tracking_20260807.csv,6.0,4.26,2.56,,8.81,-4.55,10.8,-4.55,1.0,-0.28,,10.8,-4.55,買,3155.3,1.0,1.0
2026-08-07,6901.TW,鑽石投資,17.95,廣義上升三法、周1K,59.0,C觀察,-0.53,>MA5,糾結,,,,,,,,tracking,signal_tracking_20260807.csv,6.0,-5.85,-8.08,,-1.95,-10.86,-1.95,-10.86,0.0,-9.19,,-1.95,-10.86,買,3162.5,0.0,0.0
2026-08-07,6913.TWO,鴻呈,146.0,單跳空、廣義上升三法、周1K,100.0,A強勢追蹤,7.46,>MA5,多頭,,,,,,,,tracking,signal_tracking_20260807.csv,6.0,2.74,1.37,,6.16,-3.77,6.16,-3.77,0.0,0.0,,6.16,-3.77,買,2286.8,1.0,0.0
2026-08-07,7711.TW,永擎,375.0,雙跳空、單跳空,81.0,A強勢追蹤,10.3,>MA5,多頭,,,,,,,,tracking,signal_tracking_20260807.csv,6.0,19.33,25.87,,33.07,0.27,33.07,0.27,1.0,8.0,,33.07,0.27,買,2469.4,1.0,1.0
2026-08-07,7777.TWO,能率亞洲,41.7,周1K,59.0,C觀察,6.02,>MA5,糾結,,,,,,,,tracking,signal_tracking_20260807.csv,6.0,-3.84,-5.28,,0.0,-6.95,0.0,-7.55,0.0,-3.36,,0.0,-7.55,買,2428.0,0.0,0.0
2026-08-07,7788.TW,松川精密,235.0,廣義上升三法、漲幅達標、周1K,84.0,A強勢追蹤,4.29,>MA5,糾結,,,,,,,,tracking,signal_tracking_20260807.csv,6.0,8.94,14.04,,18.3,-3.83,20.64,-3.83,1.0,-0.21,,20.64,-3.83,買,2819.3,1.0,1.0
2026-08-07,8039.TW,台虹,237.5,單跳空、漲停、廣義上升三法、漲幅達標,86.0,A強勢追蹤,19.15,>MA5,糾結,,,,,,,,tracking,signal_tracking_20260807.csv,6.0,-4.42,14.74,,15.37,-11.37,20.63,-11.37,0.0,-4.84,,20.63,-11.37,買,7217.6,1.0,0.0
2026-08-07,8050.TWO,廣積,69.0,廣義上升三法、漲幅達標、周1K,98.0,A強勢追蹤,9.37,>MA5,多頭,,,,,,,,tracking,signal_tracking_20260807.csv,6.0,-14.78,-15.94,,-0.14,-17.25,-0.14,-17.39,0.0,-0.87,,-0.14,-17.39,買,16245.1,0.0,0.0
2026-08-07,8114.TW,振樺電,225.5,巧妙點,68.0,B可追蹤,6.16,>MA5,多頭,,,,,,,,tracking,signal_tracking_20260807.csv,6.0,-4.66,-9.53,,0.89,-9.53,0.89,-10.42,0.0,-0.89,,0.89,-10.42,買,1164.3,0.0,0.0
2026-08-07,8234.TWO,新漢,70.0,廣義上升三法,56.0,C觀察,3.4,>MA5,糾結,,,,,,,,tracking,signal_tracking_20260807.csv,6.0,-0.29,-0.86,,7.86,-1.43,7.86,-2.71,0.0,5.43,,7.86,-2.71,買,1688.9,0.0,0.0
2026-08-07,8454.TW,富邦媒,283.5,3K反轉、漲停、廣義上升三法、漲幅達標、周1K,100.0,A強勢追蹤,4.51,>MA5,糾結,,,,,,,,tracking,signal_tracking_20260807.csv,6.0,-5.64,-7.41,,4.23,-7.94,4.23,-8.99,0.0,-3.17,,4.23,-8.99,買,1049.6,0.0,0.0
2026-08-07,9921.TW,巨大,92.4,周1K,78.0,A強勢追蹤,7.1,>MA5,多頭,,,,,,,,tracking,signal_tracking_20260807.csv,6.0,17.97,9.31,,22.84,5.19,22.84,4.11,1.0,9.85,,22.84,4.11,買,3041.4,1.0,1.0
2026-08-07,9934.TW,成霖,10.95,3K反轉、單跳空、廣義上升三法、周1K,100.0,A強勢追蹤,2.11,>MA5,糾結,,,,,,,,tracking,signal_tracking_20260807.csv,6.0,8.22,1.83,,10.05,0.46,10.05,0.46,0.0,9.59,,10.05,0.46,買,1740.6,1.0,0.0
2026-08-07,9939.TW,宏全,144.5,廣義上升三法、周1K,100.0,A強勢追蹤,6.05,>MA5,多頭,,,,,,,,tracking,signal_tracking_20260807.csv,6.0,-7.27,-8.65,,0.35,-9.34,0.35,-9.69,0.0,0.0,,0.35,-9.69,買,3048.9,0.0,0.0
2026-08-07,9941.TW,裕融,84.3,布林縮窄突破、廣義上升三法、下降趨勢線突破(中長期)、周1K,95.0,A強勢追蹤,1.37,>MA5,糾結,,,,,,,,tracking,signal_tracking_20260807.csv,6.0,1.66,0.12,,2.49,-1.54,2.49,-1.54,0.0,1.07,,2.49,-1.54,買,2158.1,1.0,0.0
2026-08-07,9945.TW,潤泰新,26.75,3K反轉,64.0,C觀察,0.48,>MA5,多頭,,,,,,,,tracking,signal_tracking_20260807.csv,6.0,1.68,11.4,,11.4,0.0,15.33,0.0,1.0,1.87,,15.33,0.0,買,5730.5,1.0,1.0
2026-08-07,9958.TW,世紀鋼,113.5,廣義上升三法、周1K,78.0,A強勢追蹤,1.24,>MA5,糾結,,,,,,,,tracking,signal_tracking_20260807.csv,6.0,-5.73,-9.25,,2.64,-9.69,2.64,-10.13,0.0,2.2,,2.64,-10.13,買,3050.9,0.0,0.0
2026-08-10,1319.TW,東陽,77.1,廣義上升三法,55.0,C觀察,2.17,>MA5,糾結,,,,,,,,tracking,signal_tracking_20260810.csv,5.0,2.72,8.43,,11.54,-0.39,11.54,-0.39,1.0,2.2,,11.54,-0.39,買,1466.5,1.0,1.0
2026-08-10,1409.TW,新纖,24.75,3K反轉、單跳空、漲停、島狀反轉、漲幅達標,98.0,A強勢追蹤,2.15,>MA5,糾結,,,,,,,,tracking,signal_tracking_20260810.csv,5.0,1.62,-1.41,,3.64,-4.24,3.64,-4.24,0.0,-2.02,,3.64,-4.24,買,6010.9,0.0,0.0
2026-08-10,1440.TW,南紡,13.4,單跳空、廣義上升三法、周1K,92.0,A強勢追蹤,2.07,>MA5,糾結,,,,,,,,tracking,signal_tracking_20260810.csv,5.0,1.87,1.12,,4.1,-0.75,4.1,-0.75,0.0,2.24,,4.1,-0.75,買,5573.0,1.0,0.0
2026-08-10,1455.TW,集盛,9.9,布林縮窄突破、單跳空、漲停、廣義上升三法、漲幅達標、周1K,100.0,A強勢追蹤,4.89,>MA5,糾結,,,,,,,,tracking,signal_tracking_20260810.csv,5.0,-0.1,0.4,,1.52,-6.06,1.52,-6.06,0.0,-3.03,,1.52,-6.06,買,4754.4,1.0,0.0
2026-08-10,1517.TW,利奇,11.8,3K反轉、廣義上升三法,74.0,B可追蹤,3.46,>MA5,糾結,,,,,,,,tracking,signal_tracking_20260810.csv,5.0,-1.27,-3.39,,8.47,-3.81,8.47,-3.81,0.0,4.24,,8.47,-3.81,買,1040.1,0.0,0.0
2026-08-10,1526.TW,日馳,18.3,巧妙點,58.0,C觀察,5.52,>MA5,糾結,,,,,,,,tracking,signal_tracking_20260810.csv,5.0,-3.83,-6.01,,4.92,-7.1,4.92,-7.1,0.0,3.83,,4.92,-7.1,買,1177.4,0.0,0.0
2026-08-10,1590.TW,亞德客-KY,1550.0,廣義上升三法,69.0,B可追蹤,5.27,>MA5,多頭,,,,,,,,tracking,signal_tracking_20260810.csv,5.0,-5.16,-5.48,,4.19,-7.1,4.19,-7.1,0.0,0.65,,4.19,-7.1,買,1042.1,0.0,0.0
2026-08-10,1597.TW,直得,147.5,廣義上升三法,64.0,C觀察,5.15,>MA5,糾結,,,,,,,,tracking,signal_tracking_20260810.csv,5.0,1.69,-1.69,,4.07,-3.73,4.07,-3.73,0.0,0.34,,4.07,-3.73,買,2616.9,0.0,0.0
2026-08-10,1605.TW,華新,37.5,3K反轉、單跳空、廣義上升三法、漲幅達標、下降趨勢線突破(中長期)、周1K,100.0,A強勢追蹤,5.12,>MA5,糾結,,,,,,,,tracking,signal_tracking_20260810.csv,5.0,4.8,2.67,,9.33,-1.2,9.33,-1.2,1.0,2.13,,9.33,-1.2,買,49548.0,1.0,1.0
2026-08-10,1608.TW,華榮,35.75,廣義上升三法,74.0,B可追蹤,4.51,>MA5,多頭,,,,,,,,tracking,signal_tracking_20260810.csv,5.0,2.94,1.68,,9.65,0.14,9.65,0.14,0.0,1.96,,9.65,0.14,買,8067.7,1.0,0.0
2026-08-10,1618.TW,合機,40.35,3K反轉、布林縮窄突破、單跳空、廣義上升三法、下降趨勢線突破(中長期),100.0,A強勢追蹤,1.84,>MA5,多頭,,,,,,,,tracking,signal_tracking_20260810.csv,5.0,1.49,-3.35,,4.58,-4.09,4.58,-4.09,0.0,1.12,,4.58,-4.09,買,2059.3,0.0,0.0
2026-08-10,1711.TW,永光,38.05,漲停、廣義上升三法、漲幅達標,69.0,B可追蹤,1.96,>MA5,糾結,,,,,,,,tracking,signal_tracking_20260810.csv,5.0,4.34,3.94,,5.91,-2.37,5.91,-2.37,1.0,-0.53,,5.91,-2.37,買,2721.1,1.0,1.0
2026-08-10,1714.TW,和桐,16.65,廣義上升三法,55.0,C觀察,3.56,>MA5,糾結,,,,,,,,tracking,signal_tracking_20260810.csv,5.0,0.3,3.0,,5.41,-2.4,5.41,-2.4,1.0,-0.0,,5.41,-2.4,買,30001.0,1.0,1.0
2026-08-10,1717.TW,長興,69.6,廣義上升三法,55.0,C觀察,2.1,>MA5,糾結,,,,,,,,tracking,signal_tracking_20260810.csv,5.0,12.36,3.16,,14.66,-1.01,14.66,-1.01,1.0,3.3,,14.66,-1.01,買,10630.2,1.0,1.0
2026-08-10,1795.TW,美時,193.5,3K反轉、廣義上升三法,71.0,B可追蹤,0.42,>MA5,糾結,,,,,,,,tracking,signal_tracking_20260810.csv,5.0,-2.84,-5.17,,-1.81,-6.98,-1.81,-6.98,0.0,-2.33,,-1.81,-6.98,買,1118.6,0.0,0.0
2026-08-10,1808.TW,潤隆,33.35,KD高腳,55.0,C觀察,1.76,>MA5,多頭,,,,,,,,tracking,signal_tracking_20260810.csv,5.0,-0.75,-1.05,,-0.15,-3.9,-0.15,-3.9,0.0,-2.7,,-0.15,-3.9,買,1792.6,0.0,0.0
2026-08-10,1809.TW,中釉,41.0,漲停、廣義上升三法、漲幅達標、下降趨勢線突破(中長期)、周1K,84.0,A強勢追蹤,1.77,>MA5,糾結,,,,,,,,tracking,signal_tracking_20260810.csv,5.0,-1.59,-4.02,,7.2,-4.76,7.2,-4.76,0.0,2.32,,7.2,-4.76,買,2966.1,0.0,0.0
2026-08-10,1815.TWO,富喬,87.8,廣義上升三法,60.0,C觀察,3.36,>MA5,糾結,,,,,,,,tracking,signal_tracking_20260810.csv,5.0,2.39,9.91,,9.91,-0.68,9.91,-0.68,1.0,1.03,,9.91,-0.68,買,43053.0,1.0,1.0
2026-08-10,1904.TW,正隆,24.05,布林縮窄突破、單跳空、廣義上升三法、周1K,100.0,A強勢追蹤,4.8,>MA5,糾結,,,,,,,,tracking,signal_tracking_20260810.csv,5.0,2.49,3.12,,7.48,-0.62,7.48,-0.62,1.0,1.87,,7.48,-0.62,買,5328.8,1.0,1.0
2026-08-10,2002.TW,中鋼,19.45,布林縮窄突破、廣義上升三法,88.0,A強勢追蹤,1.78,>MA5,多頭,,,,,,,,tracking,signal_tracking_20260810.csv,5.0,-1.29,-3.08,,2.31,-3.08,2.31,-3.08,0.0,1.54,,2.31,-3.08,買,80295.0,0.0,0.0
2026-08-10,2010.TW,春源,23.2,布林縮窄突破,74.0,B可追蹤,3.89,>MA5,多頭,,,,,,,,tracking,signal_tracking_20260810.csv,5.0,-2.16,-1.72,,0.86,-4.53,0.86,-4.53,0.0,-0.86,,0.86,-4.53,買,3029.4,0.0,0.0
2026-08-10,2014.TW,中鴻,18.0,布林縮窄突破、廣義上升三法,85.0,A強勢追蹤,2.71,>MA5,糾結,,,,,,,,tracking,signal_tracking_20260810.csv,5.0,-3.89,-5.0,,-0.56,-6.11,-0.56,-6.11,0.0,-1.94,,-0.56,-6.11,買,5640.3,0.0,0.0
2026-08-10,2027.TW,大成鋼,47.6,廣義上升三法,82.0,A強勢追蹤,5.3,>MA5,多頭,,,,,,,,tracking,signal_tracking_20260810.csv,5.0,5.88,5.04,,8.19,-3.36,8.19,-3.36,1.0,-2.42,,8.19,-3.36,買,15659.0,1.0,1.0
2026-08-10,2030.TW,彰源,20.45,單跳空、漲停、漲幅達標,93.0,A強勢追蹤,7.83,>MA5,多頭,,,,,,,,tracking,signal_tracking_20260810.csv,5.0,6.36,0.49,,7.09,0.0,7.09,0.0,0.0,3.42,,7.09,0.0,買,8366.8,1.0,0.0
2026-08-10,2031.TW,新光鋼,46.35,布林縮窄突破、廣義上升三法,100.0,A強勢追蹤,7.81,>MA5,多頭,,,,,,,,tracking,signal_tracking_20260810.csv,5.0,-0.86,-4.75,,2.48,-6.69,2.48,-6.69,0.0,-0.54,,2.48,-6.69,買,6212.1,0.0,0.0
2026-08-10,2032.TW,新鋼,17.85,布林縮窄突破、廣義上升三法、下降趨勢線突破(中長期)、周1K,100.0,A強勢追蹤,5.42,>MA5,糾結,,,,,,,,tracking,signal_tracking_20260810.csv,5.0,-3.64,-6.44,,1.4,-7.28,1.4,-7.28,0.0,-3.08,,1.4,-7.28,買,1740.0,0.0,0.0
2026-08-10,2033.TW,佳大,18.7,漲停、廣義上升三法、漲幅達標、周1K,100.0,A強勢追蹤,8.53,>MA5,多頭,,,,,,,,tracking,signal_tracking_20260810.csv,5.0,10.16,17.38,,26.2,1.87,26.2,1.87,1.0,9.89,,26.2,1.87,買,1667.8,1.0,1.0
2026-08-10,2034.TW,允強,20.35,廣義上升三法,60.0,C觀察,2.07,>MA5,糾結,,,,,,,,tracking,signal_tracking_20260810.csv,5.0,-1.47,-1.97,,1.23,-3.19,1.23,-3.19,0.0,0.49,,1.23,-3.19,買,2791.4,0.0,0.0
2026-08-10,2059.TW,川湖,11905.0,三白兵、雙跳空、單跳空、漲幅達標,100.0,A強勢追蹤,16.56,>MA5,多頭,,,,,,,,tracking,signal_tracking_20260810.csv,5.0,2.77,15.5,,15.5,-2.44,15.5,-2.44,1.0,3.44,,15.5,-2.44,買,1014.6,1.0,1.0
2026-08-10,2103.TW,台橡,27.5,雙跳空、單跳空、雙漲停、漲停、廣義上升三法、漲幅達標,100.0,A強勢追蹤,10.03,>MA5,糾結,,,,,,,,tracking,signal_tracking_20260810.csv,5.0,2.18,0.0,,5.27,-2.55,5.27,-2.55,0.0,4.18,,5.27,-2.55,買,24362.2,0.0,0.0
2026-08-10,2104.TW,國際中橡,10.5,廣義上升三法、下降趨勢線突破(中長期),65.0,B可追蹤,2.06,>MA5,糾結,,,,,,,,tracking,signal_tracking_20260810.csv,5.0,-2.86,-0.95,,0.0,-4.29,0.0,-4.29,0.0,-0.95,,0.0,-4.29,買,6968.4,0.0,0.0
2026-08-10,2108.TW,南帝,29.85,布林縮窄突破、廣義上升三法,81.0,A強勢追蹤,2.75,>MA5,糾結,,,,,,,,tracking,signal_tracking_20260810.csv,5.0,1.51,-1.17,,4.19,-3.85,4.19,-3.85,0.0,-0.34,,4.19,-3.85,買,1827.5,0.0,0.0
2026-08-10,2301.TW,光寶科,271.5,漲停、廣義上升三法、漲幅達標、周1K,100.0,A強勢追蹤,8.32,>MA5,多頭,,,,,,,,tracking,signal_tracking_20260810.csv,5.0,-0.74,-2.95,,5.52,-6.45,5.52,-6.45,0.0,-1.1,,5.52,-6.45,買,25378.9,0.0,0.0
2026-08-10,2308.TW,台達電,1815.0,漲停、廣義上升三法、漲幅達標、下降趨勢線突破(中長期),80.0,A強勢追蹤,2.58,>MA5,糾結,,,,,,,,tracking,signal_tracking_20260810.csv,5.0,3.86,3.86,,10.47,-1.65,10.47,-1.65,1.0,-0.55,,10.47,-1.65,買,10082.0,1.0,1.0
2026-08-10,2317.TW,鴻海,264.5,廣義上升三法,74.0,B可追蹤,3.23,>MA5,多頭,,,,,,,,tracking,signal_tracking_20260810.csv,5.0,-0.95,-3.59,,3.78,-3.59,3.78,-3.59,0.0,-0.57,,3.78,-3.59,買,28291.3,0.0,0.0
2026-08-10,2337.TW,旺宏,132.5,廣義上升三法、漲幅達標,59.0,C觀察,3.96,>MA5,糾結,,,,,,,,tracking,signal_tracking_20260810.csv,5.0,3.02,-2.26,,9.06,-3.4,9.06,-3.4,0.0,0.0,,9.06,-3.4,買,112333.6,0.0,0.0
2026-08-10,2344.TW,華邦電,179.5,3K反轉、漲停、廣義上升三法、漲幅達標、下降趨勢線突破(中長期)、周1K,100.0,A強勢追蹤,7.36,>MA5,糾結,,,,,,,,tracking,signal_tracking_20260810.csv,5.0,-1.39,1.11,,7.52,-3.9,7.52,-3.9,0.0,-0.84,,7.52,-3.9,買,152411.6,1.0,0.0
2026-08-10,2352.TW,佳世達,29.7,廣義上升三法、周1K,74.0,B可追蹤,0.07,>MA5,糾結,,,,,,,,tracking,signal_tracking_20260810.csv,5.0,-3.37,-2.36,,1.35,-3.37,1.35,-3.37,0.0,-2.69,,1.35,-3.37,買,8863.6,0.0,0.0
2026-08-10,2353.TW,宏碁,30.8,廣義上升三法,57.0,C觀察,0.81,>MA5,糾結,,,,,,,,tracking,signal_tracking_20260810.csv,5.0,2.44,2.11,,7.79,-0.97,7.79,-0.97,1.0,0.81,,7.79,-0.97,買,14388.1,1.0,1.0
2026-08-10,2354.TW,鴻準,63.5,廣義上升三法,78.0,A強勢追蹤,5.0,>MA5,多頭,,,,,,,,tracking,signal_tracking_20260810.csv,5.0,-1.1,-2.83,,1.73,-2.99,1.73,-2.99,0.0,-1.26,,1.73,-2.99,買,32371.7,0.0,0.0
2026-08-10,2356.TW,英業達,66.0,3K反轉,60.0,C觀察,1.34,>MA5,多頭,,,,,,,,tracking,signal_tracking_20260810.csv,5.0,4.24,1.06,,11.36,-2.73,11.36,-2.73,0.0,-1.36,,11.36,-2.73,買,18544.6,1.0,0.0
2026-08-10,2359.TW,所羅門,153.0,3K反轉、下降趨勢線突破(中長期)、周1K,79.0,A強勢追蹤,4.19,>MA5,糾結,,,,,,,,tracking,signal_tracking_20260810.csv,5.0,2.61,14.38,,14.38,-9.15,14.38,-9.15,0.0,-8.17,,14.38,-9.15,買,14818.2,1.0,0.0
2026-08-10,2371.TW,大同,26.8,廣義上升三法,57.0,C觀察,0.38,>MA5,糾結,,,,,,,,tracking,signal_tracking_20260810.csv,5.0,-2.05,2.43,,2.43,-7.09,2.43,-7.09,0.0,-3.17,,2.43,-7.09,買,8711.8,1.0,0.0
2026-08-10,2374.TW,佳能,72.0,廣義上升三法、下降趨勢線突破(中長期),59.0,C觀察,0.72,>MA5,糾結,,,,,,,,tracking,signal_tracking_20260810.csv,5.0,-1.53,-1.53,,1.39,-2.22,1.39,-2.22,0.0,-1.25,,1.39,-2.22,買,3149.3,0.0,0.0
2026-08-10,2376.TW,技嘉,350.0,廣義上升三法,60.0,C觀察,2.56,>MA5,糾結,,,,,,,,tracking,signal_tracking_20260810.csv,5.0,12.43,2.29,,14.86,-1.0,14.86,-1.0,1.0,0.14,,14.86,-1.0,買,5549.4,1.0,1.0
2026-08-10,2377.TW,微星,155.5,廣義上升三法,60.0,C觀察,2.66,>MA5,糾結,,,,,,,,tracking,signal_tracking_20260810.csv,5.0,8.04,-3.86,,11.58,-3.86,11.58,-3.86,0.0,-0.96,,11.58,-3.86,買,9065.3,0.0,0.0
2026-08-10,2388.TW,威盛,80.9,3K反轉、廣義上升三法,88.0,A強勢追蹤,4.25,>MA5,多頭,,,,,,,,tracking,signal_tracking_20260810.csv,5.0,-5.93,-1.98,,1.73,-7.29,1.73,-7.29,0.0,-2.1,,1.73,-7.29,買,4284.9,0.0,0.0
2026-08-10,2392.TW,正崴,37.95,廣義上升三法,60.0,C觀察,2.59,>MA5,糾結,,,,,,,,tracking,signal_tracking_20260810.csv,5.0,3.16,14.1,,17.92,0.26,17.92,0.26,1.0,4.35,,17.92,0.26,買,1072.8,1.0,1.0
2026-08-10,2395.TW,研華,669.0,廣義上升三法,73.0,B可追蹤,8.04,>MA5,多頭,,,,,,,,tracking,signal_tracking_20260810.csv,5.0,4.33,0.75,,5.98,-3.74,5.98,-3.74,0.0,-1.2,,5.98,-3.74,買,6104.7,1.0,0.0
2026-08-10,2397.TW,友通,68.0,廣義上升三法,74.0,B可追蹤,7.92,>MA5,多頭,,,,,,,,tracking,signal_tracking_20260810.csv,5.0,-3.09,-3.24,,0.15,-5.44,0.15,-5.44,0.0,-0.44,,0.15,-5.44,買,2541.6,0.0,0.0
2026-08-10,2399.TW,映泰,43.65,廣義上升三法,60.0,C觀察,4.5,>MA5,糾結,,,,,,,,tracking,signal_tracking_20260810.csv,5.0,1.72,7.67,,8.36,-2.75,8.36,-2.75,1.0,-2.75,,8.36,-2.75,買,9648.6,1.0,1.0
2026-08-10,2408.TW,南亞科,502.0,單跳空、漲停、廣義上升三法、漲幅達標、下降趨勢線突破(中短期、中長期)、周1K,100.0,A強勢追蹤,9.73,>MA5,糾結,,,,,,,,tracking,signal_tracking_20260810.csv,5.0,2.39,4.38,,7.97,-5.58,7.97,-5.58,0.0,-2.59,,7.97,-5.58,買,99898.7,1.0,0.0
2026-08-10,2409.TW,友達,27.0,單跳空、漲停、廣義上升三法、漲幅達標、下降趨勢線突破(中長期)、周1K,94.0,A強勢追蹤,1.37,>MA5,糾結,,,,,,,,tracking,signal_tracking_20260810.csv,5.0,-4.63,0.93,,3.33,-4.63,3.33,-4.63,0.0,-3.33,,3.33,-4.63,買,212593.6,1.0,0.0
2026-08-10,2413.TW,環科,44.8,漲停、廣義上升三法、漲幅達標、周1K,91.0,A強勢追蹤,2.33,>MA5,糾結,,,,,,,,tracking,signal_tracking_20260810.csv,5.0,1.34,-0.11,,4.91,-1.56,4.91,-1.56,0.0,-1.23,,4.91,-1.56,買,1771.1,0.0,0.0
2026-08-10,2417.TW,圓剛,44.7,廣義上升三法,56.0,C觀察,2.38,>MA5,糾結,,,,,,,,tracking,signal_tracking_20260810.csv,5.0,1.68,0.78,,3.8,-2.35,3.8,-2.35,0.0,-2.01,,3.8,-2.35,買,1265.0,1.0,0.0
2026-08-10,2436.TW,偉詮電,66.7,單跳空、廣義上升三法、漲幅達標,71.0,B可追蹤,4.19,>MA5,糾結,,,,,,,,tracking,signal_tracking_20260810.csv,5.0,6.75,-0.45,,9.3,-0.75,9.3,-0.75,0.0,0.45,,9.3,-0.75,買,8251.5,0.0,0.0
2026-08-10,2441.TW,超豐,129.0,3K反轉、漲停、廣義上升三法、漲幅達標、周1K,100.0,A強勢追蹤,2.58,>MA5,糾結,,,,,,,,tracking,signal_tracking_20260810.csv,5.0,-2.71,-7.75,,1.16,-8.53,1.16,-8.53,0.0,-3.88,,1.16,-8.53,買,11041.4,0.0,0.0
2026-08-10,2451.TW,創見,295.5,巧妙點,64.0,C觀察,4.85,>MA5,多頭,,,,,,,,tracking,signal_tracking_20260810.csv,5.0,2.2,-1.86,,3.55,-3.89,3.55,-3.89,0.0,-3.21,,3.55,-3.89,買,6223.5,0.0,0.0
2026-08-10,2455.TW,全新,384.5,巧妙點、廣義上升三法,85.0,A強勢追蹤,7.99,>MA5,多頭,,,,,,,,tracking,signal_tracking_20260810.csv,5.0,-0.13,8.45,,8.45,-6.76,8.45,-6.76,0.0,-4.42,,8.45,-6.76,買,4389.1,1.0,0.0
2026-08-10,2464.TW,盟立,180.5,廣義上升三法,78.0,A強勢追蹤,7.05,>MA5,多頭,,,,,,,,tracking,signal_tracking_20260810.csv,5.0,8.59,3.05,,15.24,-2.49,15.24,-2.49,1.0,3.88,,15.24,-2.49,買,12396.4,1.0,1.0
2026-08-10,2465.TW,麗臺,93.2,單跳空、漲停、廣義上升三法、漲幅達標、下降趨勢線突破(中短期、中長期)、周1K,100.0,A強勢追蹤,7.05,>MA5,糾結,,,,,,,,tracking,signal_tracking_20260810.csv,5.0,12.66,-2.79,,14.27,-6.87,14.27,-6.87,0.0,-6.76,,14.27,-6.87,買,6148.0,0.0,0.0
2026-08-10,2467.TW,志聖,549.0,漲停、廣義上升三法、漲幅達標,69.0,B可追蹤,0.77,>MA5,糾結,,,,,,,,tracking,signal_tracking_20260810.csv,5.0,-0.18,7.1,,7.1,-3.64,7.1,-3.64,1.0,-3.1,,7.1,-3.64,買,1411.0,1.0,1.0
2026-08-10,2474.TW,可成,201.0,單跳空、漲幅達標,62.0,C觀察,3.0,>MA5,糾結,,,,,,,,tracking,signal_tracking_20260810.csv,5.0,1.0,1.49,,3.98,-0.5,3.98,-0.5,0.0,2.49,,3.98,-0.5,買,8344.5,1.0,0.0
2026-08-10,2485.TW,兆赫,43.55,廣義上升三法、漲幅達標,60.0,C觀察,0.71,>MA5,糾結,,,,,,,,tracking,signal_tracking_20260810.csv,5.0,0.23,-3.44,,4.82,-3.79,4.82,-3.79,0.0,-1.38,,4.82,-3.79,買,7934.8,0.0,0.0
2026-08-10,2489.TW,瑞軒,33.4,廣義上升三法、漲幅達標,59.0,C觀察,2.09,>MA5,糾結,,,,,,,,tracking,signal_tracking_20260810.csv,5.0,-4.19,-3.59,,0.9,-7.78,0.9,-7.78,0.0,-1.95,,0.9,-7.78,買,15338.1,0.0,0.0
2026-08-10,2495.TW,普安,39.0,廣義上升三法、下降趨勢線突破(中短期)、周1K,56.0,C觀察,-1.21,>MA5,糾結,,,,,,,,tracking,signal_tracking_20260810.csv,5.0,1.79,-1.54,,5.0,-1.92,5.0,-1.92,0.0,-0.38,,5.0,-1.92,買,1737.3,0.0,0.0
2026-08-10,2536.TW,宏普,20.05,廣義上升三法,60.0,C觀察,2.88,>MA5,糾結,,,,,,,,tracking,signal_tracking_20260810.csv,5.0,6.98,3.74,,7.48,-0.0,7.48,-0.0,1.0,4.49,,7.48,-0.0,買,1798.8,1.0,1.0
2026-08-10,2542.TW,興富發,44.3,廣義上升三法,58.0,C觀察,0.69,>MA5,多頭,,,,,,,,tracking,signal_tracking_20260810.csv,5.0,4.74,5.64,,5.98,-0.34,5.98,-0.34,1.0,0.56,,5.98,-0.34,買,2230.0,1.0,1.0
2026-08-10,2603.TW,長榮,214.5,布林縮窄突破、單跳空、廣義上升三法,100.0,A強勢追蹤,2.61,>MA5,多頭,,,,,,,,tracking,signal_tracking_20260810.csv,5.0,0.47,7.93,,8.16,-1.63,8.16,-1.63,1.0,1.63,,8.16,-1.63,買,11652.6,1.0,1.0
2026-08-10,2605.TW,新興,33.2,布林縮窄突破、廣義上升三法,95.0,A強勢追蹤,2.96,>MA5,多頭,,,,,,,,tracking,signal_tracking_20260810.csv,5.0,-2.71,-0.9,,2.11,-5.57,2.11,-5.57,0.0,-1.36,,2.11,-5.57,買,5773.3,0.0,0.0
2026-08-10,2606.TW,裕民,66.9,廣義上升三法,65.0,B可追蹤,2.21,>MA5,多頭,,,,,,,,tracking,signal_tracking_20260810.csv,5.0,-2.09,2.09,,2.69,-3.44,2.69,-3.44,0.0,-0.75,,2.69,-3.44,買,2908.1,1.0,0.0
2026-08-10,2609.TW,陽明,51.6,3K反轉、廣義上升三法、KD高腳、下降趨勢線突破(短期、中長期),100.0,A強勢追蹤,0.93,>MA5,多頭,,,,,,,,tracking,signal_tracking_20260810.csv,5.0,-0.39,6.01,,6.2,-1.74,6.2,-1.74,1.0,0.78,,6.2,-1.74,買,19681.2,1.0,1.0
2026-08-10,2615.TW,萬海,87.9,3K反轉、單跳空、KD高腳、下降趨勢線突破(中短期),100.0,A強勢追蹤,2.53,>MA5,多頭,,,,,,,,tracking,signal_tracking_20260810.csv,5.0,-0.46,13.31,,13.31,-2.16,13.31,-2.16,1.0,-0.91,,13.31,-2.16,買,11159.6,1.0,1.0
2026-08-10,2727.TW,王品,240.5,KD高腳、下降趨勢線突破(中長期),56.0,C觀察,1.31,>MA5,糾結,,,,,,,,tracking,signal_tracking_20260810.csv,5.0,-4.16,-3.33,,0.0,-5.2,0.0,-5.2,0.0,-1.66,,0.0,-5.2,買,1011.2,0.0,0.0
2026-08-10,2855.TW,統一證,45.9,廣義上升三法、下降趨勢線突破(中短期)、周1K,65.0,B可追蹤,-0.54,>MA5,糾結,,,,,,,,tracking,signal_tracking_20260810.csv,5.0,3.16,1.53,,5.66,-1.42,5.66,-1.42,0.0,0.65,,5.66,-1.42,買,4299.4,1.0,0.0
2026-08-10,2881.TW,富邦金,128.5,3K反轉,64.0,C觀察,0.12,>MA5,多頭,,,,,,,,tracking,signal_tracking_20260810.csv,5.0,0.0,-2.33,,1.17,-3.89,1.17,-3.89,0.0,-0.39,,1.17,-3.89,買,6669.3,0.0,0.0
2026-08-10,2882.TW,國泰金,101.0,3K反轉、下降趨勢線突破(中長期),70.0,B可追蹤,1.0,>MA5,多頭,,,,,,,,tracking,signal_tracking_20260810.csv,5.0,-1.49,-2.87,,1.49,-3.66,1.49,-3.66,0.0,-1.39,,1.49,-3.66,買,14319.5,0.0,0.0
2026-08-10,2883.TW,凱基金,31.05,3K反轉、廣義上升三法,80.0,A強勢追蹤,1.27,>MA5,多頭,,,,,,,,tracking,signal_tracking_20260810.csv,5.0,1.45,1.13,,2.25,-1.61,2.25,-1.61,0.0,-0.0,,2.25,-1.61,買,30313.2,1.0,0.0
2026-08-10,2887.TW,台新新光金,35.9,3K反轉、廣義上升三法,75.0,A強勢追蹤,0.43,>MA5,糾結,,,,,,,,tracking,signal_tracking_20260810.csv,5.0,0.84,3.48,,5.29,-2.23,5.29,-2.23,1.0,-0.97,,5.29,-2.23,買,36054.4,1.0,1.0
2026-08-10,2891.TW,中信金,66.2,3K反轉、廣義上升三法、下降趨勢線突破(中短期),86.0,A強勢追蹤,0.42,>MA5,多頭,,,,,,,,tracking,signal_tracking_20260810.csv,5.0,0.45,-0.91,,1.66,-1.51,1.66,-1.51,0.0,0.91,,1.66,-1.51,買,12286.0,0.0,0.0
2026-08-10,2915.TW,潤泰全,53.0,3K反轉、下降趨勢線突破(中長期),66.0,B可追蹤,1.2,>MA5,多頭,,,,,,,,tracking,signal_tracking_20260810.csv,5.0,2.08,14.34,,16.04,-0.75,16.04,-0.75,1.0,1.13,,16.04,-0.75,買,1896.5,1.0,1.0
2026-08-10,3003.TW,健和興,68.7,單跳空、漲停、廣義上升三法、漲幅達標、下降趨勢線突破(中長期)、周1K,100.0,A強勢追蹤,5.9,>MA5,糾結,,,,,,,,tracking,signal_tracking_20260810.csv,5.0,0.87,-3.64,,7.71,-5.24,7.71,-5.24,0.0,2.62,,7.71,-5.24,買,4589.7,0.0,0.0
2026-08-10,3006.TW,晶豪科,273.0,三白兵、單跳空,82.0,A強勢追蹤,12.86,>MA5,多頭,,,,,,,,tracking,signal_tracking_20260810.csv,5.0,1.65,0.0,,4.58,-3.3,4.58,-3.3,0.0,-2.01,,4.58,-3.3,買,19961.8,0.0,0.0
2026-08-10,3015.TW,全漢,58.7,3K反轉、廣義上升三法、漲幅達標、周1K,89.0,A強勢追蹤,0.5,>MA5,糾結,,,,,,,,tracking,signal_tracking_20260810.csv,5.0,-4.94,-6.81,,-0.51,-7.16,-0.51,-7.16,0.0,-2.9,,-0.51,-7.16,買,1209.1,0.0,0.0
2026-08-10,3022.TW,威強電,112.5,廣義上升三法、漲幅達標、周1K,98.0,A強勢追蹤,10.14,>MA5,多頭,,,,,,,,tracking,signal_tracking_20260810.csv,5.0,-12.8,-14.22,,3.56,-16.8,3.56,-16.8,0.0,-4.0,,3.56,-16.8,買,7572.1,0.0,0.0
2026-08-10,3026.TW,禾伸堂,588.0,三白兵、漲停、廣義上升三法、漲幅達標,58.0,C觀察,-0.54,>MA5,糾結,,,,,,,,tracking,signal_tracking_20260810.csv,5.0,17.52,17.18,,27.89,1.02,27.89,1.02,1.0,9.86,,27.89,1.02,買,1144.6,1.0,1.0
2026-08-10,3036.TW,文曄,229.5,廣義上升三法、漲幅達標,69.0,B可追蹤,4.48,>MA5,多頭,,,,,,,,tracking,signal_tracking_20260810.csv,5.0,-6.32,-11.11,,-1.74,-11.11,-1.74,-11.11,0.0,-4.14,,-1.74,-11.11,買,17209.9,0.0,0.0
2026-08-10,3037.TW,欣興,987.0,廣義上升三法,70.0,B可追蹤,5.27,>MA5,多頭,,,,,,,,tracking,signal_tracking_20260810.csv,5.0,1.32,13.48,,13.48,-1.52,13.48,-1.52,1.0,0.51,,13.48,-1.52,買,5698.3,1.0,1.0
2026-08-10,3041.TW,揚智,24.55,廣義上升三法、漲幅達標、下降趨勢線突破(中長期)、周1K,69.0,B可追蹤,1.86,>MA5,糾結,,,,,,,,tracking,signal_tracking_20260810.csv,5.0,-5.3,-6.31,,-1.02,-6.31,-1.02,-6.31,0.0,-4.48,,-1.02,-6.31,買,1441.4,0.0,0.0
2026-08-10,3046.TW,建碁,59.1,廣義上升三法,60.0,C觀察,4.57,>MA5,糾結,,,,,,,,tracking,signal_tracking_20260810.csv,5.0,3.21,4.91,,6.6,-0.0,6.6,-0.0,1.0,2.03,,6.6,-0.0,買,1053.2,1.0,1.0
2026-08-10,3081.TWO,聯亞,2535.0,三白兵、漲停、漲幅達標,87.0,A強勢追蹤,16.06,>MA5,多頭,,,,,,,,tracking,signal_tracking_20260810.csv,5.0,5.13,10.06,,12.23,-4.73,12.23,-4.73,1.0,-2.17,,12.23,-4.73,買,3077.6,1.0,1.0
2026-08-10,3088.TWO,艾訊,146.0,廣義上升三法,63.0,C觀察,5.51,>MA5,糾結,,,,,,,,tracking,signal_tracking_20260810.csv,5.0,-5.48,-12.67,,0.0,-14.38,0.0,-14.38,0.0,-4.45,,0.0,-14.38,買,3028.6,0.0,0.0
2026-08-10,3094.TW,聯傑,37.1,3K反轉、廣義上升三法、下降趨勢線突破(中短期)、周1K,83.0,A強勢追蹤,0.51,>MA5,糾結,,,,,,,,tracking,signal_tracking_20260810.csv,5.0,4.58,0.27,,6.6,-2.56,6.6,-2.56,0.0,1.35,,6.6,-2.56,買,1401.9,1.0,0.0
2026-08-10,3105.TWO,穩懋,385.5,廣義上升三法,55.0,C觀察,5.31,>MA5,糾結,,,,,,,,tracking,signal_tracking_20260810.csv,5.0,0.39,3.24,,8.3,-6.23,8.3,-6.23,0.0,-3.76,,8.3,-6.23,買,25643.3,1.0,0.0
2026-08-10,3189.TW,景碩,833.0,巧妙點、廣義上升三法,68.0,B可追蹤,4.89,>MA5,糾結,,,,,,,,tracking,signal_tracking_20260810.csv,5.0,2.16,8.64,,11.88,-3.12,11.88,-3.12,1.0,1.08,,11.88,-3.12,買,2722.3,1.0,1.0
2026-08-10,3211.TWO,順達,371.5,漲停、廣義上升三法、漲幅達標,65.0,B可追蹤,1.22,>MA5,糾結,,,,,,,,tracking,signal_tracking_20260810.csv,5.0,9.42,5.52,,12.79,-2.56,12.79,-2.56,1.0,7.67,,12.79,-2.56,買,11068.2,1.0,1.0
2026-08-10,3229.TW,晟鈦,50.9,廣義上升三法、漲幅達標、下降趨勢線突破(中長期)、周1K,86.0,A強勢追蹤,7.64,>MA5,多頭,,,,,,,,tracking,signal_tracking_20260810.csv,5.0,4.13,6.48,,10.02,-4.81,10.02,-4.81,1.0,0.2,,10.02,-4.81,買,1390.5,1.0,1.0
2026-08-10,3231.TW,緯創,192.0,周1K,78.0,A強勢追蹤,6.98,>MA5,多頭,,,,,,,,tracking,signal_tracking_20260810.csv,5.0,2.6,-2.6,,7.29,-3.91,7.29,-3.91,0.0,-0.52,,7.29,-3.91,買,55681.5,0.0,0.0
2026-08-10,3234.TWO,光環,118.0,3K反轉、單跳空、漲停、漲幅達標,71.0,B可追蹤,2.86,>MA5,糾結,,,,,,,,tracking,signal_tracking_20260810.csv,5.0,19.49,27.12,,27.12,-3.39,27.12,-3.39,1.0,2.97,,27.12,-3.39,買,2412.4,1.0,1.0
2026-08-10,3264.TWO,欣銓,223.0,3K反轉、廣義上升三法、漲幅達標,85.0,A強勢追蹤,4.19,>MA5,糾結,,,,,,,,tracking,signal_tracking_20260810.csv,5.0,3.36,-1.79,,6.73,-3.81,6.73,-3.81,0.0,-1.57,,6.73,-3.81,買,14497.3,0.0,0.0
2026-08-10,3265.TWO,台星科,164.5,廣義上升三法、漲幅達標、下降趨勢線突破(中長期),62.0,C觀察,1.41,>MA5,糾結,,,,,,,,tracking,signal_tracking_20260810.csv,5.0,10.03,3.65,,15.81,-4.86,15.81,-4.86,1.0,-3.04,,15.81,-4.86,買,1745.4,1.0,1.0
2026-08-10,3312.TW,弘憶股,50.3,單跳空、廣義上升三法、下降趨勢線突破(中長期),67.0,B可追蹤,1.3,>MA5,糾結,,,,,,,,tracking,signal_tracking_20260810.csv,5.0,12.92,5.37,,14.71,-2.58,14.71,-2.58,1.0,-0.8,,14.71,-2.58,買,1797.7,1.0,1.0
2026-08-10,3339.TWO,泰谷,40.0,廣義上升三法,69.0,B可追蹤,5.81,>MA5,多頭,,,,,,,,tracking,signal_tracking_20260810.csv,5.0,-4.88,-0.5,,1.0,-7.5,1.0,-7.5,0.0,-5.38,,1.0,-7.5,買,2158.1,0.0,0.0
2026-08-10,3363.TWO,上詮,640.0,漲停、廣義上升三法、漲幅達標,76.0,A強勢追蹤,6.84,>MA5,糾結,,,,,,,,tracking,signal_tracking_20260810.csv,5.0,-6.25,-2.5,,2.5,-9.38,2.5,-9.38,0.0,-5.31,,2.5,-9.38,買,2481.6,0.0,0.0
2026-08-10,3374.TWO,精材,337.0,3K反轉、漲停、漲幅達標,62.0,C觀察,1.19,>MA5,糾結,,,,,,,,tracking,signal_tracking_20260810.csv,5.0,-3.56,-13.2,,4.3,-13.2,4.3,-13.2,0.0,-0.89,,4.3,-13.2,買,5416.0,0.0,0.0
2026-08-10,3416.TW,融程電,196.0,廣義上升三法、下降趨勢線突破(中長期),72.0,B可追蹤,4.18,>MA5,多頭,,,,,,,,tracking,signal_tracking_20260810.csv,5.0,-4.08,-6.12,,1.02,-7.91,1.02,-7.91,0.0,-5.1,,1.02,-7.91,買,1082.0,0.0,0.0
2026-08-10,3430.TWO,奇鈦科,118.0,廣義上升三法、漲幅達標,55.0,C觀察,2.7,>MA5,糾結,,,,,,,,tracking,signal_tracking_20260810.csv,5.0,0.85,-4.24,,4.24,-5.93,4.24,-5.93,0.0,-5.08,,4.24,-5.93,買,1186.0,0.0,0.0
2026-08-10,3450.TW,聯鈞,524.0,漲停、廣義上升三法、漲幅達標、周1K,95.0,A強勢追蹤,7.55,>MA5,糾結,,,,,,,,tracking,signal_tracking_20260810.csv,5.0,0.57,4.96,,4.96,-9.92,4.96,-9.92,0.0,-9.64,,4.96,-9.92,買,11950.9,1.0,0.0
2026-08-10,3481.TW,群創,52.3,漲停、廣義上升三法、漲幅達標、周1K,88.0,A強勢追蹤,0.34,>MA5,糾結,,,,,,,,tracking,signal_tracking_20260810.csv,5.0,-5.54,-2.1,,-0.0,-6.6,-0.0,-6.6,0.0,-4.21,,-0.0,-6.6,買,211057.5,0.0,0.0
2026-08-10,3490.TWO,單井,31.35,廣義上升三法,70.0,B可追蹤,2.41,>MA5,多頭,,,,,,,,tracking,signal_tracking_20260810.csv,5.0,17.54,35.41,,37.16,-1.91,37.16,-1.91,1.0,2.07,,37.16,-1.91,買,4282.9,1.0,1.0
2026-08-10,3498.TWO,陽程,125.0,廣義上升三法、漲幅達標,63.0,C觀察,5.28,>MA5,糾結,,,,,,,,tracking,signal_tracking_20260810.csv,5.0,15.2,26.8,,34.8,-2.8,34.8,-2.8,1.0,-0.4,,34.8,-2.8,買,2026.5,1.0,1.0
2026-08-10,3529.TWO,力旺,2850.0,廣義上升三法,66.0,B可追蹤,6.54,>MA5,多頭,,,,,,,,tracking,signal_tracking_20260810.csv,5.0,-5.26,-16.14,,-0.88,-16.14,-0.88,-16.14,0.0,-6.67,,-0.88,-16.14,買,1231.5,0.0,0.0
2026-08-10,3543.TW,州巧,37.5,廣義上升三法,74.0,B可追蹤,7.2,>MA5,多頭,,,,,,,,tracking,signal_tracking_20260810.csv,5.0,6.93,14.53,,17.6,-4.13,17.6,-4.13,1.0,-1.07,,17.6,-4.13,買,1987.8,1.0,1.0
2026-08-10,3605.TW,宏致,109.5,巧妙點、廣義上升三法,98.0,A強勢追蹤,11.35,>MA5,多頭,,,,,,,,tracking,signal_tracking_20260810.csv,5.0,20.55,20.09,,25.57,0.0,25.57,0.0,1.0,1.37,,25.57,0.0,買,8320.5,1.0,1.0
2026-08-10,3652.TW,精聯,36.65,3K反轉、漲幅達標,64.0,C觀察,7.93,>MA5,糾結,,,,,,,,tracking,signal_tracking_20260810.csv,5.0,3.68,0.95,,5.05,-3.68,5.05,-3.68,0.0,1.91,,5.05,-3.68,買,4078.1,1.0,0.0
2026-08-10,3702.TW,大聯大,128.0,廣義上升三法、周1K,91.0,A強勢追蹤,4.13,>MA5,多頭,,,,,,,,tracking,signal_tracking_20260810.csv,5.0,-3.52,-13.28,,0.0,-14.45,0.0,-14.45,0.0,-1.95,,0.0,-14.45,買,6901.3,0.0,0.0
2026-08-10,3704.TW,合勤控,50.4,3K反轉、漲停、廣義上升三法、漲幅達標、下降趨勢線突破(中短期、中長期)、周1K,100.0,A強勢追蹤,2.68,>MA5,糾結,,,,,,,,tracking,signal_tracking_20260810.csv,5.0,-16.96,-14.09,,-5.46,-17.26,-5.46,-17.26,0.0,-9.92,,-5.46,-17.26,買,10281.5,0.0,0.0
2026-08-10,3706.TW,神達,92.7,廣義上升三法,57.0,C觀察,1.16,>MA5,糾結,,,,,,,,tracking,signal_tracking_20260810.csv,5.0,-1.08,-0.65,,1.4,-3.45,1.4,-3.45,0.0,-2.91,,1.4,-3.45,買,6133.5,0.0,0.0
2026-08-10,3711.TW,日月光投控,630.0,3K反轉、漲幅達標、下降趨勢線突破(中短期、中長期)、周1K,63.0,C觀察,-0.43,>MA5,糾結,,,,,,,,tracking,signal_tracking_20260810.csv,5.0,-0.63,-2.38,,2.06,-3.49,2.06,-3.49,0.0,-0.16,,2.06,-3.49,買,28631.7,0.0,0.0
2026-08-10,3714.TW,富采,59.0,廣義上升三法,55.0,C觀察,3.32,>MA5,糾結,,,,,,,,tracking,signal_tracking_20260810.csv,5.0,-0.68,1.19,,2.03,-5.08,2.03,-5.08,0.0,-5.08,,2.03,-5.08,買,16296.8,1.0,0.0
2026-08-10,3715.TW,定穎投控,125.5,單跳空、漲停、廣義上升三法、漲幅達標,86.0,A強勢追蹤,2.05,>MA5,糾結,,,,,,,,tracking,signal_tracking_20260810.csv,5.0,-6.37,-8.37,,2.79,-11.55,2.79,-11.55,0.0,-2.79,,2.79,-11.55,買,4839.5,0.0,0.0
2026-08-10,4123.TWO,晟德,39.4,3K反轉、下降趨勢線突破(中長期),61.0,C觀察,1.18,>MA5,多頭,,,,,,,,tracking,signal_tracking_20260810.csv,5.0,-16.12,-19.16,,-4.87,-19.67,-4.87,-19.67,0.0,-5.72,,-4.87,-19.67,買,2892.7,0.0,0.0
2026-08-10,4147.TWO,中裕,61.0,3K反轉、廣義上升三法、漲幅達標、下降趨勢線突破(中短期)、周1K,89.0,A強勢追蹤,0.52,>MA5,糾結,,,,,,,,tracking,signal_tracking_20260810.csv,5.0,6.89,0.98,,14.43,-1.31,14.43,-1.31,0.0,4.1,,14.43,-1.31,買,1335.4,1.0,0.0
2026-08-10,4540.TW,全球傳動,59.1,廣義上升三法,55.0,C觀察,4.96,>MA5,糾結,,,,,,,,tracking,signal_tracking_20260810.csv,5.0,2.03,3.55,,10.49,-2.54,10.49,-2.54,1.0,-1.35,,10.49,-2.54,買,7594.3,1.0,1.0
2026-08-10,4541.TWO,晟田,65.4,巧妙點、廣義上升三法,56.0,C觀察,1.28,>MA5,糾結,,,,,,,,tracking,signal_tracking_20260810.csv,5.0,11.01,11.16,,16.21,-1.53,16.21,-1.53,1.0,1.38,,16.21,-1.53,買,1785.2,1.0,1.0
2026-08-10,4576.TW,大銀微系統,226.0,廣義上升三法,66.0,B可追蹤,4.8,>MA5,多頭,,,,,,,,tracking,signal_tracking_20260810.csv,5.0,-0.88,-0.22,,4.2,-4.42,4.2,-4.42,0.0,-3.32,,4.2,-4.42,買,2686.0,0.0,0.0
2026-08-10,4707.TWO,磐亞,31.95,巧妙點、廣義上升三法,75.0,A強勢追蹤,2.59,>MA5,糾結,,,,,,,,tracking,signal_tracking_20260810.csv,5.0,1.56,0.78,,9.39,-9.86,9.39,-9.86,0.0,-6.1,,9.39,-9.86,買,4053.4,1.0,0.0
2026-08-10,4903.TWO,聯光通,40.6,3K反轉,58.0,C觀察,2.6,>MA5,多頭,,,,,,,,tracking,signal_tracking_20260810.csv,5.0,-7.64,-12.56,,-4.19,-12.56,-4.19,-12.56,0.0,-7.27,,-4.19,-12.56,買,1585.6,0.0,0.0
2026-08-10,4931.TWO,新盛力,238.0,3K反轉、漲停、廣義上升三法、漲幅達標,96.0,A強勢追蹤,5.8,>MA5,糾結,,,,,,,,tracking,signal_tracking_20260810.csv,5.0,9.66,13.24,,14.08,0.42,14.08,0.42,1.0,7.14,,14.08,0.42,買,2667.5,1.0,1.0
2026-08-10,4938.TW,和碩,89.3,3K反轉、廣義上升三法,92.0,A強勢追蹤,2.28,>MA5,多頭,,,,,,,,tracking,signal_tracking_20260810.csv,5.0,6.16,1.12,,12.54,-5.15,12.54,-5.15,0.0,-0.34,,12.54,-5.15,買,3990.6,1.0,0.0
2026-08-10,4971.TWO,IET-KY,494.5,漲幅達標、下降趨勢線突破(中長期),58.0,C觀察,10.17,>MA5,多頭,,,,,,,,tracking,signal_tracking_20260810.csv,5.0,-0.1,6.77,,8.19,-6.57,8.19,-6.57,0.0,-5.97,,8.19,-6.57,買,2438.5,1.0,0.0
2026-08-10,4973.TWO,廣穎,160.5,廣義上升三法,60.0,C觀察,3.35,>MA5,糾結,,,,,,,,tracking,signal_tracking_20260810.csv,5.0,1.87,-4.36,,4.98,-5.3,4.98,-5.3,0.0,-2.8,,4.98,-5.3,買,3099.0,0.0,0.0
2026-08-10,4977.TW,眾達-KY,144.5,廣義上升三法、漲幅達標,59.0,C觀察,3.55,>MA5,糾結,,,,,,,,tracking,signal_tracking_20260810.csv,5.0,4.84,9.34,,11.42,-1.04,11.42,-1.04,1.0,1.38,,11.42,-1.04,買,3095.5,1.0,1.0
2026-08-10,4979.TWO,華星光,536.0,3K反轉、單跳空、漲停、廣義上升三法、漲幅達標、周1K,100.0,A強勢追蹤,13.44,>MA5,多頭,,,,,,,,tracking,signal_tracking_20260810.csv,5.0,5.22,1.68,,14.74,-5.6,14.74,-5.6,0.0,-4.85,,14.74,-5.6,買,9164.4,1.0,0.0
2026-08-10,4991.TWO,環宇-KY,511.0,三白兵、單跳空、漲停、廣義上升三法、漲幅達標,100.0,A強勢追蹤,10.94,>MA5,多頭,,,,,,,,tracking,signal_tracking_20260810.csv,5.0,-6.46,-4.5,,2.15,-9.98,2.15,-9.98,0.0,-5.87,,2.15,-9.98,買,3510.1,0.0,0.0
2026-08-10,5302.TWO,太欣,11.15,單跳空、漲停、廣義上升三法、漲幅達標、周1K,75.0,A強勢追蹤,-0.48,>MA5,糾結,,,,,,,,tracking,signal_tracking_20260810.csv,5.0,1.79,-4.93,,6.28,-4.93,6.28,-4.93,0.0,4.04,,6.28,-4.93,買,1451.3,0.0,0.0
2026-08-10,5309.TWO,系統電,56.0,單跳空、廣義上升三法、漲幅達標、下降趨勢線突破(中長期),72.0,B可追蹤,0.46,>MA5,糾結,,,,,,,,tracking,signal_tracking_20260810.csv,5.0,-0.71,-3.21,,1.79,-4.46,1.79,-4.46,0.0,0.54,,1.79,-4.46,買,3494.3,0.0,0.0
2026-08-10,5314.TWO,世紀*,61.6,巧妙點、廣義上升三法,69.0,B可追蹤,1.7,>MA5,糾結,,,,,,,,資料異常,signal_tracking_20260810.csv,,,,,,,,,,,,,,買,2637.5,,
2026-08-10,5351.TWO,鈺創,113.5,三白兵、廣義上升三法、漲幅達標、周1K,92.0,A強勢追蹤,12.69,>MA5,糾結,,,,,,,,tracking,signal_tracking_20260810.csv,5.0,13.66,19.38,,21.59,-4.41,21.59,-4.41,1.0,5.29,,21.59,-4.41,買,41508.4,1.0,1.0
2026-08-10,5371.TWO,中光電,85.6,廣義上升三法、周1K,61.0,C觀察,1.01,MA5~10,糾結,,,,,,,,tracking,signal_tracking_20260810.csv,5.0,0.82,4.32,,9.35,-3.62,9.35,-3.62,1.0,2.34,,9.35,-3.62,買,10267.0,1.0,1.0
2026-08-10,5386.TWO,青雲,298.0,單跳空、漲停、廣義上升三法、島狀反轉、漲幅達標,89.0,A強勢追蹤,3.52,>MA5,糾結,,,,,,,,tracking,signal_tracking_20260810.csv,5.0,-6.71,-19.97,,-4.36,-20.64,-4.36,-20.64,0.0,-7.89,,-4.36,-20.64,買,1408.0,0.0,0.0
2026-08-10,5388.TW,中磊,93.6,廣義上升三法,70.0,B可追蹤,3.41,>MA5,多頭,,,,,,,,tracking,signal_tracking_20260810.csv,5.0,-13.35,-15.28,,0.53,-15.71,0.53,-15.71,0.0,-2.67,,0.53,-15.71,買,4161.0,0.0,0.0
2026-08-10,5392.TWO,能率,46.8,巧妙點,55.0,C觀察,3.27,>MA5,糾結,,,,,,,,tracking,signal_tracking_20260810.csv,5.0,-3.21,-0.64,,1.07,-4.17,1.07,-4.17,0.0,-3.21,,1.07,-4.17,買,1912.4,0.0,0.0
2026-08-10,5443.TWO,均豪,104.5,單跳空、漲停、漲幅達標,67.0,B可追蹤,3.27,>MA5,糾結,,,,,,,,tracking,signal_tracking_20260810.csv,5.0,2.39,1.91,,10.05,0.48,10.05,0.48,0.0,2.87,,10.05,0.48,買,1652.6,1.0,0.0
2026-08-10,5469.TW,瀚宇博,75.8,雙跳空、單跳空、廣義上升三法,76.0,A強勢追蹤,1.84,>MA5,糾結,,,,,,,,tracking,signal_tracking_20260810.csv,5.0,1.45,-1.19,,3.03,-2.51,3.03,-2.51,0.0,0.13,,3.03,-2.51,買,3462.9,0.0,0.0
2026-08-10,5471.TW,松翰,57.0,3K反轉、單跳空、廣義上升三法、島狀反轉,79.0,A強勢追蹤,-1.31,>MA5,糾結,,,,,,,,tracking,signal_tracking_20260810.csv,5.0,1.93,2.46,,5.96,-2.46,5.96,-2.46,1.0,-1.4,,5.96,-2.46,買,2087.7,1.0,1.0
2026-08-10,5608.TW,四維航,14.05,單跳空、廣義上升三法,60.0,C觀察,0.81,>MA5,糾結,,,,,,,,tracking,signal_tracking_20260810.csv,5.0,-0.36,3.2,,4.98,-1.42,4.98,-1.42,0.0,-0.71,,4.98,-1.42,買,2380.9,1.0,0.0
2026-08-10,6116.TW,彩晶,14.9,漲停、廣義上升三法、漲幅達標、周1K,95.0,A強勢追蹤,2.31,>MA5,糾結,,,,,,,,tracking,signal_tracking_20260810.csv,5.0,-6.38,-5.03,,-1.68,-8.05,-1.68,-8.05,0.0,-4.7,,-1.68,-8.05,買,73019.0,0.0,0.0
2026-08-10,6121.TWO,新普,395.0,廣義上升三法、周1K,69.0,B可追蹤,1.76,>MA5,糾結,,,,,,,,tracking,signal_tracking_20260810.csv,5.0,9.24,3.54,,11.39,2.15,11.39,2.15,1.0,10.0,,11.39,2.15,買,1156.9,1.0,1.0
2026-08-10,6179.TWO,亞通,27.9,3K反轉、廣義上升三法,74.0,B可追蹤,3.02,>MA5,糾結,,,,,,,,tracking,signal_tracking_20260810.csv,5.0,-0.18,-0.54,,5.02,-4.48,5.02,-4.48,0.0,-1.43,,5.02,-4.48,買,2167.9,0.0,0.0
2026-08-10,6202.TW,盛群,63.7,3K反轉、廣義上升三法、周1K,87.0,A強勢追蹤,0.42,>MA5,糾結,,,,,,,,tracking,signal_tracking_20260810.csv,5.0,-2.67,-5.34,,4.08,-6.28,4.08,-6.28,0.0,0.94,,4.08,-6.28,買,3049.2,0.0,0.0
2026-08-10,6206.TW,飛捷,158.0,漲停、廣義上升三法、漲幅達標、周1K,100.0,A強勢追蹤,8.28,>MA5,多頭,,,,,,,,tracking,signal_tracking_20260810.csv,5.0,-0.95,-6.96,,0.63,-12.03,0.63,-12.03,0.0,-9.49,,0.63,-12.03,買,6622.0,0.0,0.0
2026-08-10,6213.TW,聯茂,427.5,三白兵、單跳空、漲停、廣義上升三法、漲幅達標,98.0,A強勢追蹤,14.98,>MA5,糾結,,,,,,,,tracking,signal_tracking_20260810.csv,5.0,9.71,12.51,,14.97,-7.49,14.97,-7.49,0.0,5.73,,14.97,-7.49,買,19754.2,1.0,0.0
2026-08-10,6239.TW,力成,288.5,單跳空、漲停、廣義上升三法、島狀反轉、漲幅達標,100.0,A強勢追蹤,3.48,>MA5,糾結,,,,,,,,tracking,signal_tracking_20260810.csv,5.0,-1.91,-3.64,,2.6,-6.07,2.6,-6.07,0.0,-2.08,,2.6,-6.07,買,7624.1,0.0,0.0
2026-08-10,6245.TWO,立端,88.0,廣義上升三法、周1K,77.0,A強勢追蹤,4.82,>MA5,糾結,,,,,,,,tracking,signal_tracking_20260810.csv,5.0,-1.02,-3.41,,3.52,-4.32,3.52,-4.32,0.0,-0.11,,3.52,-4.32,買,2030.4,0.0,0.0
2026-08-10,6269.TW,台郡,66.4,廣義上升三法,63.0,C觀察,6.57,>MA5,糾結,,,,,,,,tracking,signal_tracking_20260810.csv,5.0,-2.11,0.15,,4.97,-5.72,4.97,-5.72,0.0,1.51,,4.97,-5.72,買,7604.4,1.0,0.0
2026-08-10,6278.TW,台表科,170.0,廣義上升三法、漲幅達標、下降趨勢線突破(中長期),65.0,B可追蹤,2.66,>MA5,糾結,,,,,,,,tracking,signal_tracking_20260810.csv,5.0,-1.18,2.94,,6.76,-3.24,6.76,-3.24,1.0,-1.47,,6.76,-3.24,買,5859.4,1.0,1.0
2026-08-10,6279.TWO,胡連,130.0,布林縮窄突破、廣義上升三法,91.0,A強勢追蹤,3.63,>MA5,多頭,,,,,,,,tracking,signal_tracking_20260810.csv,5.0,-0.38,-1.54,,0.77,-2.31,0.77,-2.31,0.0,0.38,,0.77,-2.31,買,2926.9,0.0,0.0
2026-08-10,6282.TW,康舒,50.0,廣義上升三法、周1K,69.0,B可追蹤,0.01,>MA5,糾結,,,,,,,,tracking,signal_tracking_20260810.csv,5.0,-3.7,-6.9,,1.4,-7.3,1.4,-7.3,0.0,-0.3,,1.4,-7.3,買,14354.1,0.0,0.0
2026-08-10,6414.TW,樺漢,476.0,巧妙點,68.0,B可追蹤,6.19,>MA5,多頭,,,,,,,,tracking,signal_tracking_20260810.csv,5.0,-5.25,-12.29,,0.0,-14.71,0.0,-14.71,0.0,-5.78,,0.0,-14.71,買,1832.1,0.0,0.0
2026-08-10,6426.TW,統新,218.0,三白兵、雙跳空、單跳空、廣義上升三法,100.0,A強勢追蹤,12.83,>MA5,多頭,,,,,,,,tracking,signal_tracking_20260810.csv,5.0,-0.92,9.86,,10.09,-4.59,10.09,-4.59,1.0,0.0,,10.09,-4.59,買,3431.0,1.0,1.0
2026-08-10,6442.TW,光聖,1420.0,廣義上升三法、漲幅達標,55.0,C觀察,3.37,>MA5,糾結,,,,,,,,tracking,signal_tracking_20260810.csv,5.0,10.21,14.79,,17.61,-3.87,17.61,-3.87,1.0,2.11,,17.61,-3.87,買,2588.2,1.0,1.0
2026-08-10,6446.TW,藥華藥,1330.0,廣義上升三法、漲幅達標、周1K,88.0,A強勢追蹤,4.3,>MA5,糾結,,,,,,,,tracking,signal_tracking_20260810.csv,5.0,8.65,6.02,,16.54,0.0,16.54,0.0,1.0,9.77,,16.54,0.0,買,3588.7,1.0,1.0
2026-08-10,6451.TW,訊芯-KY,453.0,三白兵、廣義上升三法、漲幅達標,77.0,A強勢追蹤,3.62,>MA5,糾結,,,,,,,,tracking,signal_tracking_20260810.csv,5.0,-3.75,1.21,,1.21,-7.28,1.21,-7.28,0.0,-4.42,,1.21,-7.28,買,3922.6,1.0,0.0
2026-08-10,6456.TW,GIS-KY,67.6,漲停、廣義上升三法、漲幅達標、下降趨勢線突破(中長期)、周1K,95.0,A強勢追蹤,3.7,>MA5,糾結,,,,,,,,tracking,signal_tracking_20260810.csv,5.0,-0.44,-1.63,,6.95,-4.73,6.95,-4.73,0.0,4.44,,6.95,-4.73,買,5786.1,0.0,0.0
2026-08-10,6530.TWO,創威,81.7,廣義上升三法、漲幅達標、下降趨勢線突破(中長期),61.0,C觀察,4.6,>MA5,糾結,,,,,,,,tracking,signal_tracking_20260810.csv,5.0,5.02,6.12,,10.65,-1.96,10.65,-1.96,1.0,-1.71,,10.65,-1.96,買,1111.9,1.0,1.0
2026-08-10,6547.TWO,高端疫苗,51.5,廣義上升三法,61.0,C觀察,4.41,>MA5,多頭,,,,,,,,tracking,signal_tracking_20260810.csv,5.0,1.36,-2.14,,2.14,-2.33,2.14,-2.33,0.0,0.97,,2.14,-2.33,買,2363.2,0.0,0.0
2026-08-10,6589.TW,台康生技,50.9,3K反轉、單跳空、廣義上升三法,95.0,A強勢追蹤,2.47,>MA5,多頭,,,,,,,,tracking,signal_tracking_20260810.csv,5.0,-0.2,-4.32,,3.93,-4.32,3.93,-4.32,0.0,3.34,,3.93,-4.32,買,1323.3,0.0,0.0
2026-08-10,6603.TWO,富強鑫,26.95,3K反轉、單跳空、廣義上升三法、KD高腳,100.0,A強勢追蹤,1.92,>MA5,多頭,,,,,,,,tracking,signal_tracking_20260810.csv,5.0,7.05,11.13,,13.17,-3.15,13.17,-3.15,1.0,-0.19,,13.17,-3.15,買,2358.6,1.0,1.0
2026-08-10,6617.TWO,共信-KY,100.5,廣義上升三法,56.0,C觀察,5.18,>MA5,糾結,,,,,,,,tracking,signal_tracking_20260810.csv,5.0,1.49,-1.99,,15.42,-3.88,15.42,-3.88,0.0,1.99,,15.42,-3.88,買,1390.9,0.0,0.0
2026-08-10,6642.TWO,富致,83.4,廣義上升三法,56.0,C觀察,3.18,>MA5,糾結,,,,,,,,tracking,signal_tracking_20260810.csv,5.0,3.96,0.36,,6.59,-1.68,6.59,-1.68,0.0,3.12,,6.59,-1.68,買,1415.3,1.0,0.0
2026-08-10,6672.TW,騰輝電子-KY,251.5,3K反轉、單跳空、漲停、漲幅達標,83.0,A強勢追蹤,2.77,>MA5,糾結,,,,,,,,tracking,signal_tracking_20260810.csv,5.0,5.17,12.52,,14.51,-1.79,14.51,-1.79,1.0,2.19,,14.51,-1.79,買,6248.8,1.0,1.0
2026-08-10,6753.TW,龍德造船,144.5,單跳空、廣義上升三法、漲幅達標、下降趨勢線突破(中短期),72.0,B可追蹤,0.68,>MA5,糾結,,,,,,,,tracking,signal_tracking_20260810.csv,5.0,-0.35,1.73,,10.03,-5.19,10.03,-5.19,0.0,-2.42,,10.03,-5.19,買,3131.8,1.0,0.0
2026-08-10,6770.TW,力積電,67.4,廣義上升三法,60.0,C觀察,4.87,>MA5,糾結,,,,,,,,tracking,signal_tracking_20260810.csv,5.0,11.13,10.68,,21.36,-3.12,21.36,-3.12,1.0,-0.59,,21.36,-3.12,買,184479.7,1.0,1.0
2026-08-10,6781.TW,AES-KY,1190.0,廣義上升三法,74.0,B可追蹤,6.99,>MA5,多頭,,,,,,,,tracking,signal_tracking_20260810.csv,5.0,-5.46,-7.98,,3.36,-8.4,3.36,-8.4,0.0,-1.26,,3.36,-8.4,買,1655.6,0.0,0.0
2026-08-10,6805.TW,富世達,1760.0,廣義上升三法,61.0,C觀察,8.91,>MA5,多頭,,,,,,,,tracking,signal_tracking_20260810.csv,5.0,3.98,9.38,,10.8,-1.99,10.8,-1.99,1.0,1.7,,10.8,-1.99,買,2448.6,1.0,1.0
2026-08-10,6830.TW,汎銓,425.5,廣義上升三法、下降趨勢線突破(中長期),59.0,C觀察,4.28,>MA5,多頭,,,,,,,,tracking,signal_tracking_20260810.csv,5.0,-1.18,2.7,,4.11,-5.29,4.11,-5.29,0.0,-4.0,,4.11,-5.29,買,1847.5,1.0,0.0
2026-08-10,6834.TW,天二科技,96.6,3K反轉、單跳空、漲停、廣義上升三法、漲幅達標、下降趨勢線突破(中短期),68.0,B可追蹤,-2.76,>MA5,糾結,,,,,,,,tracking,signal_tracking_20260810.csv,5.0,11.28,3.52,,20.08,-0.21,20.08,-0.21,1.0,9.73,,20.08,-0.21,買,4556.6,1.0,1.0
2026-08-10,6919.TW,康霈*,111.0,3K反轉、廣義上升三法、下降趨勢線突破(中短期),82.0,A強勢追蹤,0.99,>MA5,多頭,,,,,,,,tracking,signal_tracking_20260810.csv,5.0,-6.31,-7.66,,1.8,-8.11,1.8,-8.11,0.0,-2.7,,1.8,-8.11,買,5704.0,0.0,0.0
2026-08-10,6962.TW,奕力-KY,34.05,單跳空、漲停、廣義上升三法、島狀反轉、漲幅達標,98.0,A強勢追蹤,1.43,>MA5,糾結,,,,,,,,tracking,signal_tracking_20260810.csv,5.0,-1.03,-9.1,,2.06,-10.87,2.06,-10.87,0.0,-0.73,,2.06,-10.87,買,4165.8,0.0,0.0
2026-08-10,7711.TW,永擎,405.0,三白兵、廣義上升三法、漲幅達標、周1K,100.0,A強勢追蹤,13.7,>MA5,多頭,,,,,,,,tracking,signal_tracking_20260810.csv,5.0,21.36,17.28,,23.21,-0.25,23.21,-0.25,1.0,0.49,,23.21,-0.25,買,1367.8,1.0,1.0
2026-08-10,7795.TW,長廣,462.5,廣義上升三法、漲幅達標、周1K,69.0,B可追蹤,1.32,>MA5,糾結,,,,,,,,tracking,signal_tracking_20260810.csv,5.0,20.22,18.7,,28.43,-4.86,28.43,-4.86,1.0,-0.54,,28.43,-4.86,買,2786.3,1.0,1.0
2026-08-10,8021.TW,尖點,434.5,漲停、廣義上升三法、漲幅達標、下降趨勢線突破(中長期),72.0,B可追蹤,2.33,>MA5,糾結,,,,,,,,tracking,signal_tracking_20260810.csv,5.0,-1.27,-1.5,,2.76,-9.09,2.76,-9.09,0.0,1.04,,2.76,-9.09,買,5729.5,0.0,0.0
2026-08-10,8046.TW,南電,1135.0,3K反轉、廣義上升三法,61.0,C觀察,2.23,>MA5,糾結,,,,,,,,tracking,signal_tracking_20260810.csv,5.0,7.05,14.1,,21.59,-3.08,21.59,-3.08,1.0,1.32,,21.59,-3.08,買,2770.9,1.0,1.0
2026-08-10,8050.TWO,廣積,67.8,廣義上升三法,73.0,B可追蹤,5.99,>MA5,多頭,,,,,,,,tracking,signal_tracking_20260810.csv,5.0,-13.57,-15.49,,-4.57,-15.93,-4.57,-15.93,0.0,-9.14,,-4.57,-15.93,買,12800.4,0.0,0.0
2026-08-10,8081.TW,致新,269.0,廣義上升三法、周1K,65.0,B可追蹤,1.42,>MA5,糾結,,,,,,,,tracking,signal_tracking_20260810.csv,5.0,0.0,-4.83,,2.97,-7.43,2.97,-7.43,0.0,0.37,,2.97,-7.43,買,2525.1,0.0,0.0
2026-08-10,8110.TW,華東,46.25,廣義上升三法,60.0,C觀察,2.04,>MA5,糾結,,,,,,,,tracking,signal_tracking_20260810.csv,5.0,-0.22,-0.43,,4.97,-2.49,4.97,-2.49,0.0,0.11,,4.97,-2.49,買,6023.5,0.0,0.0
2026-08-10,8150.TW,南茂,92.9,廣義上升三法、漲幅達標、周1K,73.0,B可追蹤,0.52,>MA5,糾結,,,,,,,,tracking,signal_tracking_20260810.csv,5.0,0.0,-1.51,,7.0,-3.12,7.0,-3.12,0.0,6.57,,7.0,-3.12,買,39119.2,0.0,0.0
2026-08-10,8234.TWO,新漢,74.0,廣義上升三法,59.0,C觀察,5.06,>MA5,糾結,,,,,,,,tracking,signal_tracking_20260810.csv,5.0,-5.68,-7.97,,-0.68,-7.97,-0.68,-7.97,0.0,-4.46,,-0.68,-7.97,買,2136.8,0.0,0.0
2026-08-10,8271.TW,宇瞻,233.0,巧妙點,67.0,B可追蹤,6.4,MA5~10,多頭,,,,,,,,tracking,signal_tracking_20260810.csv,5.0,-1.5,-2.15,,2.36,-3.65,2.36,-3.65,0.0,0.64,,2.36,-3.65,買,5560.0,0.0,0.0
2026-08-10,8436.TWO,大江,126.5,3K反轉、布林縮窄突破、漲幅達標、周1K,100.0,A強勢追蹤,4.97,>MA5,多頭,,,,,,,,tracking,signal_tracking_20260810.csv,5.0,-3.16,-2.77,,0.4,-6.72,0.4,-6.72,0.0,-0.4,,0.4,-6.72,買,1891.5,0.0,0.0
2026-08-10,9914.TW,美利達,85.2,單跳空、廣義上升三法,67.0,B可追蹤,4.91,>MA5,糾結,,,,,,,,tracking,signal_tracking_20260810.csv,5.0,0.35,-4.34,,13.62,-6.92,13.62,-6.92,0.0,10.68,,13.62,-6.92,買,5320.6,0.0,0.0
2026-08-10,9921.TW,巨大,101.5,單跳空、漲停、漲幅達標,89.0,A強勢追蹤,9.37,>MA5,多頭,,,,,,,,tracking,signal_tracking_20260810.csv,5.0,3.45,-4.04,,11.82,-5.22,11.82,-5.22,0.0,9.85,,11.82,-5.22,買,9384.5,0.0,0.0
2026-08-10,9934.TW,成霖,11.95,布林縮窄突破、單跳空、廣義上升三法、漲幅達標,90.0,A強勢追蹤,4.57,>MA5,糾結,,,,,,,,tracking,signal_tracking_20260810.csv,5.0,-4.6,-5.44,,0.84,-7.95,0.84,-7.95,0.0,-4.6,,0.84,-7.95,買,7282.7,0.0,0.0
2026-08-10,9945.TW,潤泰新,27.1,廣義上升三法、KD高腳,85.0,A強勢追蹤,1.43,>MA5,多頭,,,,,,,,tracking,signal_tracking_20260810.csv,5.0,0.0,11.44,,13.84,-1.29,13.84,-1.29,1.0,-0.18,,13.84,-1.29,買,3181.2,1.0,1.0
2026-08-10,9958.TW,世紀鋼,116.0,廣義上升三法,60.0,C觀察,2.03,>MA5,糾結,,,,,,,,tracking,signal_tracking_20260810.csv,5.0,-9.91,-11.64,,0.0,-12.07,0.0,-12.07,0.0,-2.16,,0.0,-12.07,買,2261.1,0.0,0.0
2026-08-11,1101.TW,台泥,24.65,廣義上升三法,69.0,B可追蹤,2.67,>MA5,多頭,,,,,,,,tracking,signal_tracking_20260811.csv,4.0,-1.62,,,0.41,-3.25,0.41,-3.25,,-0.81,,0.41,-3.25,買,19778.5,,
2026-08-11,1229.TW,聯華,41.9,3K反轉、單跳空、下降趨勢線突破(中長期),77.0,A強勢追蹤,1.85,>MA5,糾結,,,,,,,,tracking,signal_tracking_20260811.csv,4.0,-2.63,,,0.12,-3.1,0.12,-3.1,,-0.95,,0.12,-3.1,買,3509.9,,
2026-08-11,1319.TW,東陽,78.8,廣義上升三法,74.0,B可追蹤,2.89,>MA5,多頭,,,,,,,,tracking,signal_tracking_20260811.csv,4.0,6.47,,,9.14,-0.89,9.14,-0.89,,0.51,,9.14,-0.89,買,3321.9,,
2026-08-11,1440.TW,南紡,13.7,廣義上升三法、周1K,74.0,B可追蹤,3.09,>MA5,糾結,,,,,,,,tracking,signal_tracking_20260811.csv,4.0,-1.09,,,1.82,-2.92,1.82,-2.92,,-0.73,,1.82,-2.92,買,3435.0,,
2026-08-11,1517.TW,利奇,12.3,3K反轉、布林縮窄突破、廣義上升三法、下降趨勢線突破(中短期),100.0,A強勢追蹤,4.69,>MA5,多頭,,,,,,,,tracking,signal_tracking_20260811.csv,4.0,-6.91,,,-0.81,-7.72,-0.81,-7.72,,-2.03,,-0.81,-7.72,買,3037.2,,
2026-08-11,1526.TW,日馳,19.0,周1K,69.0,B可追蹤,7.53,>MA5,多頭,,,,,,,,tracking,signal_tracking_20260811.csv,4.0,-9.47,,,-1.84,-10.53,-1.84,-10.53,,-2.37,,-1.84,-10.53,買,1277.0,,
2026-08-11,1563.TW,巧新,62.1,3K反轉、漲停、廣義上升三法、漲幅達標、下降趨勢線突破(中長期),95.0,A強勢追蹤,1.13,>MA5,糾結,,,,,,,,tracking,signal_tracking_20260811.csv,4.0,2.25,,,5.48,-0.64,5.48,-0.64,,5.15,,5.48,-0.64,買,4032.5,,
2026-08-11,1597.TW,直得,148.0,廣義上升三法,69.0,B可追蹤,5.02,>MA5,多頭,,,,,,,,tracking,signal_tracking_20260811.csv,4.0,-3.04,,,3.72,-4.05,3.72,-4.05,,0.68,,3.72,-4.05,買,2017.9,,
2026-08-11,1605.TW,華新,38.3,廣義上升三法、周1K,83.0,A強勢追蹤,5.84,>MA5,多頭,,,,,,,,tracking,signal_tracking_20260811.csv,4.0,1.96,,,7.05,-1.83,7.05,-1.83,,4.44,,7.05,-1.83,買,50159.5,,
2026-08-11,1608.TW,華榮,36.45,廣義上升三法、周1K,84.0,A強勢追蹤,4.02,>MA5,多頭,,,,,,,,tracking,signal_tracking_20260811.csv,4.0,1.51,,,7.54,-1.1,7.54,-1.1,,4.12,,7.54,-1.1,買,8128.4,,
2026-08-11,1612.TW,宏泰,34.0,布林縮窄突破、廣義上升三法,74.0,B可追蹤,4.08,>MA5,糾結,,,,,,,,tracking,signal_tracking_20260811.csv,4.0,2.35,,,3.24,0.15,3.24,0.15,,1.91,,3.24,0.15,買,2277.6,,
2026-08-11,1710.TW,東聯,14.95,廣義上升三法,60.0,C觀察,2.16,>MA5,糾結,,,,,,,,tracking,signal_tracking_20260811.csv,4.0,0.67,,,3.68,-1.67,3.68,-1.67,,2.01,,3.68,-1.67,買,6143.8,,
2026-08-11,1714.TW,和桐,16.65,廣義上升三法,55.0,C觀察,2.88,>MA5,糾結,,,,,,,,tracking,signal_tracking_20260811.csv,4.0,-1.5,,,5.41,-2.4,5.41,-2.4,,4.5,,5.41,-2.4,買,22994.3,,
2026-08-11,1717.TW,長興,71.9,廣義上升三法,70.0,B可追蹤,3.58,>MA5,多頭,,,,,,,,tracking,signal_tracking_20260811.csv,4.0,-0.28,,,10.99,-1.95,10.99,-1.95,,9.32,,10.99,-1.95,買,18097.6,,
2026-08-11,1736.TW,喬山,145.0,3K反轉、廣義上升三法、周1K,100.0,A強勢追蹤,6.59,>MA5,多頭,,,,,,,,tracking,signal_tracking_20260811.csv,4.0,-6.21,,,2.07,-10.0,2.07,-10.0,,-4.14,,2.07,-10.0,買,1303.3,,
2026-08-11,1809.TW,中釉,41.95,單跳空、周1K,55.0,C觀察,1.06,>MA5,糾結,,,,,,,,tracking,signal_tracking_20260811.csv,4.0,-4.29,,,-1.19,-6.91,-1.19,-6.91,,-2.98,,-1.19,-6.91,買,7881.6,,
2026-08-11,1904.TW,正隆,24.5,廣義上升三法、周1K,92.0,A強勢追蹤,5.04,>MA5,多頭,,,,,,,,tracking,signal_tracking_20260811.csv,4.0,-0.2,,,5.51,-2.45,5.51,-2.45,,2.65,,5.51,-2.45,買,4533.4,,
2026-08-11,2009.TW,第一銅,40.05,廣義上升三法,70.0,B可追蹤,2.54,>MA5,多頭,,,,,,,,tracking,signal_tracking_20260811.csv,4.0,-2.62,,,4.74,-3.37,4.74,-3.37,,3.25,,4.74,-3.37,買,2374.0,,
2026-08-11,2030.TW,彰源,21.15,雙跳空、單跳空,81.0,A強勢追蹤,9.13,>MA5,多頭,,,,,,,,tracking,signal_tracking_20260811.csv,4.0,-2.84,,,3.07,-3.31,3.07,-3.31,,1.89,,3.07,-3.31,買,8711.0,,
2026-08-11,2033.TW,佳大,20.55,單跳空、雙漲停、漲停、廣義上升三法、漲幅達標、周1K,100.0,A強勢追蹤,13.22,>MA5,多頭,,,,,,,,tracking,signal_tracking_20260811.csv,4.0,9.98,,,14.84,-0.0,14.84,-0.0,,7.06,,14.84,-0.0,買,2975.7,,
2026-08-11,2034.TW,允強,20.45,廣義上升三法、下降趨勢線突破(中短期),55.0,C觀察,2.07,>MA5,糾結,,,,,,,,tracking,signal_tracking_20260811.csv,4.0,-2.69,,,0.24,-3.67,0.24,-3.67,,-1.22,,0.24,-3.67,買,2190.1,,
2026-08-11,2061.TWO,風青,63.1,三白兵、廣義上升三法,62.0,C觀察,2.98,>MA5,多頭,,,,,,,,tracking,signal_tracking_20260811.csv,4.0,-19.65,,,2.38,-22.19,2.38,-22.19,,-0.95,,2.38,-22.19,買,4304.3,,
2026-08-11,2103.TW,台橡,28.65,廣義上升三法、周1K,78.0,A強勢追蹤,9.98,>MA5,糾結,,,,,,,,tracking,signal_tracking_20260811.csv,4.0,-6.28,,,-1.05,-6.46,-1.05,-6.46,,-4.54,,-1.05,-6.46,買,38256.5,,
2026-08-11,2106.TW,建大,18.9,布林縮窄突破、廣義上升三法、KD高腳、周1K,100.0,A強勢追蹤,2.28,>MA5,多頭,,,,,,,,tracking,signal_tracking_20260811.csv,4.0,-7.14,,,-1.59,-8.73,-1.59,-8.73,,-3.7,,-1.59,-8.73,買,1652.1,,
2026-08-11,2301.TW,光寶科,268.5,周1K,68.0,B可追蹤,6.82,>MA5,多頭,,,,,,,,tracking,signal_tracking_20260811.csv,4.0,-0.56,,,6.7,-5.4,6.7,-5.4,,-3.35,,6.7,-5.4,買,48726.7,,
2026-08-11,2302.TW,麗正,46.05,廣義上升三法、漲幅達標、周1K,67.0,B可追蹤,3.74,>MA5,糾結,,,,,,,,tracking,signal_tracking_20260811.csv,4.0,-8.36,,,3.47,-9.99,3.47,-9.99,,-1.09,,3.47,-9.99,買,8351.3,,
2026-08-11,2316.TW,楠梓電,172.0,單跳空、廣義上升三法、周1K,77.0,A強勢追蹤,1.75,>MA5,糾結,,,,,,,,tracking,signal_tracking_20260811.csv,4.0,-6.98,,,-1.16,-8.14,-1.16,-8.14,,-6.1,,-1.16,-8.14,買,3370.3,,
2026-08-11,2357.TW,華碩,839.0,3K反轉、廣義上升三法、KD高腳,100.0,A強勢追蹤,4.48,>MA5,多頭,,,,,,,,tracking,signal_tracking_20260811.csv,4.0,18.71,,,22.17,-0.95,22.17,-0.95,,1.55,,22.17,-0.95,買,3049.5,,
2026-08-11,2362.TW,藍天,47.3,廣義上升三法,61.0,C觀察,3.82,MA5~10,多頭,,,,,,,,tracking,signal_tracking_20260811.csv,4.0,5.5,,,6.77,0.42,6.77,0.42,,3.38,,6.77,0.42,買,1969.8,,
2026-08-11,2376.TW,技嘉,350.5,廣義上升三法,59.0,C觀察,2.13,>MA5,糾結,,,,,,,,tracking,signal_tracking_20260811.csv,4.0,13.41,,,14.69,0.43,14.69,0.43,,7.13,,14.69,0.43,買,4089.6,,
2026-08-11,2383.TW,台光電,5535.0,3K反轉、周1K,77.0,A強勢追蹤,4.08,>MA5,多頭,,,,,,,,tracking,signal_tracking_20260811.csv,4.0,11.38,,,16.44,-0.99,16.44,-0.99,,3.52,,16.44,-0.99,買,2812.6,,
2026-08-11,2392.TW,正崴,39.6,3K反轉、廣義上升三法、下降趨勢線突破(中長期)、周1K,100.0,A強勢追蹤,4.97,>MA5,多頭,,,,,,,,tracking,signal_tracking_20260811.csv,4.0,8.71,,,13.01,-2.02,13.01,-2.02,,0.51,,13.01,-2.02,買,4052.7,,
2026-08-11,2393.TW,億光,64.2,廣義上升三法、下降趨勢線突破(中短期)、周1K,79.0,A強勢追蹤,1.55,>MA5,糾結,,,,,,,,tracking,signal_tracking_20260811.csv,4.0,-1.56,,,2.18,-2.02,2.18,-2.02,,-1.4,,2.18,-2.02,買,3106.0,,
2026-08-11,2395.TW,研華,661.0,巧妙點、廣義上升三法,84.0,A強勢追蹤,7.67,>MA5,多頭,,,,,,,,tracking,signal_tracking_20260811.csv,4.0,3.33,,,7.26,-0.61,7.26,-0.61,,3.78,,7.26,-0.61,買,4154.5,,
2026-08-11,2397.TW,友通,67.7,廣義上升三法,69.0,B可追蹤,7.24,>MA5,多頭,,,,,,,,tracking,signal_tracking_20260811.csv,4.0,-2.81,,,0.59,-4.43,0.59,-4.43,,-1.48,,0.59,-4.43,買,1926.2,,
2026-08-11,2408.TW,南亞科,489.0,周1K,60.0,C觀察,4.54,>MA5,多頭,,,,,,,,tracking,signal_tracking_20260811.csv,4.0,4.7,,,10.84,-1.74,10.84,-1.74,,-1.33,,10.84,-1.74,買,113445.7,,
2026-08-11,2421.TW,建準,151.5,廣義上升三法,74.0,B可追蹤,5.09,>MA5,多頭,,,,,,,,tracking,signal_tracking_20260811.csv,4.0,-3.63,,,1.65,-4.95,1.65,-4.95,,-0.66,,1.65,-4.95,買,2315.6,,
2026-08-11,2436.TW,偉詮電,67.0,廣義上升三法,65.0,B可追蹤,4.59,>MA5,多頭,,,,,,,,tracking,signal_tracking_20260811.csv,4.0,3.13,,,8.81,-1.19,8.81,-1.19,,0.9,,8.81,-1.19,買,5137.9,,
2026-08-11,2454.TW,聯發科,4020.0,3K反轉,71.0,B可追蹤,3.04,>MA5,多頭,,,,,,,,tracking,signal_tracking_20260811.csv,4.0,4.73,,,9.45,-1.74,9.45,-1.74,,-0.12,,9.45,-1.74,買,7639.7,,
2026-08-11,2464.TW,盟立,187.5,廣義上升三法、周1K,88.0,A強勢追蹤,7.35,>MA5,多頭,,,,,,,,tracking,signal_tracking_20260811.csv,4.0,2.4,,,10.93,-2.13,10.93,-2.13,,4.8,,10.93,-2.13,買,26630.5,,
2026-08-11,2474.TW,可成,206.0,布林縮窄突破、廣義上升三法,78.0,A強勢追蹤,4.62,>MA5,糾結,,,,,,,,tracking,signal_tracking_20260811.csv,4.0,-0.73,,,1.46,-1.94,1.46,-1.94,,-0.49,,1.46,-1.94,買,6749.9,,
2026-08-11,2492.TW,華新科,300.5,漲停、廣義上升三法、漲幅達標、周1K,66.0,B可追蹤,-0.55,>MA5,糾結,,,,,,,,tracking,signal_tracking_20260811.csv,4.0,0.67,,,7.15,-4.16,7.15,-4.16,,-4.16,,7.15,-4.16,買,54233.2,,
2026-08-11,2493.TW,揚博,239.5,漲停、廣義上升三法、漲幅達標、周1K,88.0,A強勢追蹤,2.24,>MA5,糾結,,,,,,,,tracking,signal_tracking_20260811.csv,4.0,-11.27,,,3.76,-20.04,3.76,-20.04,,1.46,,3.76,-20.04,買,5968.1,,
2026-08-11,2536.TW,宏普,20.95,下降趨勢線突破(中長期)、周1K,63.0,C觀察,5.26,>MA5,糾結,,,,,,,,tracking,signal_tracking_20260811.csv,4.0,-0.72,,,2.86,-1.43,2.86,-1.43,,1.43,,2.86,-1.43,買,2912.7,,
2026-08-11,2603.TW,長榮,218.0,布林縮窄突破、廣義上升三法、周1K,100.0,A強勢追蹤,3.51,>MA5,多頭,,,,,,,,tracking,signal_tracking_20260811.csv,4.0,0.46,,,6.42,-3.21,6.42,-3.21,,-1.61,,6.42,-3.21,買,12458.0,,
2026-08-11,2609.TW,陽明,52.0,廣義上升三法,69.0,B可追蹤,2.03,>MA5,多頭,,,,,,,,tracking,signal_tracking_20260811.csv,4.0,-0.77,,,5.38,-2.5,5.38,-2.5,,-0.58,,5.38,-2.5,買,22709.5,,
2026-08-11,2855.TW,統一證,46.2,廣義上升三法、周1K,62.0,C觀察,0.55,>MA5,糾結,,,,,,,,tracking,signal_tracking_20260811.csv,4.0,2.6,,,4.98,0.22,4.98,0.22,,2.81,,4.98,0.22,買,3004.3,,
2026-08-11,2929.TW,淘帝-KY,5.96,3K反轉、單跳空、漲幅達標、下降趨勢線突破(中短期、中長期)、周1K,74.0,B可追蹤,2.17,>MA5,空頭,,,,,,,,tracking,signal_tracking_20260811.csv,4.0,-2.85,,,0.17,-4.87,0.17,-4.87,,-1.17,,0.17,-4.87,買,1747.8,,
2026-08-11,3003.TW,健和興,70.5,雙跳空、單跳空、下降趨勢線突破(中長期)、周1K,95.0,A強勢追蹤,7.42,>MA5,糾結,,,,,,,,tracking,signal_tracking_20260811.csv,4.0,-5.25,,,2.7,-7.66,2.7,-7.66,,-1.13,,2.7,-7.66,買,4882.8,,
2026-08-11,3017.TW,奇鋐,2760.0,廣義上升三法,68.0,B可追蹤,6.87,MA5~10,多頭,,,,,,,,tracking,signal_tracking_20260811.csv,4.0,17.21,,,20.29,-0.18,20.29,-0.18,,5.43,,20.29,-0.18,買,3136.9,,
2026-08-11,3023.TW,信邦,318.5,3K反轉、廣義上升三法,75.0,A強勢追蹤,1.68,>MA5,多頭,,,,,,,,tracking,signal_tracking_20260811.csv,4.0,-2.04,,,1.73,-3.45,1.73,-3.45,,-0.94,,1.73,-3.45,買,1217.6,,
2026-08-11,3026.TW,禾伸堂,646.0,三白兵、單跳空、雙漲停、漲停、廣義上升三法、漲幅達標、周1K,100.0,A強勢追蹤,2.98,>MA5,糾結,,,,,,,,tracking,signal_tracking_20260811.csv,4.0,0.15,,,16.41,-6.35,16.41,-6.35,,6.04,,16.41,-6.35,買,22659.7,,
2026-08-11,3033.TW,威健,50.4,廣義上升三法、周1K,63.0,C觀察,0.93,>MA5,糾結,,,,,,,,tracking,signal_tracking_20260811.csv,4.0,-4.27,,,4.76,-7.74,4.76,-7.74,,-0.2,,4.76,-7.74,買,8580.7,,
2026-08-11,3037.TW,欣興,992.0,巧妙點、廣義上升三法,76.0,A強勢追蹤,4.53,>MA5,多頭,,,,,,,,tracking,signal_tracking_20260811.csv,4.0,2.82,,,12.9,-1.61,12.9,-1.61,,0.81,,12.9,-1.61,買,5158.0,,
2026-08-11,3044.TW,健鼎,441.5,單跳空、漲停、島狀反轉、漲幅達標,87.0,A強勢追蹤,3.83,>MA5,糾結,,,,,,,,tracking,signal_tracking_20260811.csv,4.0,10.53,,,18.69,8.72,18.69,8.72,,9.97,,18.69,8.72,買,8893.9,,
2026-08-11,3046.TW,建碁,60.3,周1K,73.0,B可追蹤,5.32,>MA5,多頭,,,,,,,,tracking,signal_tracking_20260811.csv,4.0,-0.83,,,4.48,-1.99,4.48,-1.99,,3.32,,4.48,-1.99,買,1551.2,,
2026-08-11,3048.TW,益登,58.8,廣義上升三法,70.0,B可追蹤,2.74,>MA5,多頭,,,,,,,,tracking,signal_tracking_20260811.csv,4.0,-0.0,,,8.67,-2.38,8.67,-2.38,,1.53,,8.67,-2.38,買,5284.2,,
2026-08-11,3081.TWO,聯亞,2480.0,廣義上升三法,61.0,C觀察,11.78,>MA5,多頭,,,,,,,,tracking,signal_tracking_20260811.csv,4.0,2.42,,,14.72,-0.4,14.72,-0.4,,9.88,,14.72,-0.4,買,1157.9,,
2026-08-11,3090.TW,日電貿,174.5,三白兵、廣義上升三法、漲幅達標、周1K,71.0,B可追蹤,0.08,>MA5,糾結,,,,,,,,tracking,signal_tracking_20260811.csv,4.0,0.0,,,7.16,-6.3,7.16,-6.3,,-2.29,,7.16,-6.3,買,32363.1,,
2026-08-11,3094.TW,聯傑,37.6,廣義上升三法、周1K,66.0,B可追蹤,2.05,>MA5,糾結,,,,,,,,tracking,signal_tracking_20260811.csv,4.0,0.4,,,5.19,-2.66,5.19,-2.66,,-2.39,,5.19,-2.66,買,1501.3,,
2026-08-11,3189.TW,景碩,842.0,廣義上升三法,61.0,C觀察,3.58,>MA5,多頭,,,,,,,,tracking,signal_tracking_20260811.csv,4.0,2.38,,,10.69,-3.44,10.69,-3.44,,1.9,,10.69,-3.44,買,2947.9,,
2026-08-11,3211.TWO,順達,400.0,三白兵、廣義上升三法、漲幅達標、周1K,86.0,A強勢追蹤,3.53,>MA5,糾結,,,,,,,,tracking,signal_tracking_20260811.csv,4.0,-2.25,,,4.75,-4.5,4.75,-4.5,,3.0,,4.75,-4.5,買,20750.7,,
2026-08-11,3229.TW,晟鈦,51.0,周1K,56.0,C觀察,8.67,>MA5,多頭,,,,,,,,tracking,signal_tracking_20260811.csv,4.0,5.49,,,9.8,-2.55,9.8,-2.55,,9.61,,9.8,-2.55,買,1494.8,,
2026-08-11,3231.TW,緯創,191.0,巧妙點、廣義上升三法,84.0,A強勢追蹤,5.85,>MA5,多頭,,,,,,,,tracking,signal_tracking_20260811.csv,4.0,1.31,,,7.85,-3.4,7.85,-3.4,,1.31,,7.85,-3.4,買,34395.3,,
2026-08-11,3234.TWO,光環,121.5,廣義上升三法、下降趨勢線突破(中長期),58.0,C觀察,3.66,>MA5,多頭,,,,,,,,tracking,signal_tracking_20260811.csv,4.0,12.35,,,23.46,-3.7,23.46,-3.7,,9.47,,23.46,-3.7,買,2859.7,,
2026-08-11,3293.TWO,鈊象,804.0,廣義上升三法、下降趨勢線突破(中長期),70.0,B可追蹤,3.3,>MA5,多頭,,,,,,,,tracking,signal_tracking_20260811.csv,4.0,-6.72,,,0.25,-9.45,0.25,-9.45,,-2.86,,0.25,-9.45,買,1799.5,,
2026-08-11,3324.TWO,雙鴻,1045.0,廣義上升三法,74.0,B可追蹤,6.21,>MA5,多頭,,,,,,,,tracking,signal_tracking_20260811.csv,4.0,-3.35,,,3.35,-4.31,3.35,-4.31,,0.48,,3.35,-4.31,買,2332.5,,
2026-08-11,3443.TW,創意,4955.0,廣義上升三法、漲幅達標、下降趨勢線突破(中長期)、周1K,99.0,A強勢追蹤,8.73,>MA5,多頭,,,,,,,,tracking,signal_tracking_20260811.csv,4.0,10.29,,,20.89,-0.2,20.89,-0.2,,3.53,,20.89,-0.2,買,3458.3,,
2026-08-11,3490.TWO,單井,32.0,廣義上升三法,70.0,B可追蹤,4.21,>MA5,多頭,,,,,,,,tracking,signal_tracking_20260811.csv,4.0,23.91,,,34.38,0.16,34.38,0.16,,4.69,,34.38,0.16,買,3487.2,,
2026-08-11,3537.TWO,堡達,57.0,漲停、廣義上升三法、漲幅達標、周1K,85.0,A強勢追蹤,0.03,>MA5,糾結,,,,,,,,tracking,signal_tracking_20260811.csv,4.0,-0.88,,,7.02,-3.86,7.02,-3.86,,-1.58,,7.02,-3.86,買,2066.0,,
2026-08-11,3624.TWO,光頡,85.2,廣義上升三法、下降趨勢線突破(中長期)、周1K,67.0,B可追蹤,0.47,>MA5,糾結,,,,,,,,tracking,signal_tracking_20260811.csv,4.0,5.05,,,16.67,-1.88,16.67,-1.88,,1.53,,16.67,-1.88,買,12266.9,,
2026-08-11,3652.TW,精聯,37.35,廣義上升三法,78.0,A強勢追蹤,8.53,>MA5,多頭,,,,,,,,tracking,signal_tracking_20260811.csv,4.0,0.4,,,3.08,-3.08,3.08,-3.08,,-0.4,,3.08,-3.08,買,5557.3,,
2026-08-11,3712.TW,永崴投控,22.4,廣義上升三法、周1K,79.0,A強勢追蹤,10.85,>MA5,多頭,,,,,,,,tracking,signal_tracking_20260811.csv,4.0,-0.89,,,6.92,-5.13,6.92,-5.13,,1.79,,6.92,-5.13,買,1315.5,,
2026-08-11,4147.TWO,中裕,63.5,廣義上升三法、周1K,66.0,B可追蹤,2.01,>MA5,糾結,,,,,,,,tracking,signal_tracking_20260811.csv,4.0,1.1,,,9.92,-3.62,9.92,-3.62,,7.87,,9.92,-3.62,買,1844.3,,
2026-08-11,4157.TWO,太景*-KY,9.02,3K反轉、單跳空、廣義上升三法、下降趨勢線突破(中長期),100.0,A強勢追蹤,2.72,>MA5,糾結,,,,,,,,tracking,signal_tracking_20260811.csv,4.0,-2.0,,,2.33,-3.77,2.33,-3.77,,0.44,,2.33,-3.77,買,1614.3,,
2026-08-11,4716.TWO,大立,18.9,3K反轉、廣義上升三法、漲幅達標、周1K,75.0,A強勢追蹤,-0.39,>MA5,糾結,,,,,,,,tracking,signal_tracking_20260811.csv,4.0,-6.35,,,1.85,-9.52,1.85,-9.52,,-7.94,,1.85,-9.52,買,3910.1,,
2026-08-11,4763.TW,材料*-KY,51.6,3K反轉、廣義上升三法、下降趨勢線突破(中短期),98.0,A強勢追蹤,3.89,>MA5,多頭,,,,,,,,tracking,signal_tracking_20260811.csv,4.0,-0.19,,,6.59,-4.07,6.59,-4.07,,1.94,,6.59,-4.07,買,15167.5,,
2026-08-11,4931.TWO,新盛力,255.0,三白兵、單跳空、廣義上升三法、漲幅達標、周1K,100.0,A強勢追蹤,9.85,>MA5,糾結,,,,,,,,tracking,signal_tracking_20260811.csv,4.0,3.14,,,6.47,-1.76,6.47,-1.76,,4.71,,6.47,-1.76,買,21481.0,,
2026-08-11,4938.TW,和碩,89.0,廣義上升三法,62.0,C觀察,1.79,>MA5,多頭,,,,,,,,tracking,signal_tracking_20260811.csv,4.0,6.52,,,12.92,-0.9,12.92,-0.9,,2.7,,12.92,-0.9,買,12158.5,,
2026-08-11,4939.TWO,亞電,61.7,廣義上升三法,55.0,C觀察,5.7,>MA5,糾結,,,,,,,,tracking,signal_tracking_20260811.csv,4.0,-0.49,,,6.16,-4.21,6.16,-4.21,,-1.46,,6.16,-4.21,買,6034.6,,
2026-08-11,5328.TWO,華容,66.0,3K反轉、KD高腳,59.0,C觀察,0.6,>MA5,糾結,,,,,,,,tracking,signal_tracking_20260811.csv,4.0,1.82,,,10.61,-2.27,10.61,-2.27,,1.82,,10.61,-2.27,買,30244.2,,
2026-08-11,5351.TWO,鈺創,119.5,廣義上升三法、周1K,88.0,A強勢追蹤,13.38,>MA5,多頭,,,,,,,,tracking,signal_tracking_20260811.csv,4.0,11.3,,,15.48,0.84,15.48,0.84,,2.09,,15.48,0.84,買,12824.8,,
2026-08-11,5371.TWO,中光電,87.6,3K反轉、廣義上升三法、周1K,91.0,A強勢追蹤,0.11,>MA5,糾結,,,,,,,,tracking,signal_tracking_20260811.csv,4.0,2.85,,,6.85,-3.77,6.85,-3.77,,-1.26,,6.85,-3.77,買,10952.8,,
2026-08-11,5426.TWO,振發,30.8,漲停、廣義上升三法、漲幅達標、周1K,100.0,A強勢追蹤,6.75,>MA5,糾結,,,,,,,,tracking,signal_tracking_20260811.csv,4.0,-9.09,,,1.62,-9.9,1.62,-9.9,,-3.08,,1.62,-9.9,買,3543.4,,
2026-08-11,5443.TWO,均豪,107.5,雙跳空、單跳空、廣義上升三法,86.0,A強勢追蹤,4.25,>MA5,糾結,,,,,,,,tracking,signal_tracking_20260811.csv,4.0,-1.4,,,6.98,-2.33,6.98,-2.33,,5.58,,6.98,-2.33,買,5440.3,,
2026-08-11,5475.TWO,德宏,135.0,單跳空、廣義上升三法、島狀反轉、漲幅達標、下降趨勢線突破(中長期),57.0,C觀察,-4.55,>MA5,糾結,,,,,,,,tracking,signal_tracking_20260811.csv,4.0,26.3,,,32.59,0.74,32.59,0.74,,10.0,,32.59,0.74,買,15465.9,,
2026-08-11,5871.TW,中租-KY,115.5,3K反轉、下降趨勢線突破(中短期)、周1K,60.0,C觀察,0.38,>MA5,空頭,,,,,,,,tracking,signal_tracking_20260811.csv,4.0,-3.46,,,0.0,-6.06,0.0,-6.06,,-1.73,,0.0,-6.06,買,12241.6,,
2026-08-11,6108.TW,競國,19.55,3K反轉、單跳空、廣義上升三法、下降趨勢線突破(中長期),100.0,A強勢追蹤,5.66,>MA5,多頭,,,,,,,,tracking,signal_tracking_20260811.csv,4.0,13.04,,,19.44,0.51,19.44,0.51,,2.05,,19.44,0.51,買,2028.9,,
2026-08-11,6121.TWO,新普,434.5,單跳空、漲停、廣義上升三法、漲幅達標、周1K,100.0,A強勢追蹤,6.24,>MA5,糾結,,,,,,,,tracking,signal_tracking_20260811.csv,4.0,-5.18,,,1.27,-6.79,1.27,-6.79,,-0.69,,1.27,-6.79,買,2669.7,,
2026-08-11,6139.TW,亞翔,812.0,巧妙點、廣義上升三法,59.0,C觀察,0.47,>MA5,糾結,,,,,,,,tracking,signal_tracking_20260811.csv,4.0,-1.72,,,3.08,-2.46,3.08,-2.46,,-0.12,,3.08,-2.46,買,3388.4,,
2026-08-11,6152.TW,百一,14.8,雙跳空、單跳空、下降趨勢線突破(中長期),89.0,A強勢追蹤,8.65,>MA5,多頭,,,,,,,,tracking,signal_tracking_20260811.csv,4.0,-4.73,,,11.49,-6.08,11.49,-6.08,,8.78,,11.49,-6.08,買,6234.1,,
2026-08-11,6173.TWO,信昌電,185.0,漲停、廣義上升三法、漲幅達標、周1K,66.0,B可追蹤,-1.56,>MA5,糾結,,,,,,,,tracking,signal_tracking_20260811.csv,4.0,13.51,,,24.32,-1.35,24.32,-1.35,,10.0,,24.32,-1.35,買,18650.9,,
2026-08-11,6202.TW,盛群,64.3,巧妙點、廣義上升三法、周1K,88.0,A強勢追蹤,2.04,>MA5,糾結,,,,,,,,tracking,signal_tracking_20260811.csv,4.0,-6.07,,,2.33,-7.15,2.33,-7.15,,-0.78,,2.33,-7.15,買,3448.9,,
2026-08-11,6213.TW,聯茂,452.0,三白兵、廣義上升三法,70.0,B可追蹤,16.69,>MA5,多頭,,,,,,,,tracking,signal_tracking_20260811.csv,4.0,6.19,,,8.74,-0.88,8.74,-0.88,,2.65,,8.74,-0.88,買,16699.1,,
2026-08-11,6227.TWO,茂綸,131.0,3K反轉、單跳空、廣義上升三法、下降趨勢線突破(中長期),100.0,A強勢追蹤,4.88,>MA5,多頭,,,,,,,,tracking,signal_tracking_20260811.csv,4.0,-5.34,,,0.76,-6.87,0.76,-6.87,,-4.2,,0.76,-6.87,買,1039.5,,
2026-08-11,6269.TW,台郡,67.4,廣義上升三法,78.0,A強勢追蹤,6.92,>MA5,多頭,,,,,,,,tracking,signal_tracking_20260811.csv,4.0,-2.52,,,3.41,-4.6,3.41,-4.6,,-0.74,,3.41,-4.6,買,7862.1,,
2026-08-11,6274.TWO,台燿,1605.0,3K反轉、漲停、巧妙點、漲幅達標、下降趨勢線突破(中長期)、周1K,100.0,A強勢追蹤,7.63,>MA5,多頭,,,,,,,,tracking,signal_tracking_20260811.csv,4.0,4.36,,,7.79,-4.98,7.79,-4.98,,-0.31,,7.79,-4.98,買,3532.6,,
2026-08-11,6279.TWO,胡連,130.5,廣義上升三法,65.0,B可追蹤,4.08,>MA5,多頭,,,,,,,,tracking,signal_tracking_20260811.csv,4.0,-2.3,,,0.38,-2.68,0.38,-2.68,,0.0,,0.38,-2.68,買,1430.5,,
2026-08-11,6426.TW,統新,218.0,廣義上升三法,61.0,C觀察,10.34,>MA5,多頭,,,,,,,,tracking,signal_tracking_20260811.csv,4.0,0.46,,,10.09,-3.21,10.09,-3.21,,1.83,,10.09,-3.21,買,1755.6,,
2026-08-11,6446.TW,藥華藥,1460.0,漲停、廣義上升三法、漲幅達標、下降趨勢線突破(中短期)、周1K,100.0,A強勢追蹤,8.42,>MA5,多頭,,,,,,,,tracking,signal_tracking_20260811.csv,4.0,2.74,,,6.16,-3.77,6.16,-3.77,,-1.37,,6.16,-3.77,買,5595.6,,
2026-08-11,6456.TW,GIS-KY,70.6,單跳空、廣義上升三法、周1K,97.0,A強勢追蹤,5.25,>MA5,糾結,,,,,,,,tracking,signal_tracking_20260811.csv,4.0,-6.94,,,2.12,-8.78,2.12,-8.78,,-2.83,,2.12,-8.78,買,10733.8,,
2026-08-11,6533.TW,晶心科,250.0,廣義上升三法,65.0,B可追蹤,4.69,>MA5,多頭,,,,,,,,tracking,signal_tracking_20260811.csv,4.0,-1.4,,,2.0,-3.8,2.0,-3.8,,1.8,,2.0,-3.8,買,4569.7,,
2026-08-11,6547.TWO,高端疫苗,52.0,廣義上升三法,65.0,B可追蹤,4.91,>MA5,多頭,,,,,,,,tracking,signal_tracking_20260811.csv,4.0,-0.96,,,1.15,-3.27,1.15,-3.27,,-2.69,,1.15,-3.27,買,2047.9,,
2026-08-11,6589.TW,台康生技,52.6,廣義上升三法、周1K,80.0,A強勢追蹤,4.75,>MA5,多頭,,,,,,,,tracking,signal_tracking_20260811.csv,4.0,-2.09,,,0.19,-7.41,0.19,-7.41,,-2.85,,0.19,-7.41,買,1429.7,,
2026-08-11,6642.TWO,富致,86.0,廣義上升三法,74.0,B可追蹤,5.36,>MA5,多頭,,,,,,,,tracking,signal_tracking_20260811.csv,4.0,-1.74,,,3.37,-2.91,3.37,-2.91,,0.0,,3.37,-2.91,買,1507.5,,
2026-08-11,6672.TW,騰輝電子-KY,257.0,廣義上升三法,60.0,C觀察,3.89,>MA5,糾結,,,,,,,,tracking,signal_tracking_20260811.csv,4.0,5.06,,,12.06,-1.95,12.06,-1.95,,4.28,,12.06,-1.95,買,6953.5,,
2026-08-11,6761.TWO,穩得,174.0,廣義上升三法,56.0,C觀察,4.45,>MA5,糾結,,,,,,,,tracking,signal_tracking_20260811.csv,4.0,5.75,,,10.34,-1.15,10.34,-1.15,,2.59,,10.34,-1.15,買,1294.4,,
2026-08-11,6770.TW,力積電,67.0,廣義上升三法,55.0,C觀察,2.09,>MA5,糾結,,,,,,,,tracking,signal_tracking_20260811.csv,4.0,17.01,,,22.09,1.34,22.09,1.34,,10.0,,22.09,1.34,買,110508.2,,
2026-08-11,6805.TW,富世達,1790.0,廣義上升三法,78.0,A強勢追蹤,9.14,>MA5,多頭,,,,,,,,tracking,signal_tracking_20260811.csv,4.0,0.84,,,8.94,-0.56,8.94,-0.56,,2.51,,8.94,-0.56,買,3275.3,,
2026-08-11,6834.TW,天二科技,106.0,雙漲停、漲停、廣義上升三法、漲幅達標、周1K,89.0,A強勢追蹤,1.48,>MA5,糾結,,,,,,,,tracking,signal_tracking_20260811.csv,4.0,-4.72,,,9.43,-8.68,9.43,-8.68,,0.94,,9.43,-8.68,買,10842.9,,
2026-08-11,6922.TWO,宸曜,213.0,廣義上升三法、周1K,84.0,A強勢追蹤,7.96,>MA5,多頭,,,,,,,,tracking,signal_tracking_20260811.csv,4.0,-5.63,,,0.0,-7.28,0.0,-7.28,,-4.23,,0.0,-7.28,買,1121.0,,
2026-08-11,6933.TW,AMAX-KY,188.0,雙跳空、單跳空、廣義上升三法、周1K,100.0,A強勢追蹤,5.44,>MA5,糾結,,,,,,,,tracking,signal_tracking_20260811.csv,4.0,0.27,,,6.91,-3.19,6.91,-3.19,,3.19,,6.91,-3.19,買,1570.4,,
2026-08-11,8033.TW,雷虎,189.0,3K反轉、漲停、廣義上升三法、漲幅達標、下降趨勢線突破(中短期),72.0,B可追蹤,-4.66,>MA5,糾結,,,,,,,,tracking,signal_tracking_20260811.csv,4.0,6.61,,,12.96,-8.73,12.96,-8.73,,-8.47,,12.96,-8.73,買,8815.9,,
2026-08-11,8043.TWO,蜜望實,147.5,漲停、漲幅達標、周1K,60.0,C觀察,0.83,>MA5,糾結,,,,,,,,tracking,signal_tracking_20260811.csv,4.0,-1.02,,,9.83,-4.07,9.83,-4.07,,0.0,,9.83,-4.07,買,12496.5,,
2026-08-11,8081.TW,致新,270.0,廣義上升三法、周1K,64.0,C觀察,1.8,>MA5,多頭,,,,,,,,tracking,signal_tracking_20260811.csv,4.0,-4.44,,,1.11,-7.78,1.11,-7.78,,-0.74,,1.11,-7.78,買,1737.3,,
2026-08-11,8112.TW,至上,100.0,單跳空、廣義上升三法、漲幅達標、周1K,100.0,A強勢追蹤,7.07,>MA5,多頭,,,,,,,,tracking,signal_tracking_20260811.csv,4.0,-4.2,,,1.5,-7.0,1.5,-7.0,,-3.1,,1.5,-7.0,買,72786.2,,
2026-08-11,8150.TW,南茂,99.0,廣義上升三法、周1K,57.0,C觀察,3.95,>MA5,糾結,,,,,,,,tracking,signal_tracking_20260811.csv,4.0,-7.17,,,-0.51,-9.09,-0.51,-9.09,,-6.87,,-0.51,-9.09,買,100397.6,,
2026-08-11,8213.TW,志超,32.55,單跳空、廣義上升三法、下降趨勢線突破(中長期),67.0,B可追蹤,1.55,>MA5,糾結,,,,,,,,tracking,signal_tracking_20260811.csv,4.0,1.38,,,4.92,-0.77,4.92,-0.77,,2.3,,4.92,-0.77,買,1264.1,,
2026-08-11,8227.TWO,巨有科技,158.0,漲停、廣義上升三法、漲幅達標,69.0,B可追蹤,0.83,>MA5,糾結,,,,,,,,tracking,signal_tracking_20260811.csv,4.0,-4.11,,,3.48,-4.43,3.48,-4.43,,0.63,,3.48,-4.43,買,1040.6,,
2026-08-11,8299.TWO,群聯,2090.0,廣義上升三法,60.0,C觀察,3.88,>MA5,糾結,,,,,,,,tracking,signal_tracking_20260811.csv,4.0,-0.48,,,11.24,-1.2,11.24,-1.2,,5.74,,11.24,-1.2,買,3090.0,,
2026-08-11,8358.TWO,金居,380.5,漲停、廣義上升三法、漲幅達標、下降趨勢線突破(中長期),56.0,C觀察,-0.86,>MA5,糾結,,,,,,,,tracking,signal_tracking_20260811.csv,4.0,12.61,,,21.42,5.65,21.42,5.65,,9.99,,21.42,5.65,買,27577.3,,
2026-08-11,8436.TWO,大江,126.0,布林縮窄突破、周1K,74.0,B可追蹤,4.41,>MA5,多頭,,,,,,,,tracking,signal_tracking_20260811.csv,4.0,-4.76,,,0.0,-6.35,0.0,-6.35,,-1.19,,0.0,-6.35,買,2899.2,,
2026-08-11,9914.TW,美利達,94.3,漲停、廣義上升三法、漲幅達標、周1K,100.0,A強勢追蹤,9.58,>MA5,多頭,,,,,,,,tracking,signal_tracking_20260811.csv,4.0,-11.66,,,2.65,-15.91,2.65,-15.91,,-1.06,,2.65,-15.91,買,12284.1,,
2026-08-11,9921.TW,巨大,111.5,三白兵、雙漲停、漲停、廣義上升三法、漲幅達標、周1K,100.0,A強勢追蹤,13.77,>MA5,多頭,,,,,,,,tracking,signal_tracking_20260811.csv,4.0,-9.42,,,1.79,-13.72,1.79,-13.72,,-2.24,,1.79,-13.72,買,9749.2,,
2026-08-11,9941.TW,裕融,85.4,廣義上升三法,65.0,B可追蹤,2.16,>MA5,多頭,,,,,,,,tracking,signal_tracking_20260811.csv,4.0,-1.17,,,1.17,-2.34,1.17,-2.34,,0.35,,1.17,-2.34,買,1103.5,,
2026-08-12,1101.TW,台泥,24.65,廣義上升三法,69.0,B可追蹤,2.67,>MA5,多頭,,,,,,,,tracking,signal_tracking_20260812.csv,3.0,-1.83,,,0.2,-3.25,0.2,-3.25,,-2.43,,0.2,-3.25,買,19811.3,,
2026-08-12,1319.TW,東陽,79.2,廣義上升三法、周1K,79.0,A強勢追蹤,2.77,>MA5,多頭,,,,,,,,tracking,signal_tracking_20260812.csv,3.0,5.56,,,8.59,-1.39,8.59,-1.39,,-0.0,,8.59,-1.39,買,3295.7,,
2026-08-12,1416.TW,廣豐,11.4,3K反轉、布林縮窄突破、單跳空、下降趨勢線突破(中長期)、周1K,100.0,A強勢追蹤,1.32,>MA5,糾結,,,,,,,,tracking,signal_tracking_20260812.csv,3.0,3.95,,,5.26,-0.0,5.26,-0.0,,3.07,,5.26,-0.0,買,4620.0,,
2026-08-12,1513.TW,中興電,165.5,單跳空、廣義上升三法、周1K,86.0,A強勢追蹤,0.06,>MA5,糾結,,,,,,,,tracking,signal_tracking_20260812.csv,3.0,3.32,,,6.95,0.6,6.95,0.6,,3.32,,6.95,0.6,買,7249.0,,
2026-08-12,1517.TW,利奇,12.3,3K反轉、布林縮窄突破、廣義上升三法、下降趨勢線突破(中短期),100.0,A強勢追蹤,4.69,>MA5,糾結,,,,,,,,tracking,signal_tracking_20260812.csv,3.0,-7.32,,,-2.03,-7.72,-2.03,-7.72,,-5.28,,-2.03,-7.72,買,3039.0,,
2026-08-12,1526.TW,日馳,19.0,周1K,64.0,C觀察,7.53,>MA5,多頭,,,,,,,,tracking,signal_tracking_20260812.csv,3.0,-9.47,,,-1.84,-10.53,-1.84,-10.53,,-7.37,,-1.84,-10.53,買,1281.0,,
2026-08-12,1563.TW,巧新,65.3,廣義上升三法、周1K,65.0,B可追蹤,4.45,>MA5,糾結,,,,,,,,tracking,signal_tracking_20260812.csv,3.0,-5.05,,,0.0,-5.51,0.0,-5.51,,-3.52,,0.0,-5.51,買,3108.8,,
2026-08-12,1597.TW,直得,149.0,廣義上升三法,61.0,C觀察,4.13,>MA5,多頭,,,,,,,,tracking,signal_tracking_20260812.csv,3.0,-2.68,,,3.02,-4.7,3.02,-4.7,,0.67,,3.02,-4.7,買,1251.4,,
2026-08-12,1605.TW,華新,40.0,廣義上升三法、周1K,88.0,A強勢追蹤,6.32,>MA5,多頭,,,,,,,,tracking,signal_tracking_20260812.csv,3.0,-3.75,,,2.5,-6.0,2.5,-6.0,,-1.75,,2.5,-6.0,買,94217.3,,
2026-08-12,1608.TW,華榮,37.95,周1K,77.0,A強勢追蹤,5.94,>MA5,多頭,,,,,,,,tracking,signal_tracking_20260812.csv,3.0,-4.22,,,0.0,-5.01,0.0,-5.01,,-3.03,,0.0,-5.01,買,19547.6,,
2026-08-12,1612.TW,宏泰,34.65,廣義上升三法,70.0,B可追蹤,4.13,>MA5,多頭,,,,,,,,tracking,signal_tracking_20260812.csv,3.0,-0.43,,,1.3,-1.3,1.3,-1.3,,-1.01,,1.3,-1.3,買,2301.0,,
2026-08-12,1618.TW,合機,41.35,單跳空、廣義上升三法、周1K,99.0,A強勢追蹤,3.03,>MA5,多頭,,,,,,,,tracking,signal_tracking_20260812.csv,3.0,-5.68,,,2.06,-6.41,2.06,-6.41,,-0.97,,2.06,-6.41,買,1068.8,,
2026-08-12,1710.TW,東聯,15.25,巧妙點、廣義上升三法,71.0,B可追蹤,2.02,>MA5,糾結,,,,,,,,tracking,signal_tracking_20260812.csv,3.0,-0.33,,,1.64,-3.61,1.64,-3.61,,-2.95,,1.64,-3.61,買,4841.0,,
2026-08-12,1714.TW,和桐,17.4,廣義上升三法、周1K,88.0,A強勢追蹤,5.15,>MA5,多頭,,,,,,,,tracking,signal_tracking_20260812.csv,3.0,-1.44,,,0.86,-6.61,0.86,-6.61,,-4.02,,0.86,-6.61,買,24717.9,,
2026-08-12,1717.TW,長興,78.6,廣義上升三法、漲幅達標,71.0,B可追蹤,6.57,>MA5,多頭,,,,,,,,tracking,signal_tracking_20260812.csv,3.0,-8.65,,,1.53,-10.31,1.53,-10.31,,-0.51,,1.53,-10.31,買,44608.6,,
2026-08-12,1718.TW,中纖,11.2,漲停、廣義上升三法、漲幅達標、下降趨勢線突破(中短期)、周1K,74.0,B可追蹤,-1.96,>MA5,糾結,,,,,,,,tracking,signal_tracking_20260812.csv,3.0,-4.91,,,2.23,-4.91,2.23,-4.91,,-1.79,,2.23,-4.91,買,43284.2,,
2026-08-12,1802.TW,台玻,57.6,單跳空、廣義上升三法,60.0,C觀察,0.66,>MA5,糾結,,,,,,,,tracking,signal_tracking_20260812.csv,3.0,2.08,,,4.51,-2.08,4.51,-2.08,,-1.22,,4.51,-2.08,買,38065.6,,
2026-08-12,1815.TWO,富喬,90.0,單跳空、廣義上升三法,77.0,A強勢追蹤,2.88,>MA5,多頭,,,,,,,,tracking,signal_tracking_20260812.csv,3.0,7.22,,,7.22,-1.11,7.22,-1.11,,-0.11,,7.22,-1.11,買,6246.3,,
2026-08-12,1904.TW,正隆,25.15,廣義上升三法、周1K,92.0,A強勢追蹤,6.4,>MA5,多頭,,,,,,,,tracking,signal_tracking_20260812.csv,3.0,-1.39,,,2.78,-4.97,2.78,-4.97,,-1.99,,2.78,-4.97,買,6168.9,,
2026-08-12,2009.TW,第一銅,40.05,廣義上升三法,65.0,B可追蹤,2.54,>MA5,多頭,,,,,,,,tracking,signal_tracking_20260812.csv,3.0,-1.62,,,3.0,-3.37,3.0,-3.37,,-0.87,,3.0,-3.37,買,2392.5,,
2026-08-12,2027.TW,大成鋼,46.85,廣義上升三法,69.0,B可追蹤,3.72,>MA5,多頭,,,,,,,,tracking,signal_tracking_20260812.csv,3.0,6.72,,,9.93,-0.0,9.93,-0.0,,7.58,,9.93,-0.0,買,10090.1,,
2026-08-12,2030.TW,彰源,21.55,廣義上升三法、周1K,92.0,A強勢追蹤,9.15,>MA5,多頭,,,,,,,,tracking,signal_tracking_20260812.csv,3.0,-4.64,,,1.16,-5.1,1.16,-5.1,,0.93,,1.16,-5.1,買,5341.7,,
2026-08-12,2033.TW,佳大,22.0,三白兵、廣義上升三法、漲幅達標、周1K,100.0,A強勢追蹤,16.34,>MA5,多頭,,,,,,,,tracking,signal_tracking_20260812.csv,3.0,-0.23,,,7.27,-6.36,7.27,-6.36,,-6.36,,7.27,-6.36,買,2266.2,,
2026-08-12,2034.TW,允強,20.45,廣義上升三法、下降趨勢線突破(中短期),55.0,C觀察,2.07,>MA5,糾結,,,,,,,,tracking,signal_tracking_20260812.csv,3.0,-2.44,,,0.0,-3.67,0.0,-3.67,,-1.96,,0.0,-3.67,買,2190.3,,
2026-08-12,2049.TW,上銀,369.0,巧妙點,56.0,C觀察,3.63,MA5~10,多頭,,,,,,,,tracking,signal_tracking_20260812.csv,3.0,3.39,,,9.62,-0.41,9.62,-0.41,,3.25,,9.62,-0.41,買,3423.3,,
2026-08-12,2101.TW,南港,34.3,廣義上升三法,58.0,C觀察,0.09,MA5~10,多頭,,,,,,,,tracking,signal_tracking_20260812.csv,3.0,-7.0,,,1.46,-10.35,1.46,-10.35,,-0.15,,1.46,-10.35,買,1387.5,,
2026-08-12,2106.TW,建大,18.9,布林縮窄突破、廣義上升三法、KD高腳、周1K,100.0,A強勢追蹤,2.28,>MA5,多頭,,,,,,,,tracking,signal_tracking_20260812.csv,3.0,-7.14,,,-2.65,-8.73,-2.65,-8.73,,-6.88,,-2.65,-8.73,買,1667.2,,
2026-08-12,2108.TW,南帝,30.85,3K反轉、布林縮窄突破、廣義上升三法、周1K,100.0,A強勢追蹤,4.07,>MA5,多頭,,,,,,,,tracking,signal_tracking_20260812.csv,3.0,-4.38,,,0.81,-6.97,0.81,-6.97,,-1.78,,0.81,-6.97,買,2573.7,,
2026-08-12,2201.TW,裕隆,28.35,單跳空、廣義上升三法、下降趨勢線突破(中短期),76.0,A強勢追蹤,0.8,>MA5,糾結,,,,,,,,tracking,signal_tracking_20260812.csv,3.0,1.41,,,2.65,0.35,2.65,0.35,,1.23,,2.65,0.35,買,3816.0,,
2026-08-12,2312.TW,金寶,33.5,廣義上升三法、周1K,63.0,C觀察,0.58,>MA5,糾結,,,,,,,,tracking,signal_tracking_20260812.csv,3.0,-1.34,,,2.99,-3.73,2.99,-3.73,,-1.04,,2.99,-3.73,買,21730.6,,
2026-08-12,2317.TW,鴻海,270.0,3K反轉、廣義上升三法,90.0,A強勢追蹤,3.49,>MA5,多頭,,,,,,,,tracking,signal_tracking_20260812.csv,3.0,-5.56,,,1.67,-5.56,1.67,-5.56,,-2.96,,1.67,-5.56,買,59746.0,,
2026-08-12,2324.TW,仁寶,39.9,3K反轉、布林縮窄突破、單跳空、漲停、廣義上升三法、漲幅達標、下降趨勢線突破(中長期)、周1K,100.0,A強勢追蹤,3.68,>MA5,多頭,,,,,,,,tracking,signal_tracking_20260812.csv,3.0,4.39,,,12.66,-2.01,12.66,-2.01,,-1.5,,12.66,-2.01,買,171682.2,,
2026-08-12,2330.TW,台積電,2415.0,3K反轉、下降趨勢線突破(中長期),63.0,C觀察,0.04,>MA5,多頭,,,,,,,,tracking,signal_tracking_20260812.csv,3.0,-0.62,,,1.24,-1.04,1.24,-1.04,,0.83,,1.24,-1.04,買,19132.8,,
2026-08-12,2353.TW,宏碁,31.75,廣義上升三法、周1K,77.0,A強勢追蹤,1.53,>MA5,多頭,,,,,,,,tracking,signal_tracking_20260812.csv,3.0,-0.94,,,4.57,-3.15,4.57,-3.15,,-0.63,,4.57,-3.15,買,24937.8,,
2026-08-12,2356.TW,英業達,69.0,3K反轉、廣義上升三法、周1K,100.0,A強勢追蹤,3.54,>MA5,多頭,,,,,,,,tracking,signal_tracking_20260812.csv,3.0,-3.33,,,6.52,-4.35,6.52,-4.35,,-0.29,,6.52,-4.35,買,79680.3,,
2026-08-12,2357.TW,華碩,852.0,廣義上升三法、下降趨勢線突破(中長期)、周1K,96.0,A強勢追蹤,4.06,>MA5,多頭,,,,,,,,tracking,signal_tracking_20260812.csv,3.0,10.09,,,20.31,8.1,20.31,8.1,,9.98,,20.31,8.1,買,3087.5,,
2026-08-12,2360.TW,致茂,2195.0,廣義上升三法,61.0,C觀察,6.7,>MA5,多頭,,,,,,,,tracking,signal_tracking_20260812.csv,3.0,7.52,,,9.34,2.51,9.34,2.51,,4.78,,9.34,2.51,買,2620.3,,
2026-08-12,2362.TW,藍天,48.9,3K反轉、單跳空、廣義上升三法,100.0,A強勢追蹤,3.92,MA5~10,多頭,,,,,,,,tracking,signal_tracking_20260812.csv,3.0,-0.82,,,3.27,-2.35,3.27,-2.35,,-2.04,,3.27,-2.35,買,3390.7,,
2026-08-12,2364.TW,倫飛,78.5,單跳空、下降趨勢線突破(中長期)、周1K,84.0,A強勢追蹤,4.69,>MA5,多頭,,,,,,,,tracking,signal_tracking_20260812.csv,3.0,12.23,,,13.5,0.13,13.5,0.13,,3.57,,13.5,0.13,買,1032.4,,
2026-08-12,2371.TW,大同,26.35,廣義上升三法,57.0,C觀察,0.13,>MA5,糾結,,,,,,,,tracking,signal_tracking_20260812.csv,3.0,4.17,,,4.17,-0.95,4.17,-0.95,,-0.38,,4.17,-0.95,買,9377.7,,
2026-08-12,2376.TW,技嘉,375.5,廣義上升三法、漲幅達標、周1K,97.0,A強勢追蹤,3.9,>MA5,多頭,,,,,,,,tracking,signal_tracking_20260812.csv,3.0,-4.66,,,7.06,-4.66,7.06,-4.66,,4.79,,7.06,-4.66,買,17967.0,,
2026-08-12,2377.TW,微星,169.0,漲停、廣義上升三法、漲幅達標、周1K,100.0,A強勢追蹤,5.35,>MA5,多頭,,,,,,,,tracking,signal_tracking_20260812.csv,3.0,-11.54,,,2.66,-11.54,2.66,-11.54,,-0.59,,2.66,-11.54,買,46107.2,,
2026-08-12,2383.TW,台光電,5730.0,廣義上升三法、周1K,84.0,A強勢追蹤,5.46,>MA5,多頭,,,,,,,,tracking,signal_tracking_20260812.csv,3.0,10.82,,,12.48,-1.31,12.48,-1.31,,-0.7,,12.48,-1.31,買,1628.1,,
2026-08-12,2392.TW,正崴,39.8,周1K,64.0,C觀察,3.42,>MA5,多頭,,,,,,,,tracking,signal_tracking_20260812.csv,3.0,8.79,,,12.44,-2.51,12.44,-2.51,,-1.63,,12.44,-2.51,買,3111.4,,
2026-08-12,2395.TW,研華,686.0,廣義上升三法、周1K,88.0,A強勢追蹤,7.19,>MA5,多頭,,,,,,,,tracking,signal_tracking_20260812.csv,3.0,-1.75,,,3.35,-4.23,3.35,-4.23,,1.75,,3.35,-4.23,買,5999.2,,
2026-08-12,2399.TW,映泰,45.1,3K反轉、廣義上升三法,89.0,A強勢追蹤,5.47,>MA5,多頭,,,,,,,,tracking,signal_tracking_20260812.csv,3.0,4.21,,,4.88,-2.55,4.88,-2.55,,-1.55,,4.88,-2.55,買,11555.3,,
2026-08-12,2413.TW,環科,45.75,廣義上升三法、周1K,76.0,A強勢追蹤,3.42,>MA5,多頭,,,,,,,,tracking,signal_tracking_20260812.csv,3.0,-2.19,,,2.73,-3.61,2.73,-3.61,,-0.77,,2.73,-3.61,買,1433.6,,
2026-08-12,2417.TW,圓剛,45.2,廣義上升三法,70.0,B可追蹤,2.66,>MA5,多頭,,,,,,,,tracking,signal_tracking_20260812.csv,3.0,-0.33,,,2.65,-1.33,2.65,-1.33,,0.55,,2.65,-1.33,買,5848.9,,
2026-08-12,2426.TW,鼎元,68.9,廣義上升三法、下降趨勢線突破(中長期),57.0,C觀察,4.46,>MA5,多頭,,,,,,,,tracking,signal_tracking_20260812.csv,3.0,6.24,,,8.13,-4.5,8.13,-4.5,,-0.44,,8.13,-4.5,買,17356.5,,
2026-08-12,2428.TW,興勤,254.5,單跳空、漲停、廣義上升三法、島狀反轉、漲幅達標、周1K,100.0,A強勢追蹤,0.11,>MA5,糾結,,,,,,,,tracking,signal_tracking_20260812.csv,3.0,0.0,,,4.52,-1.77,4.52,-1.77,,1.96,,4.52,-1.77,買,2288.0,,
2026-08-12,2455.TW,全新,384.5,廣義上升三法,78.0,A強勢追蹤,5.48,>MA5,多頭,,,,,,,,tracking,signal_tracking_20260812.csv,3.0,8.45,,,8.45,-2.21,8.45,-2.21,,-0.13,,8.45,-2.21,買,3937.9,,
2026-08-12,2461.TW,光群雷,18.0,3K反轉、單跳空,82.0,A強勢追蹤,2.7,>MA5,多頭,,,,,,,,tracking,signal_tracking_20260812.csv,3.0,-1.94,,,2.22,-3.61,2.22,-3.61,,-0.83,,2.22,-3.61,買,3121.5,,
2026-08-12,2464.TW,盟立,187.5,廣義上升三法、周1K,83.0,A強勢追蹤,7.35,>MA5,多頭,,,,,,,,tracking,signal_tracking_20260812.csv,3.0,-0.8,,,10.93,-2.13,10.93,-2.13,,4.53,,10.93,-2.13,買,26698.1,,
2026-08-12,2465.TW,麗臺,95.5,漲停、廣義上升三法、漲幅達標、周1K,100.0,A強勢追蹤,5.57,>MA5,多頭,,,,,,,,tracking,signal_tracking_20260812.csv,3.0,-5.13,,,11.52,-8.9,11.52,-8.9,,9.95,,11.52,-8.9,買,8860.9,,
2026-08-12,2476.TW,鉅祥,128.0,3K反轉、廣義上升三法、下降趨勢線突破(中長期),87.0,A強勢追蹤,0.82,>MA5,多頭,,,,,,,,tracking,signal_tracking_20260812.csv,3.0,-6.64,,,-1.17,-8.59,-1.17,-8.59,,-3.91,,-1.17,-8.59,買,2216.3,,
2026-08-12,2493.TW,揚博,243.0,周1K,55.0,C觀察,5.0,>MA5,糾結,,,,,,,,tracking,signal_tracking_20260812.csv,3.0,-20.99,,,0.82,-21.19,0.82,-21.19,,-2.88,,0.82,-21.19,買,5360.8,,
2026-08-12,2495.TW,普安,39.95,單跳空、廣義上升三法、周1K,63.0,C觀察,-0.72,>MA5,糾結,,,,,,,,tracking,signal_tracking_20260812.csv,3.0,-3.88,,,2.5,-4.26,2.5,-4.26,,-0.63,,2.5,-4.26,買,1887.9,,
2026-08-12,2536.TW,宏普,21.25,廣義上升三法、周1K,88.0,A強勢追蹤,5.71,>MA5,多頭,,,,,,,,tracking,signal_tracking_20260812.csv,3.0,-2.12,,,1.41,-2.82,1.41,-2.82,,0.94,,1.41,-2.82,買,1792.8,,
2026-08-12,2542.TW,興富發,44.8,廣義上升三法,62.0,C觀察,0.98,>MA5,多頭,,,,,,,,tracking,signal_tracking_20260812.csv,3.0,4.46,,,4.8,0.22,4.8,0.22,,3.57,,4.8,0.22,買,6340.4,,
2026-08-12,2543.TW,皇昌,41.0,廣義上升三法、下降趨勢線突破(中長期)、周1K,82.0,A強勢追蹤,2.75,>MA5,糾結,,,,,,,,tracking,signal_tracking_20260812.csv,3.0,-5.49,,,1.83,-6.34,1.83,-6.34,,-3.29,,1.83,-6.34,買,2083.6,,
2026-08-12,2607.TW,榮運,50.5,3K反轉、布林縮窄突破、單跳空、廣義上升三法、島狀反轉、周1K,100.0,A強勢追蹤,2.98,>MA5,多頭,,,,,,,,tracking,signal_tracking_20260812.csv,3.0,-0.59,,,1.78,-2.08,1.78,-2.08,,-1.19,,1.78,-2.08,買,1288.7,,
2026-08-12,2637.TW,慧洋-KY,88.0,廣義上升三法,58.0,C觀察,1.62,>MA5,多頭,,,,,,,,tracking,signal_tracking_20260812.csv,3.0,-1.14,,,0.34,-4.66,0.34,-4.66,,-3.18,,0.34,-4.66,買,1484.2,,
2026-08-12,2855.TW,統一證,47.5,單跳空、廣義上升三法、下降趨勢線突破(中長期)、周1K,100.0,A強勢追蹤,1.23,>MA5,多頭,,,,,,,,tracking,signal_tracking_20260812.csv,3.0,-1.89,,,2.11,-2.53,2.11,-2.53,,-0.32,,2.11,-2.53,買,5905.1,,
2026-08-12,2883.TW,凱基金,31.2,廣義上升三法,62.0,C觀察,0.52,>MA5,多頭,,,,,,,,tracking,signal_tracking_20260812.csv,3.0,0.64,,,1.76,-1.12,1.76,-1.12,,0.96,,1.76,-1.12,買,29104.2,,
2026-08-12,2890.TW,永豐金,39.85,KD高腳,60.0,C觀察,0.13,>MA5,糾結,,,,,,,,tracking,signal_tracking_20260812.csv,3.0,-0.63,,,2.76,-2.76,2.76,-2.76,,0.25,,2.76,-2.76,買,19272.6,,
2026-08-12,2915.TW,潤泰全,54.5,布林縮窄突破、周1K,76.0,A強勢追蹤,1.94,>MA5,多頭,,,,,,,,tracking,signal_tracking_20260812.csv,3.0,11.19,,,12.84,-1.83,12.84,-1.83,,-0.73,,12.84,-1.83,買,3505.8,,
2026-08-12,2929.TW,淘帝-KY,5.96,3K反轉、單跳空、漲幅達標、下降趨勢線突破(中短期、中長期)、周1K,82.0,A強勢追蹤,2.17,>MA5,空頭,,,,,,,,tracking,signal_tracking_20260812.csv,3.0,-3.36,,,-1.17,-4.87,-1.17,-4.87,,-1.51,,-1.17,-4.87,買,1749.8,,
2026-08-12,3003.TW,健和興,69.7,周1K,64.0,C觀察,5.91,>MA5,多頭,,,,,,,,tracking,signal_tracking_20260812.csv,3.0,-5.02,,,3.87,-6.6,3.87,-6.6,,-0.57,,3.87,-6.6,買,1803.6,,
2026-08-12,3006.TW,晶豪科,274.0,巧妙點,74.0,B可追蹤,7.67,>MA5,多頭,,,,,,,,tracking,signal_tracking_20260812.csv,3.0,-0.36,,,4.2,-2.74,4.2,-2.74,,1.28,,4.2,-2.74,買,3650.1,,
2026-08-12,3008.TW,大立光,4585.0,廣義上升三法,61.0,C觀察,2.91,>MA5,多頭,,,,,,,,tracking,signal_tracking_20260812.csv,3.0,10.58,,,10.58,-0.87,10.58,-0.87,,1.64,,10.58,-0.87,買,2151.3,,
2026-08-12,3010.TW,華立,132.5,單跳空、廣義上升三法、周1K,94.0,A強勢追蹤,4.4,>MA5,多頭,,,,,,,,tracking,signal_tracking_20260812.csv,3.0,-3.77,,,1.13,-4.91,1.13,-4.91,,-1.13,,1.13,-4.91,買,3960.9,,
2026-08-12,3017.TW,奇鋐,2910.0,廣義上升三法,73.0,B可追蹤,8.12,>MA5,多頭,,,,,,,,tracking,signal_tracking_20260812.csv,3.0,8.25,,,14.09,0.52,14.09,0.52,,9.97,,14.09,0.52,買,4202.1,,
2026-08-12,3023.TW,信邦,318.5,3K反轉、廣義上升三法,70.0,B可追蹤,1.68,>MA5,多頭,,,,,,,,tracking,signal_tracking_20260812.csv,3.0,-2.51,,,0.78,-3.45,0.78,-3.45,,-2.04,,0.78,-3.45,買,1217.9,,
2026-08-12,3026.TW,禾伸堂,685.0,三白兵、廣義上升三法、周1K,74.0,B可追蹤,3.28,>MA5,糾結,,,,,,,,tracking,signal_tracking_20260812.csv,3.0,0.58,,,9.78,-11.68,9.78,-11.68,,0.88,,9.78,-11.68,買,24133.4,,
2026-08-12,3033.TW,威健,50.4,廣義上升三法、周1K,58.0,C觀察,0.93,>MA5,糾結,,,,,,,,tracking,signal_tracking_20260812.csv,3.0,-7.34,,,0.99,-7.74,0.99,-7.74,,-3.57,,0.99,-7.74,買,8595.7,,
2026-08-12,3037.TW,欣興,1000.0,巧妙點、廣義上升三法,76.0,A強勢追蹤,4.0,>MA5,多頭,,,,,,,,tracking,signal_tracking_20260812.csv,3.0,12.0,,,12.0,-2.4,12.0,-2.4,,0.0,,12.0,-2.4,買,8159.0,,
2026-08-12,3042.TW,晶技,181.5,廣義上升三法,63.0,C觀察,0.94,>MA5,多頭,,,,,,,,tracking,signal_tracking_20260812.csv,3.0,7.71,,,8.26,-1.38,8.26,-1.38,,2.75,,8.26,-1.38,買,13452.1,,
2026-08-12,3044.TW,健鼎,485.5,雙跳空、單跳空、雙漲停、漲停、漲幅達標、周1K,100.0,A強勢追蹤,8.07,>MA5,多頭,,,,,,,,tracking,signal_tracking_20260812.csv,3.0,-0.51,,,7.93,-1.13,7.93,-1.13,,1.96,,7.93,-1.13,買,2995.4,,
2026-08-12,3046.TW,建碁,62.3,廣義上升三法、周1K,88.0,A強勢追蹤,5.32,>MA5,多頭,,,,,,,,tracking,signal_tracking_20260812.csv,3.0,-0.48,,,1.12,-5.14,1.12,-5.14,,-2.09,,1.12,-5.14,買,1103.3,,
2026-08-12,3048.TW,益登,58.8,廣義上升三法,65.0,B可追蹤,2.74,>MA5,多頭,,,,,,,,tracking,signal_tracking_20260812.csv,3.0,-1.36,,,8.67,-2.38,8.67,-2.38,,3.23,,8.67,-2.38,買,5297.6,,
2026-08-12,3081.TWO,聯亞,2725.0,單跳空、漲停、廣義上升三法、漲幅達標、下降趨勢線突破(中長期)、周1K,100.0,A強勢追蹤,15.99,>MA5,多頭,,,,,,,,tracking,signal_tracking_20260812.csv,3.0,2.39,,,4.4,-9.36,4.4,-9.36,,-2.2,,4.4,-9.36,買,1428.2,,
2026-08-12,3090.TW,日電貿,174.5,三白兵、廣義上升三法、漲幅達標、周1K,79.0,A強勢追蹤,0.08,>MA5,糾結,,,,,,,,tracking,signal_tracking_20260812.csv,3.0,-4.87,,,7.16,-6.3,7.16,-6.3,,0.29,,7.16,-6.3,買,32414.2,,
2026-08-12,3094.TW,聯傑,37.6,廣義上升三法、周1K,61.0,C觀察,2.05,>MA5,糾結,,,,,,,,tracking,signal_tracking_20260812.csv,3.0,-1.06,,,5.19,-1.86,5.19,-1.86,,3.19,,5.19,-1.86,買,1501.8,,
2026-08-12,3105.TWO,穩懋,400.0,廣義上升三法、漲幅達標、下降趨勢線突破(中長期),75.0,A強勢追蹤,3.21,>MA5,多頭,,,,,,,,tracking,signal_tracking_20260812.csv,3.0,-0.5,,,4.37,-6.25,4.37,-6.25,,-3.25,,4.37,-6.25,買,30344.6,,
2026-08-12,3189.TW,景碩,858.0,巧妙點、廣義上升三法、下降趨勢線突破(中長期)、周1K,100.0,A強勢追蹤,3.51,>MA5,多頭,,,,,,,,tracking,signal_tracking_20260812.csv,3.0,5.48,,,8.62,-5.24,8.62,-5.24,,-0.82,,8.62,-5.24,買,3436.1,,
2026-08-12,3211.TWO,順達,412.0,廣義上升三法、周1K,78.0,A強勢追蹤,5.95,>MA5,糾結,,,,,,,,tracking,signal_tracking_20260812.csv,3.0,-4.85,,,1.7,-7.28,1.7,-7.28,,-1.33,,1.7,-7.28,買,13664.2,,
2026-08-12,3229.TW,晟鈦,55.9,漲停、廣義上升三法、漲幅達標、周1K,100.0,A強勢追蹤,14.79,>MA5,多頭,,,,,,,,tracking,signal_tracking_20260812.csv,3.0,-3.04,,,0.0,-9.66,0.0,-9.66,,-5.19,,0.0,-9.66,買,2443.7,,
2026-08-12,3231.TW,緯創,191.0,巧妙點、廣義上升三法,84.0,A強勢追蹤,5.85,>MA5,多頭,,,,,,,,tracking,signal_tracking_20260812.csv,3.0,-2.09,,,7.85,-3.4,7.85,-3.4,,3.14,,7.85,-3.4,買,34518.5,,
2026-08-12,3234.TWO,光環,133.0,廣義上升三法、漲幅達標、周1K,85.0,A強勢追蹤,7.53,>MA5,多頭,,,,,,,,tracking,signal_tracking_20260812.csv,3.0,12.78,,,12.78,0.38,12.78,0.38,,6.02,,12.78,0.38,買,5743.2,,
2026-08-12,3265.TWO,台星科,175.0,3K反轉、漲停、廣義上升三法、漲幅達標、下降趨勢線突破(中長期),98.0,A強勢追蹤,3.75,>MA5,糾結,,,,,,,,tracking,signal_tracking_20260812.csv,3.0,-2.57,,,8.86,-4.0,8.86,-4.0,,3.43,,8.86,-4.0,買,2812.1,,
2026-08-12,3357.TWO,臺慶科,230.5,廣義上升三法、周1K,58.0,C觀察,1.02,>MA5,糾結,,,,,,,,tracking,signal_tracking_20260812.csv,3.0,-4.56,,,9.98,-4.77,9.98,-4.77,,9.98,,9.98,-4.77,買,3526.6,,
2026-08-12,3360.TWO,尚立,17.45,3K反轉、漲停、廣義上升三法、漲幅達標、周1K,86.0,A強勢追蹤,-3.03,>MA5,糾結,,,,,,,,tracking,signal_tracking_20260812.csv,3.0,-8.02,,,1.72,-8.6,1.72,-8.6,,-2.01,,1.72,-8.6,買,1394.6,,
2026-08-12,3363.TWO,上詮,630.0,廣義上升三法,70.0,B可追蹤,2.83,>MA5,多頭,,,,,,,,tracking,signal_tracking_20260812.csv,3.0,-0.95,,,4.13,-7.94,4.13,-7.94,,-4.76,,4.13,-7.94,買,4488.6,,
2026-08-12,3406.TW,玉晶光,578.0,廣義上升三法、漲幅達標、下降趨勢線突破(中長期),79.0,A強勢追蹤,2.96,>MA5,多頭,,,,,,,,tracking,signal_tracking_20260812.csv,3.0,16.96,,,16.96,-1.04,16.96,-1.04,,8.82,,16.96,-1.04,買,2749.3,,
2026-08-12,3443.TW,創意,5130.0,廣義上升三法、周1K,84.0,A強勢追蹤,9.68,>MA5,多頭,,,,,,,,tracking,signal_tracking_20260812.csv,3.0,14.04,,,16.76,1.95,16.76,1.95,,7.99,,16.76,1.95,買,2700.2,,
2026-08-12,3450.TW,聯鈞,507.0,廣義上升三法、漲幅達標,67.0,B可追蹤,3.76,>MA5,多頭,,,,,,,,tracking,signal_tracking_20260812.csv,3.0,8.48,,,8.48,-3.16,8.48,-3.16,,3.94,,8.48,-3.16,買,1386.2,,
2026-08-12,3490.TWO,單井,33.5,廣義上升三法,78.0,A強勢追蹤,6.0,>MA5,多頭,,,,,,,,tracking,signal_tracking_20260812.csv,3.0,26.72,,,28.36,9.85,28.36,9.85,,10.0,,28.36,9.85,買,5441.9,,
2026-08-12,3498.TWO,陽程,131.0,廣義上升三法,69.0,B可追蹤,5.46,>MA5,多頭,,,,,,,,tracking,signal_tracking_20260812.csv,3.0,20.99,,,28.63,9.92,28.63,9.92,,9.92,,28.63,9.92,買,2190.9,,
2026-08-12,3515.TW,華擎,224.5,廣義上升三法,70.0,B可追蹤,3.63,>MA5,多頭,,,,,,,,tracking,signal_tracking_20260812.csv,3.0,-1.78,,,5.79,-2.0,5.79,-2.0,,5.12,,5.79,-2.0,買,2296.7,,
2026-08-12,3605.TW,宏致,120.0,廣義上升三法、漲幅達標、周1K,93.0,A強勢追蹤,11.31,>MA5,多頭,,,,,,,,tracking,signal_tracking_20260812.csv,3.0,9.58,,,14.58,2.5,14.58,2.5,,10.0,,14.58,2.5,買,8408.9,,
2026-08-12,3624.TWO,光頡,85.2,廣義上升三法、下降趨勢線突破(中長期)、周1K,62.0,C觀察,0.47,>MA5,糾結,,,,,,,,tracking,signal_tracking_20260812.csv,3.0,2.7,,,16.67,-0.23,16.67,-0.23,,11.62,,16.67,-0.23,買,12178.0,,
2026-08-12,3661.TW,世芯-KY,4055.0,廣義上升三法,74.0,B可追蹤,5.52,>MA5,多頭,,,,,,,,tracking,signal_tracking_20260812.csv,3.0,0.12,,,11.71,0.12,11.71,0.12,,3.33,,11.71,0.12,買,2022.3,,
2026-08-12,3706.TW,神達,92.4,廣義上升三法,67.0,B可追蹤,0.54,>MA5,多頭,,,,,,,,tracking,signal_tracking_20260812.csv,3.0,-0.32,,,1.73,-1.41,1.73,-1.41,,-0.76,,1.73,-1.41,買,17840.6,,
2026-08-12,3712.TW,永崴投控,22.8,廣義上升三法、周1K,84.0,A強勢追蹤,9.99,>MA5,多頭,,,,,,,,tracking,signal_tracking_20260812.csv,3.0,-1.97,,,3.29,-6.8,3.29,-6.8,,-2.63,,3.29,-6.8,買,1264.4,,
2026-08-12,3714.TW,富采,58.3,廣義上升三法,63.0,C觀察,1.15,>MA5,多頭,,,,,,,,tracking,signal_tracking_20260812.csv,3.0,2.4,,,3.26,-3.26,3.26,-3.26,,0.51,,3.26,-3.26,買,7189.6,,
2026-08-12,4147.TWO,中裕,68.5,廣義上升三法、漲幅達標、周1K,93.0,A強勢追蹤,4.52,>MA5,多頭,,,,,,,,tracking,signal_tracking_20260812.csv,3.0,-10.07,,,-1.02,-10.66,-1.02,-10.66,,-4.82,,-1.02,-10.66,買,5239.6,,
2026-08-12,4303.TWO,信立,47.0,3K反轉、廣義上升三法、下降趨勢線突破(中長期),93.0,A強勢追蹤,2.2,>MA5,多頭,,,,,,,,tracking,signal_tracking_20260812.csv,3.0,3.09,,,3.83,-0.43,3.83,-0.43,,1.28,,3.83,-0.43,買,1358.3,,
2026-08-12,4510.TWO,高鋒,44.55,3K反轉、漲停、廣義上升三法、漲幅達標、下降趨勢線突破(中長期),100.0,A強勢追蹤,5.17,>MA5,多頭,,,,,,,,tracking,signal_tracking_20260812.csv,3.0,2.02,,,8.31,0.79,8.31,0.79,,2.58,,8.31,0.79,買,3776.7,,
2026-08-12,4540.TW,全球傳動,60.6,3K反轉、廣義上升三法、下降趨勢線突破(中長期),100.0,A強勢追蹤,5.05,>MA5,多頭,,,,,,,,tracking,signal_tracking_20260812.csv,3.0,0.99,,,7.76,-2.64,7.76,-2.64,,-0.5,,7.76,-2.64,買,4139.8,,
2026-08-12,4566.TW,時碩工業,72.4,廣義上升三法,61.0,C觀察,2.07,MA5~10,多頭,,,,,,,,tracking,signal_tracking_20260812.csv,3.0,3.04,,,9.39,0.0,9.39,0.0,,4.28,,9.39,0.0,買,2250.7,,
2026-08-12,4576.TW,大銀微系統,227.0,3K反轉、廣義上升三法,82.0,A強勢追蹤,3.43,>MA5,多頭,,,,,,,,tracking,signal_tracking_20260812.csv,3.0,-0.66,,,3.74,-4.19,3.74,-4.19,,-1.32,,3.74,-4.19,買,2229.1,,
2026-08-12,4707.TWO,磐亞,33.0,3K反轉、漲停、廣義上升三法、漲幅達標、下降趨勢線突破(中短期),80.0,A強勢追蹤,-1.84,>MA5,糾結,,,,,,,,tracking,signal_tracking_20260812.csv,3.0,-2.42,,,5.91,-5.3,5.91,-5.3,,-1.67,,5.91,-5.3,買,6727.1,,
2026-08-12,4763.TW,材料*-KY,52.6,廣義上升三法,70.0,B可追蹤,4.16,>MA5,多頭,,,,,,,,tracking,signal_tracking_20260812.csv,3.0,-4.75,,,0.95,-5.89,0.95,-5.89,,-1.9,,0.95,-5.89,買,20432.9,,
2026-08-12,4908.TWO,前鼎,162.5,廣義上升三法、漲幅達標、下降趨勢線突破(中長期),64.0,C觀察,1.6,>MA5,多頭,,,,,,,,tracking,signal_tracking_20260812.csv,3.0,0.62,,,3.38,-7.69,3.38,-7.69,,-1.54,,3.38,-7.69,買,2965.2,,
2026-08-12,4931.TWO,新盛力,267.0,廣義上升三法、周1K,88.0,A強勢追蹤,11.92,>MA5,多頭,,,,,,,,tracking,signal_tracking_20260812.csv,3.0,0.94,,,1.69,-3.93,1.69,-3.93,,-2.25,,1.69,-3.93,買,16070.4,,
2026-08-12,4938.TW,和碩,91.4,廣義上升三法、下降趨勢線突破(短期、中長期),74.0,B可追蹤,2.52,>MA5,多頭,,,,,,,,tracking,signal_tracking_20260812.csv,3.0,-1.2,,,9.96,-3.5,9.96,-3.5,,3.72,,9.96,-3.5,買,15613.6,,
2026-08-12,4960.TW,誠美材,22.75,漲停、廣義上升三法、漲幅達標、下降趨勢線突破(中長期),79.0,A強勢追蹤,1.54,>MA5,糾結,,,,,,,,tracking,signal_tracking_20260812.csv,3.0,-5.27,,,0.88,-7.47,0.88,-7.47,,-3.52,,0.88,-7.47,買,8170.4,,
2026-08-12,4973.TWO,廣穎,158.5,廣義上升三法,61.0,C觀察,2.08,MA5~10,多頭,,,,,,,,tracking,signal_tracking_20260812.csv,3.0,-3.15,,,6.31,-3.15,6.31,-3.15,,3.15,,6.31,-3.15,買,1660.0,,
2026-08-12,4977.TW,眾達-KY,154.0,廣義上升三法,65.0,B可追蹤,3.38,>MA5,多頭,,,,,,,,tracking,signal_tracking_20260812.csv,3.0,2.6,,,4.55,-6.82,4.55,-6.82,,-1.62,,4.55,-6.82,買,5312.8,,
2026-08-12,5289.TWO,宜鼎,1520.0,廣義上升三法,66.0,B可追蹤,2.32,>MA5,多頭,,,,,,,,tracking,signal_tracking_20260812.csv,3.0,0.66,,,4.93,-3.95,4.93,-3.95,,0.99,,4.93,-3.95,買,2467.8,,
2026-08-12,5351.TWO,鈺創,122.0,單跳空、周1K,80.0,A強勢追蹤,10.91,>MA5,多頭,,,,,,,,tracking,signal_tracking_20260812.csv,3.0,11.07,,,13.11,0.82,13.11,0.82,,5.74,,13.11,0.82,買,8618.8,,
2026-08-12,5443.TWO,均豪,113.5,廣義上升三法,63.0,C觀察,5.92,>MA5,糾結,,,,,,,,tracking,signal_tracking_20260812.csv,3.0,-6.17,,,1.32,-7.49,1.32,-7.49,,-5.73,,1.32,-7.49,買,4983.9,,
2026-08-12,5468.TWO,凱鈺,31.7,周1K,69.0,B可追蹤,9.22,>MA5,多頭,,,,,,,,tracking,signal_tracking_20260812.csv,3.0,-8.52,,,1.26,-9.15,1.26,-9.15,,-4.1,,1.26,-9.15,買,1676.5,,
2026-08-12,5475.TWO,德宏,148.5,漲停、廣義上升三法、漲幅達標,65.0,B可追蹤,1.99,>MA5,糾結,,,,,,,,tracking,signal_tracking_20260812.csv,3.0,13.8,,,20.54,0.0,20.54,0.0,,9.76,,20.54,0.0,買,15275.2,,
2026-08-12,5483.TWO,中美晶,185.0,3K反轉、漲停、漲幅達標、下降趨勢線突破(中短期),57.0,C觀察,-5.98,>MA5,糾結,,,,,,,,tracking,signal_tracking_20260812.csv,3.0,0.81,,,9.73,-0.81,9.73,-0.81,,1.35,,9.73,-0.81,買,32851.4,,
2026-08-12,5498.TWO,凱崴,55.2,廣義上升三法、漲幅達標,63.0,C觀察,3.7,>MA5,多頭,,,,,,,,tracking,signal_tracking_20260812.csv,3.0,-7.25,,,1.81,-8.33,1.81,-8.33,,-3.44,,1.81,-8.33,買,4052.8,,
2026-08-12,5864.TWO,致和證,33.45,單跳空、漲停、島狀反轉、漲幅達標、周1K,90.0,A強勢追蹤,0.27,>MA5,糾結,,,,,,,,tracking,signal_tracking_20260812.csv,3.0,0.75,,,4.63,-0.15,4.63,-0.15,,1.35,,4.63,-0.15,買,5997.7,,
2026-08-12,5871.TW,中租-KY,115.5,3K反轉、下降趨勢線突破(中短期)、周1K,60.0,C觀察,0.38,>MA5,空頭,,,,,,,,tracking,signal_tracking_20260812.csv,3.0,-6.06,,,-0.87,-6.06,-0.87,-6.06,,-1.3,,-0.87,-6.06,買,12261.1,,
2026-08-12,6108.TW,競國,19.95,廣義上升三法,78.0,A強勢追蹤,5.55,>MA5,多頭,,,,,,,,tracking,signal_tracking_20260812.csv,3.0,14.79,,,17.04,-0.5,17.04,-0.5,,8.77,,17.04,-0.5,買,1842.8,,
2026-08-12,6121.TWO,新普,431.5,廣義上升三法、周1K,83.0,A強勢追蹤,5.83,>MA5,多頭,,,,,,,,tracking,signal_tracking_20260812.csv,3.0,-5.21,,,1.97,-6.14,1.97,-6.14,,0.0,,1.97,-6.14,買,1428.9,,
2026-08-12,6152.TW,百一,16.1,三白兵、漲幅達標、周1K,83.0,A強勢追蹤,12.19,>MA5,多頭,,,,,,,,tracking,signal_tracking_20260812.csv,3.0,-11.8,,,2.48,-13.66,2.48,-13.66,,-4.66,,2.48,-13.66,買,5518.5,,
2026-08-12,6153.TW,嘉聯益,17.2,單跳空、廣義上升三法,60.0,C觀察,0.42,>MA5,糾結,,,,,,,,tracking,signal_tracking_20260812.csv,3.0,-2.33,,,2.62,-2.91,2.62,-2.91,,0.29,,2.62,-2.91,買,3853.7,,
2026-08-12,6173.TWO,信昌電,203.5,三白兵、雙漲停、漲停、廣義上升三法、漲幅達標、周1K,100.0,A強勢追蹤,3.68,>MA5,糾結,,,,,,,,tracking,signal_tracking_20260812.csv,3.0,3.69,,,13.02,-0.98,13.02,-0.98,,9.83,,13.02,-0.98,買,26224.3,,
2026-08-12,6206.TW,飛捷,146.0,廣義上升三法,61.0,C觀察,3.05,MA5~10,多頭,,,,,,,,tracking,signal_tracking_20260812.csv,3.0,0.68,,,8.9,-3.42,8.9,-3.42,,7.19,,8.9,-3.42,買,2231.4,,
2026-08-12,6213.TW,聯茂,464.0,廣義上升三法、周1K,80.0,A強勢追蹤,17.3,>MA5,多頭,,,,,,,,tracking,signal_tracking_20260812.csv,3.0,3.66,,,5.93,-3.45,5.93,-3.45,,1.08,,5.93,-3.45,買,8154.0,,
2026-08-12,6215.TW,和椿,104.5,廣義上升三法,56.0,C觀察,2.19,>MA5,糾結,,,,,,,,tracking,signal_tracking_20260812.csv,3.0,-0.48,,,6.22,-1.44,6.22,-1.44,,2.39,,6.22,-1.44,買,1668.5,,
2026-08-12,6265.TWO,方土昶,56.8,廣義上升三法,70.0,B可追蹤,4.23,>MA5,多頭,,,,,,,,tracking,signal_tracking_20260812.csv,3.0,11.44,,,20.95,0.35,20.95,0.35,,3.7,,20.95,0.35,買,7529.2,,
2026-08-12,6269.TW,台郡,66.9,廣義上升三法,65.0,B可追蹤,4.28,>MA5,多頭,,,,,,,,tracking,signal_tracking_20260812.csv,3.0,-0.6,,,1.05,-3.89,1.05,-3.89,,-2.84,,1.05,-3.89,買,7209.2,,
2026-08-12,6274.TWO,台燿,1600.0,廣義上升三法、下降趨勢線突破(中長期),61.0,C觀察,6.3,>MA5,多頭,,,,,,,,tracking,signal_tracking_20260812.csv,3.0,0.0,,,8.13,-4.69,8.13,-4.69,,0.0,,8.13,-4.69,買,2418.7,,
2026-08-12,6292.TWO,迅德,66.3,周1K,64.0,C觀察,7.41,>MA5,多頭,,,,,,,,tracking,signal_tracking_20260812.csv,3.0,-4.83,,,0.9,-4.83,0.9,-4.83,,-0.45,,0.9,-4.83,買,2382.8,,
2026-08-12,6432.TWO,今展科,74.0,KD高腳,57.0,C觀察,0.95,>MA5,多頭,,,,,,,,tracking,signal_tracking_20260812.csv,3.0,-3.38,,,7.43,-4.73,7.43,-4.73,,5.41,,7.43,-4.73,買,1430.4,,
2026-08-12,6446.TW,藥華藥,1440.0,周1K,60.0,C觀察,4.05,>MA5,多頭,,,,,,,,tracking,signal_tracking_20260812.csv,3.0,-2.08,,,7.29,-2.43,7.29,-2.43,,0.35,,7.29,-2.43,買,5990.8,,
2026-08-12,6530.TWO,創威,87.5,廣義上升三法、漲幅達標,59.0,C觀察,4.72,>MA5,多頭,,,,,,,,tracking,signal_tracking_20260812.csv,3.0,-0.91,,,3.31,-6.4,3.31,-6.4,,-1.94,,3.31,-6.4,買,2291.4,,
2026-08-12,6533.TW,晶心科,254.5,廣義上升三法,74.0,B可追蹤,5.18,>MA5,多頭,,,,,,,,tracking,signal_tracking_20260812.csv,3.0,-4.32,,,-0.2,-5.5,-0.2,-5.5,,-1.96,,-0.2,-5.5,買,1618.4,,
2026-08-12,6546.TWO,正基,68.0,漲停、廣義上升三法、漲幅達標、周1K,92.0,A強勢追蹤,4.26,>MA5,糾結,,,,,,,,tracking,signal_tracking_20260812.csv,3.0,-7.5,,,0.74,-8.24,0.74,-8.24,,-2.94,,0.74,-8.24,買,1060.7,,
2026-08-12,6668.TW,中揚光,37.55,布林縮窄突破、廣義上升三法、下降趨勢線突破(中長期)、周1K,96.0,A強勢追蹤,1.87,>MA5,多頭,,,,,,,,tracking,signal_tracking_20260812.csv,3.0,-3.86,,,1.07,-5.19,1.07,-5.19,,-3.06,,1.07,-5.19,買,1317.9,,
2026-08-12,6672.TW,騰輝電子-KY,268.0,廣義上升三法、周1K,88.0,A強勢追蹤,5.6,>MA5,多頭,,,,,,,,tracking,signal_tracking_20260812.csv,3.0,5.6,,,7.46,-3.54,7.46,-3.54,,-1.31,,7.46,-3.54,買,5351.7,,
2026-08-12,6761.TWO,穩得,178.5,廣義上升三法,74.0,B可追蹤,5.11,>MA5,多頭,,,,,,,,tracking,signal_tracking_20260812.csv,3.0,1.4,,,7.56,-2.8,7.56,-2.8,,0.84,,7.56,-2.8,買,1099.9,,
2026-08-12,6770.TW,力積電,73.7,單跳空、漲停、廣義上升三法、漲幅達標、下降趨勢線突破(中長期)、周1K,100.0,A強勢追蹤,3.52,>MA5,糾結,,,,,,,,tracking,signal_tracking_20260812.csv,3.0,1.22,,,10.99,-1.36,10.99,-1.36,,1.63,,10.99,-1.36,買,428375.9,,
2026-08-12,6805.TW,富世達,1835.0,廣義上升三法、周1K,84.0,A強勢追蹤,9.31,>MA5,多頭,,,,,,,,tracking,signal_tracking_20260812.csv,3.0,4.9,,,6.27,-2.72,6.27,-2.72,,-0.27,,6.27,-2.72,買,1872.4,,
2026-08-12,6831.TW,邁科,678.0,漲停、廣義上升三法、漲幅達標、下降趨勢線突破(中長期),74.0,B可追蹤,2.77,>MA5,糾結,,,,,,,,tracking,signal_tracking_20260812.csv,3.0,1.33,,,6.19,-3.98,6.19,-3.98,,0.0,,6.19,-3.98,買,1265.3,,
2026-08-12,6834.TW,天二科技,107.0,廣義上升三法、周1K,57.0,C觀察,4.4,>MA5,糾結,,,,,,,,tracking,signal_tracking_20260812.csv,3.0,-6.54,,,8.41,-9.53,8.41,-9.53,,0.47,,8.41,-9.53,買,8931.0,,
2026-08-12,6919.TW,康霈*,110.5,廣義上升三法,63.0,C觀察,0.62,>MA5,多頭,,,,,,,,tracking,signal_tracking_20260812.csv,3.0,-7.24,,,-0.9,-7.69,-0.9,-7.69,,-5.88,,-0.9,-7.69,買,4587.8,,
2026-08-12,6922.TWO,宸曜,213.0,廣義上升三法、周1K,79.0,A強勢追蹤,7.96,>MA5,多頭,,,,,,,,tracking,signal_tracking_20260812.csv,3.0,-6.1,,,-0.23,-7.28,-0.23,-7.28,,-3.05,,-0.23,-7.28,買,1093.0,,
2026-08-12,6933.TW,AMAX-KY,188.0,雙跳空、單跳空、廣義上升三法、周1K,100.0,A強勢追蹤,5.44,>MA5,糾結,,,,,,,,tracking,signal_tracking_20260812.csv,3.0,2.13,,,6.91,-3.19,6.91,-3.19,,5.05,,6.91,-3.19,買,1571.6,,
2026-08-12,7711.TW,永擎,447.5,漲停、廣義上升三法、漲幅達標、周1K,100.0,A強勢追蹤,15.46,>MA5,多頭,,,,,,,,tracking,signal_tracking_20260812.csv,3.0,6.15,,,11.51,0.0,11.51,0.0,,9.83,,11.51,0.0,買,1896.7,,
2026-08-12,7788.TW,松川精密,256.0,廣義上升三法、漲幅達標、周1K,79.0,A強勢追蹤,4.65,>MA5,糾結,,,,,,,,tracking,signal_tracking_20260812.csv,3.0,9.38,,,10.74,-1.17,10.74,-1.17,,7.62,,10.74,-1.17,買,1773.3,,
2026-08-12,8039.TW,台虹,227.0,廣義上升三法,55.0,C觀察,7.08,>MA5,糾結,,,,,,,,tracking,signal_tracking_20260812.csv,3.0,14.1,,,26.21,0.22,26.21,0.22,,9.91,,26.21,0.22,買,30301.2,,
2026-08-12,8110.TW,華東,46.8,單跳空、下降趨勢線突破(中長期),55.0,C觀察,0.78,>MA5,多頭,,,,,,,,tracking,signal_tracking_20260812.csv,3.0,-1.6,,,3.74,-2.14,3.74,-2.14,,-1.39,,3.74,-2.14,買,6423.3,,
2026-08-12,8299.TWO,群聯,2210.0,單跳空、廣義上升三法、島狀反轉,100.0,A強勢追蹤,6.29,>MA5,多頭,,,,,,,,tracking,signal_tracking_20260812.csv,3.0,-5.66,,,5.2,-6.56,5.2,-6.56,,3.17,,5.2,-6.56,買,6086.5,,
2026-08-12,8358.TWO,金居,418.5,單跳空、雙漲停、漲停、廣義上升三法、島狀反轉、漲幅達標、周1K,100.0,A強勢追蹤,3.55,>MA5,糾結,,,,,,,,tracking,signal_tracking_20260812.csv,3.0,0.24,,,10.39,-1.31,10.39,-1.31,,0.6,,10.39,-1.31,買,11218.4,,
2026-08-12,8436.TWO,大江,126.0,布林縮窄突破、周1K,74.0,B可追蹤,4.41,>MA5,多頭,,,,,,,,tracking,signal_tracking_20260812.csv,3.0,-2.38,,,-1.59,-6.35,-1.59,-6.35,,-2.78,,-1.59,-6.35,買,2835.0,,
2026-08-12,8996.TW,高力,1170.0,漲停、廣義上升三法、漲幅達標、下降趨勢線突破(中長期)、周1K,94.0,A強勢追蹤,3.45,>MA5,多頭,,,,,,,,tracking,signal_tracking_20260812.csv,3.0,3.85,,,13.68,2.14,13.68,2.14,,9.83,,13.68,2.14,買,2782.0,,
2026-08-12,9914.TW,美利達,93.3,周1K,68.0,B可追蹤,8.12,>MA5,多頭,,,,,,,,tracking,signal_tracking_20260812.csv,3.0,-12.65,,,-3.0,-15.01,-3.0,-15.01,,-8.36,,-3.0,-15.01,買,9816.5,,
2026-08-12,9921.TW,巨大,109.0,周1K,68.0,B可追蹤,12.52,>MA5,多頭,,,,,,,,tracking,signal_tracking_20260812.csv,3.0,-10.64,,,2.29,-11.74,2.29,-11.74,,-3.67,,2.29,-11.74,買,9947.0,,
2026-08-12,9934.TW,成霖,11.85,廣義上升三法,74.0,B可追蹤,4.26,>MA5,多頭,,,,,,,,tracking,signal_tracking_20260812.csv,3.0,-4.64,,,-0.42,-7.17,-0.42,-7.17,,-3.8,,-0.42,-7.17,買,3096.4,,
2026-08-12,9945.TW,潤泰新,27.2,廣義上升三法、下降趨勢線突破(中短期),62.0,C觀察,1.22,>MA5,多頭,,,,,,,,tracking,signal_tracking_20260812.csv,3.0,11.03,,,13.42,-1.47,13.42,-1.47,,-0.37,,13.42,-1.47,買,5344.5,,
2026-08-13,1305.TW,華夏,11.95,廣義上升三法、單跳空、島狀反轉,62.0,C觀察,-0.72,>MA5,糾結,,,,,,,,tracking,signal_tracking_20260813.csv,2.0,,,,0.84,-2.09,0.84,-2.09,,-1.26,,0.84,-2.09,買,2342.6,,
2026-08-13,1313.TW,聯成,11.95,3K反轉、廣義上升三法、單跳空、下降趨勢線突破,79.0,A強勢追蹤,-0.35,>MA5,糾結,,,,,,,,tracking,signal_tracking_20260813.csv,2.0,,,,-0.42,-5.86,-0.42,-5.86,,-1.67,,-0.42,-5.86,買,4843.8,,
2026-08-13,1416.TW,廣豐,11.75,廣義上升三法、單跳空、周1K,99.0,A強勢追蹤,3.09,>MA5,多頭,,,,,,,,tracking,signal_tracking_20260813.csv,2.0,,,,2.13,-1.7,2.13,-1.7,,1.28,,2.13,-1.7,買,1356.0,,
2026-08-13,1440.TW,南紡,13.65,Buy01、周1K,60.0,C觀察,2.35,>MA5,多頭,,,,,,,,tracking,signal_tracking_20260813.csv,2.0,,,,0.73,-2.56,0.73,-2.56,,-0.73,,0.73,-2.56,買,2163.4,,
2026-08-13,1455.TW,集盛,9.89,周1K,60.0,C觀察,3.61,>MA5,多頭,,,,,,,,tracking,signal_tracking_20260813.csv,2.0,,,,0.61,-2.83,0.61,-2.83,,-1.21,,0.61,-2.83,買,1417.7,,
2026-08-13,1504.TW,東元,70.4,3K反轉、Buy01、單跳空、周1K,100.0,A強勢追蹤,1.5,>MA5,多頭,,,,,,,,tracking,signal_tracking_20260813.csv,2.0,,,,4.83,-0.14,4.83,-0.14,,0.28,,4.83,-0.14,買,22891.4,,
2026-08-13,1513.TW,中興電,171.0,Buy01、單跳空、周1K,81.0,A強勢追蹤,1.99,>MA5,多頭,,,,,,,,tracking,signal_tracking_20260813.csv,2.0,,,,1.75,-2.34,1.75,-2.34,,-0.58,,1.75,-2.34,買,15429.6,,
2026-08-13,1586.TWO,和勤,18.75,廣義上升三法、布林縮窄突破、KD高腳,100.0,A強勢追蹤,1.37,>MA5,多頭,,,,,,,,tracking,signal_tracking_20260813.csv,2.0,,,,3.73,-1.6,3.73,-1.6,,2.4,,3.73,-1.6,買,1426.5,,
2026-08-13,1605.TW,華新,39.3,周1K,68.0,B可追蹤,6.21,>MA5,多頭,,,,,,,,tracking,signal_tracking_20260813.csv,2.0,,,,3.05,-4.33,3.05,-4.33,,-0.64,,3.05,-4.33,買,57873.8,,
2026-08-13,1609.TW,大亞,37.75,周1K,57.0,C觀察,0.91,>MA5,多頭,,,,,,,,tracking,signal_tracking_20260813.csv,2.0,,,,1.85,-1.72,1.85,-1.72,,1.06,,1.85,-1.72,買,4470.3,,
2026-08-13,1709.TW,和益,30.65,廣義上升三法、漲幅達標、下降趨勢線突破、周1K,99.0,A強勢追蹤,5.44,>MA5,多頭,,,,,,,,tracking,signal_tracking_20260813.csv,2.0,,,,8.81,-3.75,8.81,-3.75,,-0.98,,8.81,-3.75,買,24642.8,,
2026-08-13,1736.TW,喬山,140.5,廣義上升三法,59.0,C觀察,1.57,>MA5,多頭,,,,,,,,tracking,signal_tracking_20260813.csv,2.0,,,,1.42,-7.12,1.42,-7.12,,-3.2,,1.42,-7.12,買,1006.6,,
2026-08-13,1815.TWO,富喬,89.9,單跳空,57.0,C觀察,3.21,>MA5,多頭,,,,,,,,tracking,signal_tracking_20260813.csv,2.0,,,,7.34,-0.56,7.34,-0.56,,1.78,,7.34,-0.56,買,4001.5,,
2026-08-13,1904.TW,正隆,24.65,周1K,64.0,C觀察,4.16,>MA5,多頭,,,,,,,,tracking,signal_tracking_20260813.csv,2.0,,,,1.22,-3.04,1.22,-3.04,,-0.81,,1.22,-3.04,買,5195.6,,
2026-08-13,2027.TW,大成鋼,50.4,廣義上升三法、單跳空、漲幅達標、周1K,100.0,A強勢追蹤,6.17,>MA5,多頭,,,,,,,,tracking,signal_tracking_20260813.csv,2.0,,,,1.79,-7.04,1.79,-7.04,,-5.56,,1.79,-7.04,買,58602.8,,
2026-08-13,2030.TW,彰源,21.75,廣義上升三法、單跳空、周1K,100.0,A強勢追蹤,8.57,>MA5,多頭,,,,,,,,tracking,signal_tracking_20260813.csv,2.0,,,,-1.84,-5.98,-1.84,-5.98,,-5.52,,-1.84,-5.98,買,3698.0,,
2026-08-13,2031.TW,新光鋼,45.95,廣義上升三法,78.0,A強勢追蹤,5.19,>MA5,多頭,,,,,,,,tracking,signal_tracking_20260813.csv,2.0,,,,0.11,-5.88,0.11,-5.88,,-5.22,,0.11,-5.88,買,2029.7,,
2026-08-13,2033.TW,佳大,20.6,三白兵、單跳空、周1K,92.0,A強勢追蹤,12.27,>MA5,多頭,,,,,,,,tracking,signal_tracking_20260813.csv,2.0,,,,14.56,0.0,14.56,0.0,,9.71,,14.56,0.0,買,1353.9,,
2026-08-13,2049.TW,上銀,381.0,單跳空,62.0,C觀察,4.64,>MA5,多頭,,,,,,,,tracking,signal_tracking_20260813.csv,2.0,,,,3.67,-3.54,3.67,-3.54,,-1.97,,3.67,-3.54,買,13179.6,,
2026-08-13,2103.TW,台橡,28.1,廣義上升三法,78.0,A強勢追蹤,8.22,>MA5,多頭,,,,,,,,tracking,signal_tracking_20260813.csv,2.0,,,,0.36,-4.63,0.36,-4.63,,-4.45,,0.36,-4.63,買,11366.6,,
2026-08-13,2201.TW,裕隆,28.7,單跳空、周1K,59.0,C觀察,0.7,>MA5,糾結,,,,,,,,tracking,signal_tracking_20260813.csv,2.0,,,,1.05,-0.87,1.05,-0.87,,-0.17,,1.05,-0.87,買,4125.7,,
2026-08-13,2305.TW,全友,30.55,3K反轉、漲停、KD高腳、漲幅達標、下降趨勢線突破,75.0,A強勢追蹤,1.41,>MA5,空頭,,,,,,,,tracking,signal_tracking_20260813.csv,2.0,,,,3.76,-7.86,3.76,-7.86,,-3.93,,3.76,-7.86,買,9337.5,,
2026-08-13,2308.TW,台達電,1885.0,單跳空、島狀反轉、下降趨勢線突破,68.0,B可追蹤,2.86,>MA5,糾結,,,,,,,,tracking,signal_tracking_20260813.csv,2.0,,,,6.37,-1.06,6.37,-1.06,,0.0,,6.37,-1.06,買,14077.6,,
2026-08-13,2324.TW,仁寶,39.3,單跳空,57.0,C觀察,3.06,>MA5,多頭,,,,,,,,tracking,signal_tracking_20260813.csv,2.0,,,,14.38,2.54,14.38,2.54,,9.92,,14.38,2.54,買,211207.0,,
2026-08-13,2327.TW,國巨*,662.0,三白兵、單跳空、漲停、島狀反轉、漲幅達標、周1K,94.0,A強勢追蹤,2.48,>MA5,糾結,,,,,,,,tracking,signal_tracking_20260813.csv,2.0,,,,0.91,-9.97,0.91,-9.97,,-6.04,,0.91,-9.97,買,46572.2,,
2026-08-13,2330.TW,台積電,2435.0,單跳空、島狀反轉,63.0,C觀察,0.45,>MA5,多頭,,,,,,,,tracking,signal_tracking_20260813.csv,2.0,,,,0.21,-1.85,0.21,-1.85,,-1.64,,0.21,-1.85,買,23011.8,,
2026-08-13,2356.TW,英業達,68.8,周1K,60.0,C觀察,3.81,>MA5,多頭,,,,,,,,tracking,signal_tracking_20260813.csv,2.0,,,,6.83,-4.07,6.83,-4.07,,1.6,,6.83,-4.07,買,71366.0,,
2026-08-13,2357.TW,華碩,937.0,單跳空、漲停、漲幅達標、周1K,100.0,A強勢追蹤,8.7,>MA5,多頭,,,,,,,,tracking,signal_tracking_20260813.csv,2.0,,,,9.39,-1.71,9.39,-1.71,,6.3,,9.39,-1.71,買,3599.0,,
2026-08-13,2359.TW,所羅門,157.0,廣義上升三法、單跳空、漲停、漲幅達標、周1K,100.0,A強勢追蹤,3.58,>MA5,多頭,,,,,,,,tracking,signal_tracking_20260813.csv,2.0,,,,11.46,-1.59,11.46,-1.59,,1.59,,11.46,-1.59,買,13553.5,,
2026-08-13,2360.TW,致茂,2300.0,單跳空、周1K,72.0,B可追蹤,6.65,>MA5,多頭,,,,,,,,tracking,signal_tracking_20260813.csv,2.0,,,,4.35,-2.17,4.35,-2.17,,0.0,,4.35,-2.17,買,3520.8,,
2026-08-13,2375.TW,凱美,139.5,漲停、漲幅達標、周1K,68.0,B可追蹤,0.78,>MA5,糾結,,,,,,,,tracking,signal_tracking_20260813.csv,2.0,,,,0.0,-11.11,0.0,-11.11,,-6.45,,0.0,-11.11,買,12167.4,,
2026-08-13,2376.TW,技嘉,393.5,廣義上升三法、周1K,88.0,A強勢追蹤,6.36,>MA5,多頭,,,,,,,,tracking,signal_tracking_20260813.csv,2.0,,,,2.16,-9.02,2.16,-9.02,,1.02,,2.16,-9.02,買,18476.2,,
2026-08-13,2377.TW,微星,168.0,周1K,68.0,B可追蹤,5.14,>MA5,多頭,,,,,,,,tracking,signal_tracking_20260813.csv,2.0,,,,1.79,-11.01,1.79,-11.01,,-5.36,,1.79,-11.01,買,51164.4,,
2026-08-13,2383.TW,台光電,5690.0,周1K,56.0,C觀察,4.85,>MA5,多頭,,,,,,,,tracking,signal_tracking_20260813.csv,2.0,,,,13.27,1.41,13.27,1.41,,8.35,,13.27,1.41,買,1566.9,,
2026-08-13,2392.TW,正崴,39.15,周1K,60.0,C觀察,2.62,>MA5,多頭,,,,,,,,tracking,signal_tracking_20260813.csv,2.0,,,,14.3,7.66,14.3,7.66,,9.96,,14.3,7.66,買,2131.0,,
2026-08-13,2393.TW,億光,65.2,廣義上升三法、周1K,67.0,B可追蹤,0.08,>MA5,糾結,,,,,,,,tracking,signal_tracking_20260813.csv,2.0,,,,-0.0,-3.22,-0.0,-3.22,,-3.07,,-0.0,-3.22,買,5285.0,,
2026-08-13,2395.TW,研華,698.0,廣義上升三法、巧妙點、周1K,100.0,A強勢追蹤,8.5,>MA5,多頭,,,,,,,,tracking,signal_tracking_20260813.csv,2.0,,,,0.14,-5.87,0.14,-5.87,,-2.15,,0.14,-5.87,買,4150.8,,
2026-08-13,2408.TW,南亞科,514.0,廣義上升三法、周1K,83.0,A強勢追蹤,7.59,>MA5,多頭,,,,,,,,tracking,signal_tracking_20260813.csv,2.0,,,,5.45,-2.53,5.45,-2.53,,-0.39,,5.45,-2.53,買,128409.8,,
2026-08-13,2413.TW,環科,45.4,周1K,56.0,C觀察,3.05,>MA5,多頭,,,,,,,,tracking,signal_tracking_20260813.csv,2.0,,,,1.1,-2.86,1.1,-2.86,,-2.86,,1.1,-2.86,買,1011.9,,
2026-08-13,2417.TW,圓剛,45.45,廣義上升三法,61.0,C觀察,3.79,>MA5,多頭,,,,,,,,tracking,signal_tracking_20260813.csv,2.0,,,,2.09,-1.87,2.09,-1.87,,-0.99,,2.09,-1.87,買,1708.1,,
2026-08-13,2428.TW,興勤,259.5,雙跳空、單跳空、周1K,74.0,B可追蹤,1.28,>MA5,糾結,,,,,,,,tracking,signal_tracking_20260813.csv,2.0,,,,0.19,-3.66,0.19,-3.66,,-1.73,,0.19,-3.66,買,5507.0,,
2026-08-13,2436.TW,偉詮電,71.2,3K反轉、廣義上升三法、周1K,100.0,A強勢追蹤,7.15,>MA5,多頭,,,,,,,,tracking,signal_tracking_20260813.csv,2.0,,,,0.7,-7.02,0.7,-7.02,,-2.95,,0.7,-7.02,買,7892.7,,
2026-08-13,2451.TW,創見,302.0,KD高腳,73.0,B可追蹤,4.78,>MA5,多頭,,,,,,,,tracking,signal_tracking_20260813.csv,2.0,,,,1.32,-4.8,1.32,-4.8,,-3.15,,1.32,-4.8,買,6935.0,,
2026-08-13,2454.TW,聯發科,4225.0,單跳空、島狀反轉、周1K,88.0,A強勢追蹤,4.99,>MA5,多頭,,,,,,,,tracking,signal_tracking_20260813.csv,2.0,,,,4.14,-4.73,4.14,-4.73,,-0.36,,4.14,-4.73,買,12110.0,,
2026-08-13,2464.TW,盟立,196.0,周1K,68.0,B可追蹤,8.46,>MA5,多頭,,,,,,,,tracking,signal_tracking_20260813.csv,2.0,,,,6.12,-6.38,6.12,-6.38,,-2.04,,6.12,-6.38,買,17163.3,,
2026-08-13,2465.TW,麗臺,105.0,廣義上升三法、三白兵、單跳空、雙漲停、漲停、漲幅達標、周1K,100.0,A強勢追蹤,11.24,>MA5,多頭,,,,,,,,tracking,signal_tracking_20260813.csv,2.0,,,,1.43,-17.14,1.43,-17.14,,-8.67,,1.43,-17.14,買,12831.6,,
2026-08-13,2483.TW,百容,40.05,單跳空、漲停、島狀反轉、KD高腳、漲幅達標、周1K,66.0,B可追蹤,-1.27,>MA5,空頭,,,,,,,,tracking,signal_tracking_20260813.csv,2.0,,,,4.12,-7.49,4.12,-7.49,,-4.87,,4.12,-7.49,買,2330.4,,
2026-08-13,2492.TW,華新科,316.5,三白兵、漲停、漲幅達標、周1K,94.0,A強勢追蹤,6.0,>MA5,糾結,,,,,,,,tracking,signal_tracking_20260813.csv,2.0,,,,1.74,-9.0,1.74,-9.0,,-4.42,,1.74,-9.0,買,26760.1,,
2026-08-13,2536.TW,宏普,21.45,周1K,68.0,B可追蹤,5.91,>MA5,多頭,,,,,,,,tracking,signal_tracking_20260813.csv,2.0,,,,0.23,-3.73,0.23,-3.73,,-3.03,,0.23,-3.73,買,2523.8,,
2026-08-13,2542.TW,興富發,46.4,廣義上升三法、布林縮窄突破、Buy01、單跳空、島狀反轉、下降趨勢線突破、周1K,100.0,A強勢追蹤,2.44,>MA5,多頭,,,,,,,,tracking,signal_tracking_20260813.csv,2.0,,,,1.19,-1.4,1.19,-1.4,,-0.43,,1.19,-1.4,買,16821.1,,
2026-08-13,2603.TW,長榮,215.5,廣義上升三法、Buy01、周1K,91.0,A強勢追蹤,2.66,>MA5,多頭,,,,,,,,tracking,signal_tracking_20260813.csv,2.0,,,,7.66,-2.09,7.66,-2.09,,1.62,,7.66,-2.09,買,6043.2,,
2026-08-13,2634.TW,漢翔,64.2,3K反轉、廣義上升三法、單跳空、下降趨勢線突破,94.0,A強勢追蹤,0.64,>MA5,糾結,,,,,,,,tracking,signal_tracking_20260813.csv,2.0,,,,14.8,-1.56,14.8,-1.56,,9.97,,14.8,-1.56,買,31834.6,,
2026-08-13,2851.TW,中再保,37.85,廣義上升三法、布林縮窄突破、Buy01、周1K,100.0,A強勢追蹤,2.24,>MA5,多頭,,,,,,,,tracking,signal_tracking_20260813.csv,2.0,,,,4.76,-0.26,4.76,-0.26,,2.38,,4.76,-0.26,買,2113.3,,
2026-08-13,2855.TW,統一證,47.35,單跳空、周1K,64.0,C觀察,1.72,>MA5,多頭,,,,,,,,tracking,signal_tracking_20260813.csv,2.0,,,,2.11,-2.22,2.11,-2.22,,0.11,,2.11,-2.22,買,3823.3,,
2026-08-13,2867.TW,三商壽,9.62,3K反轉、Buy01,58.0,C觀察,1.26,>MA5,糾結,,,,,,,,tracking,signal_tracking_20260813.csv,2.0,,,,1.87,-1.77,1.87,-1.77,,1.35,,1.87,-1.77,買,12499.7,,
2026-08-13,2883.TW,凱基金,31.5,廣義上升三法、Buy01,62.0,C觀察,1.28,>MA5,多頭,,,,,,,,tracking,signal_tracking_20260813.csv,2.0,,,,0.79,-1.9,0.79,-1.9,,0.48,,0.79,-1.9,買,34310.6,,
2026-08-13,2885.TW,元大金,69.7,3K反轉、Buy01、KD高腳,98.0,A強勢追蹤,1.74,>MA5,多頭,,,,,,,,tracking,signal_tracking_20260813.csv,2.0,,,,1.15,-2.73,1.15,-2.73,,-0.0,,1.15,-2.73,買,18960.3,,
2026-08-13,2887.TW,台新新光金,36.2,3K反轉、Buy01,68.0,B可追蹤,1.09,>MA5,多頭,,,,,,,,tracking,signal_tracking_20260813.csv,2.0,,,,4.42,0.97,4.42,0.97,,4.28,,4.42,0.97,買,57400.9,,
2026-08-13,2889.TW,國票金,15.55,3K反轉、廣義上升三法、單跳空,62.0,C觀察,-0.05,>MA5,空頭,,,,,,,,tracking,signal_tracking_20260813.csv,2.0,,,,1.29,-0.32,1.29,-0.32,,1.29,,1.29,-0.32,買,11371.6,,
2026-08-13,3003.TW,健和興,69.3,單跳空、周1K,63.0,C觀察,4.34,>MA5,多頭,,,,,,,,tracking,signal_tracking_20260813.csv,2.0,,,,2.31,-6.06,2.31,-6.06,,-3.61,,2.31,-6.06,買,1315.2,,
2026-08-13,3010.TW,華立,131.0,單跳空、周1K,63.0,C觀察,4.23,>MA5,多頭,,,,,,,,tracking,signal_tracking_20260813.csv,2.0,,,,0.38,-3.82,0.38,-3.82,,-2.67,,0.38,-3.82,買,1078.8,,
2026-08-13,3017.TW,奇鋐,3200.0,廣義上升三法、單跳空、漲停、漲幅達標、周1K,100.0,A強勢追蹤,10.63,>MA5,多頭,,,,,,,,tracking,signal_tracking_20260813.csv,2.0,,,,3.75,-2.66,3.75,-2.66,,1.09,,3.75,-2.66,買,10528.2,,
2026-08-13,3026.TW,禾伸堂,691.0,三白兵、單跳空、周1K,66.0,B可追蹤,4.82,>MA5,糾結,,,,,,,,tracking,signal_tracking_20260813.csv,2.0,,,,0.58,-12.45,0.58,-12.45,,-6.37,,0.58,-12.45,買,24899.6,,
2026-08-13,3029.TW,零壹,111.5,3K反轉、Buy01、單跳空,83.0,A強勢追蹤,1.64,>MA5,多頭,,,,,,,,tracking,signal_tracking_20260813.csv,2.0,,,,2.24,-2.69,2.24,-2.69,,0.0,,2.24,-2.69,買,2206.5,,
2026-08-13,3042.TW,晶技,186.5,廣義上升三法,62.0,C觀察,2.57,>MA5,多頭,,,,,,,,tracking,signal_tracking_20260813.csv,2.0,,,,5.36,-4.02,5.36,-4.02,,-3.22,,5.36,-4.02,買,18438.0,,
2026-08-13,3044.TW,健鼎,495.0,雙跳空、單跳空、周1K,99.0,A強勢追蹤,9.15,>MA5,多頭,,,,,,,,tracking,signal_tracking_20260813.csv,2.0,,,,2.02,-3.03,2.02,-3.03,,-1.41,,2.02,-3.03,買,14118.8,,
2026-08-13,3049.TW,精金,11.35,廣義上升三法、單跳空、島狀反轉,76.0,A強勢追蹤,0.86,>MA5,糾結,,,,,,,,tracking,signal_tracking_20260813.csv,2.0,,,,0.88,-5.29,0.88,-5.29,,-2.2,,0.88,-5.29,買,7138.3,,
2026-08-13,3052.TW,夆典,11.25,廣義上升三法、布林縮窄突破、單跳空、周1K,100.0,A強勢追蹤,1.89,>MA5,多頭,,,,,,,,tracking,signal_tracking_20260813.csv,2.0,,,,1.33,-0.44,1.33,-0.44,,0.0,,1.33,-0.44,買,1615.5,,
2026-08-13,3094.TW,聯傑,38.8,3K反轉、下降趨勢線突破、周1K,81.0,A強勢追蹤,1.26,>MA5,多頭,,,,,,,,tracking,signal_tracking_20260813.csv,2.0,,,,1.55,-4.51,1.55,-4.51,,-2.71,,1.55,-4.51,買,4392.3,,
2026-08-13,3189.TW,景碩,851.0,巧妙點,61.0,C觀察,4.54,>MA5,多頭,,,,,,,,tracking,signal_tracking_20260813.csv,2.0,,,,9.52,-1.29,9.52,-1.29,,1.29,,9.52,-1.29,買,4535.5,,
2026-08-13,3229.TW,晟鈦,53.0,周1K,56.0,C觀察,9.09,>MA5,多頭,,,,,,,,tracking,signal_tracking_20260813.csv,2.0,,,,3.96,-4.72,3.96,-4.72,,1.51,,3.96,-4.72,買,1493.5,,
2026-08-13,3231.TW,緯創,197.0,巧妙點、周1K,84.0,A強勢追蹤,7.4,>MA5,多頭,,,,,,,,tracking,signal_tracking_20260813.csv,2.0,,,,4.57,-6.35,4.57,-6.35,,-1.78,,4.57,-6.35,買,72179.7,,
2026-08-13,3234.TWO,光環,141.0,三白兵、周1K,65.0,B可追蹤,12.54,>MA5,多頭,,,,,,,,tracking,signal_tracking_20260813.csv,2.0,,,,6.38,-4.61,6.38,-4.61,,-3.19,,6.38,-4.61,買,8143.6,,
2026-08-13,3236.TWO,千如,47.3,周1K,58.0,C觀察,0.71,>MA5,多頭,,,,,,,,tracking,signal_tracking_20260813.csv,2.0,,,,0.85,-6.55,0.85,-6.55,,-3.38,,0.85,-6.55,買,7424.9,,
2026-08-13,3264.TWO,欣銓,230.5,3K反轉、周1K,76.0,A強勢追蹤,3.0,>MA5,多頭,,,,,,,,tracking,signal_tracking_20260813.csv,2.0,,,,0.87,-4.99,0.87,-4.99,,-2.17,,0.87,-4.99,買,16814.7,,
2026-08-13,3265.TWO,台星科,181.0,Buy01、單跳空,70.0,B可追蹤,5.04,>MA5,多頭,,,,,,,,tracking,signal_tracking_20260813.csv,2.0,,,,1.1,-7.18,1.1,-7.18,,-4.42,,1.1,-7.18,買,3543.9,,
2026-08-13,3287.TWO,廣寰科,35.7,單跳空、周1K,75.0,A強勢追蹤,7.97,>MA5,多頭,,,,,,,,tracking,signal_tracking_20260813.csv,2.0,,,,9.94,0.28,9.94,0.28,,5.04,,9.94,0.28,買,1413.3,,
2026-08-13,3312.TW,弘憶股,56.8,單跳空、漲停、漲幅達標、下降趨勢線突破、周1K,100.0,A強勢追蹤,6.62,>MA5,多頭,,,,,,,,tracking,signal_tracking_20260813.csv,2.0,,,,1.58,-6.69,1.58,-6.69,,-2.99,,1.58,-6.69,買,2174.3,,
2026-08-13,3356.TW,奇偶,62.9,布林縮窄突破、Buy01、雙跳空、單跳空、周1K,100.0,A強勢追蹤,3.71,>MA5,多頭,,,,,,,,tracking,signal_tracking_20260813.csv,2.0,,,,7.0,1.75,7.0,1.75,,4.13,,7.0,1.75,買,1420.6,,
2026-08-13,3357.TWO,臺慶科,253.5,三白兵、漲停、漲幅達標、周1K,100.0,A強勢追蹤,6.67,>MA5,多頭,,,,,,,,tracking,signal_tracking_20260813.csv,2.0,,,,-1.38,-13.41,-1.38,-13.41,,-9.86,,-1.38,-13.41,買,3885.6,,
2026-08-13,3406.TW,玉晶光,629.0,廣義上升三法、Buy01、漲幅達標、周1K,99.0,A強勢追蹤,6.37,>MA5,多頭,,,,,,,,tracking,signal_tracking_20260813.csv,2.0,,,,7.47,-3.34,7.47,-3.34,,-2.23,,7.47,-3.34,買,6185.0,,
2026-08-13,3430.TWO,奇鈦科,119.0,廣義上升三法、單跳空、島狀反轉、下降趨勢線突破,63.0,C觀察,-1.08,>MA5,糾結,,,,,,,,tracking,signal_tracking_20260813.csv,2.0,,,,3.36,-5.04,3.36,-5.04,,-0.84,,3.36,-5.04,買,1174.8,,
2026-08-13,3443.TW,創意,5540.0,廣義上升三法、單跳空、漲幅達標、周1K,100.0,A強勢追蹤,12.09,>MA5,多頭,,,,,,,,tracking,signal_tracking_20260813.csv,2.0,,,,8.12,-3.25,8.12,-3.25,,-1.35,,8.12,-3.25,買,2991.7,,
2026-08-13,3450.TW,聯鈞,527.0,3K反轉、巧妙點、下降趨勢線突破,98.0,A強勢追蹤,5.96,>MA5,多頭,,,,,,,,tracking,signal_tracking_20260813.csv,2.0,,,,4.36,-6.83,4.36,-6.83,,-3.23,,4.36,-6.83,買,2531.6,,
2026-08-13,3455.TWO,由田,225.0,廣義上升三法,74.0,B可追蹤,6.09,>MA5,多頭,,,,,,,,tracking,signal_tracking_20260813.csv,2.0,,,,12.44,-1.33,12.44,-1.33,,2.22,,12.44,-1.33,買,2765.6,,
2026-08-13,3490.TWO,單井,36.85,單跳空、漲停、漲幅達標,100.0,A強勢追蹤,9.82,>MA5,多頭,,,,,,,,tracking,signal_tracking_20260813.csv,2.0,,,,16.69,0.95,16.69,0.95,,7.6,,16.69,0.95,買,3134.0,,
2026-08-13,3498.TWO,陽程,144.0,三白兵、單跳空、漲停、島狀反轉、漲幅達標,100.0,A強勢追蹤,10.37,>MA5,多頭,,,,,,,,tracking,signal_tracking_20260813.csv,2.0,,,,17.01,6.94,17.01,6.94,,9.72,,17.01,6.94,買,1759.3,,
2026-08-13,3515.TW,華擎,236.0,廣義上升三法、Buy01、周1K,87.0,A強勢追蹤,4.94,>MA5,多頭,,,,,,,,tracking,signal_tracking_20260813.csv,2.0,,,,0.64,-6.78,0.64,-6.78,,-3.39,,0.64,-6.78,買,2214.1,,
2026-08-13,3532.TW,台勝科,343.0,單跳空、雙漲停、漲停、島狀反轉、漲幅達標,65.0,B可追蹤,-2.74,>MA5,糾結,,,,,,,,tracking,signal_tracking_20260813.csv,2.0,,,,12.97,-3.79,12.97,-3.79,,3.79,,12.97,-3.79,買,5505.2,,
2026-08-13,3543.TW,州巧,40.1,周1K,69.0,B可追蹤,7.72,>MA5,多頭,,,,,,,,tracking,signal_tracking_20260813.csv,2.0,,,,9.98,-1.12,9.98,-1.12,,-0.0,,9.98,-1.12,買,2933.9,,
2026-08-13,3550.TW,聯穎,24.1,廣義上升三法、下降趨勢線突破,63.0,C觀察,1.6,>MA5,多頭,,,,,,,,tracking,signal_tracking_20260813.csv,2.0,,,,1.66,-4.36,1.66,-4.36,,-2.28,,1.66,-4.36,買,3768.3,,
2026-08-13,3605.TW,宏致,132.0,廣義上升三法、單跳空、漲停、島狀反轉、漲幅達標、周1K,100.0,A強勢追蹤,15.31,>MA5,多頭,,,,,,,,tracking,signal_tracking_20260813.csv,2.0,,,,4.17,-3.03,4.17,-3.03,,-0.38,,4.17,-3.03,買,13814.4,,
2026-08-13,3624.TWO,光頡,95.1,廣義上升三法、單跳空、漲停、島狀反轉、漲幅達標、周1K,100.0,A強勢追蹤,6.31,>MA5,糾結,,,,,,,,tracking,signal_tracking_20260813.csv,2.0,,,,4.52,-10.62,4.52,-10.62,,-5.89,,4.52,-10.62,買,7674.4,,
2026-08-13,3652.TW,精聯,38.0,廣義上升三法,74.0,B可追蹤,7.44,>MA5,多頭,,,,,,,,tracking,signal_tracking_20260813.csv,2.0,,,,0.53,-4.74,0.53,-4.74,,-1.32,,0.53,-4.74,買,2001.2,,
2026-08-13,3661.TW,世芯-KY,4190.0,3K反轉、廣義上升三法、下降趨勢線突破,100.0,A強勢追蹤,6.57,>MA5,多頭,,,,,,,,tracking,signal_tracking_20260813.csv,2.0,,,,8.11,-3.1,8.11,-3.1,,0.48,,8.11,-3.1,買,2844.0,,
2026-08-13,3665.TW,貿聯-KY,2205.0,3K反轉、巧妙點,60.0,C觀察,2.13,>MA5,糾結,,,,,,,,tracking,signal_tracking_20260813.csv,2.0,,,,1.81,-4.99,1.81,-4.99,,-0.23,,1.81,-4.99,買,2618.6,,
2026-08-13,3712.TW,永崴投控,22.2,周1K,64.0,C觀察,7.9,>MA5,多頭,,,,,,,,tracking,signal_tracking_20260813.csv,2.0,,,,6.08,-4.28,6.08,-4.28,,0.0,,6.08,-4.28,買,1212.0,,
2026-08-13,4147.TWO,中裕,65.2,周1K,56.0,C觀察,2.33,>MA5,多頭,,,,,,,,tracking,signal_tracking_20260813.csv,2.0,,,,0.46,-6.13,0.46,-6.13,,-1.53,,0.46,-6.13,買,1621.5,,
2026-08-13,4510.TWO,高鋒,45.7,廣義上升三法、單跳空,85.0,A強勢追蹤,6.47,>MA5,多頭,,,,,,,,tracking,signal_tracking_20260813.csv,2.0,,,,5.58,-0.88,5.58,-0.88,,1.64,,5.58,-0.88,買,5149.2,,
2026-08-13,4533.TWO,協易機,28.2,廣義上升三法、單跳空、下降趨勢線突破,74.0,B可追蹤,3.55,>MA5,糾結,,,,,,,,tracking,signal_tracking_20260813.csv,2.0,,,,2.48,-4.61,2.48,-4.61,,0.71,,2.48,-4.61,買,3331.2,,
2026-08-13,4541.TWO,晟田,72.6,廣義上升三法、周1K,62.0,C觀察,3.85,>MA5,糾結,,,,,,,,tracking,signal_tracking_20260813.csv,2.0,,,,4.68,-4.41,4.68,-4.41,,1.79,,4.68,-4.41,買,5152.4,,
2026-08-13,4561.TWO,健椿,45.65,單跳空,61.0,C觀察,6.9,>MA5,多頭,,,,,,,,tracking,signal_tracking_20260813.csv,2.0,,,,10.62,-1.42,10.62,-1.42,,0.99,,10.62,-1.42,買,1432.0,,
2026-08-13,4566.TW,時碩工業,75.5,3K反轉、廣義上升三法、KD高腳,100.0,A強勢追蹤,4.78,>MA5,多頭,,,,,,,,tracking,signal_tracking_20260813.csv,2.0,,,,2.91,-2.12,2.91,-2.12,,0.13,,2.91,-2.12,買,6475.7,,
2026-08-13,4736.TW,泰博,141.0,廣義上升三法、布林縮窄突破、單跳空、周1K,100.0,A強勢追蹤,3.57,>MA5,多頭,,,,,,,,tracking,signal_tracking_20260813.csv,2.0,,,,1.42,-2.13,1.42,-2.13,,-1.42,,1.42,-2.13,買,1361.6,,
2026-08-13,4743.TWO,合一,47.95,廣義上升三法、單跳空,60.0,C觀察,0.47,>MA5,糾結,,,,,,,,tracking,signal_tracking_20260813.csv,2.0,,,,0.73,-3.55,0.73,-3.55,,-3.02,,0.73,-3.55,買,1391.2,,
2026-08-13,4931.TWO,新盛力,261.0,單跳空、周1K,71.0,B可追蹤,9.26,>MA5,多頭,,,,,,,,tracking,signal_tracking_20260813.csv,2.0,,,,3.45,-1.72,3.45,-1.72,,0.77,,3.45,-1.72,買,2335.1,,
2026-08-13,4938.TW,和碩,94.8,單跳空、島狀反轉,75.0,A強勢追蹤,4.38,>MA5,多頭,,,,,,,,tracking,signal_tracking_20260813.csv,2.0,,,,2.32,-6.96,2.32,-6.96,,0.0,,2.32,-6.96,買,66759.7,,
2026-08-13,4939.TWO,亞電,63.9,3K反轉、廣義上升三法、下降趨勢線突破、周1K,91.0,A強勢追蹤,2.22,>MA5,糾結,,,,,,,,tracking,signal_tracking_20260813.csv,2.0,,,,2.5,-7.51,2.5,-7.51,,-3.91,,2.5,-7.51,買,14479.7,,
2026-08-13,4973.TWO,廣穎,163.5,3K反轉、單跳空、下降趨勢線突破,90.0,A強勢追蹤,3.27,>MA5,多頭,,,,,,,,tracking,signal_tracking_20260813.csv,2.0,,,,3.06,-6.12,3.06,-6.12,,-2.45,,3.06,-6.12,買,3486.4,,
2026-08-13,5351.TWO,鈺創,129.0,廣義上升三法、單跳空、周1K,100.0,A強勢追蹤,14.29,>MA5,多頭,,,,,,,,tracking,signal_tracking_20260813.csv,2.0,,,,6.98,-0.78,6.98,-0.78,,3.1,,6.98,-0.78,買,8733.6,,
2026-08-13,5425.TWO,台半,88.8,單跳空、島狀反轉、周1K,71.0,B可追蹤,-0.35,>MA5,多頭,,,,,,,,tracking,signal_tracking_20260813.csv,2.0,,,,3.04,-6.19,3.04,-6.19,,-3.72,,3.04,-6.19,買,14789.4,,
2026-08-13,5443.TWO,均豪,107.0,單跳空,57.0,C觀察,3.38,>MA5,多頭,,,,,,,,tracking,signal_tracking_20260813.csv,2.0,,,,1.4,-1.87,1.4,-1.87,,-0.93,,1.4,-1.87,買,3325.5,,
2026-08-13,5471.TW,松翰,58.1,3K反轉、周1K,74.0,B可追蹤,1.35,>MA5,多頭,,,,,,,,tracking,signal_tracking_20260813.csv,2.0,,,,3.96,-2.75,3.96,-2.75,,0.69,,3.96,-2.75,買,6279.5,,
2026-08-13,5475.TWO,德宏,163.0,三白兵、單跳空、雙漲停、漲停、漲幅達標,91.0,A強勢追蹤,7.91,>MA5,糾結,,,,,,,,tracking,signal_tracking_20260813.csv,2.0,,,,9.82,-3.37,9.82,-3.37,,4.6,,9.82,-3.37,買,24383.4,,
2026-08-13,5515.TW,建國,50.4,廣義上升三法、布林縮窄突破、單跳空、漲停、漲幅達標、周1K,100.0,A強勢追蹤,7.79,>MA5,多頭,,,,,,,,tracking,signal_tracking_20260813.csv,2.0,,,,5.56,-4.76,5.56,-4.76,,-3.87,,5.56,-4.76,買,2740.0,,
2026-08-13,5521.TW,工信,10.75,3K反轉、布林縮窄突破、單跳空、下降趨勢線突破、周1K,100.0,A強勢追蹤,2.05,>MA5,多頭,,,,,,,,tracking,signal_tracking_20260813.csv,2.0,,,,2.79,-1.86,2.79,-1.86,,-0.47,,2.79,-1.86,買,5327.8,,
2026-08-13,5607.TW,遠雄港,52.2,廣義上升三法、布林縮窄突破、Buy01、周1K,95.0,A強勢追蹤,1.97,>MA5,糾結,,,,,,,,tracking,signal_tracking_20260813.csv,2.0,,,,2.11,-2.3,2.11,-2.3,,-1.53,,2.11,-2.3,買,1186.7,,
2026-08-13,5864.TWO,致和證,33.9,雙跳空、單跳空、周1K,81.0,A強勢追蹤,2.69,>MA5,糾結,,,,,,,,tracking,signal_tracking_20260813.csv,2.0,,,,3.24,-1.47,3.24,-1.47,,0.88,,3.24,-1.47,買,5043.1,,
2026-08-13,6108.TW,競國,21.7,廣義上升三法、單跳空、漲幅達標、下降趨勢線突破、周1K,100.0,A強勢追蹤,8.98,>MA5,多頭,,,,,,,,tracking,signal_tracking_20260813.csv,2.0,,,,7.6,-3.46,7.6,-3.46,,1.84,,7.6,-3.46,買,3936.1,,
2026-08-13,6130.TWO,上亞科技,29.7,廣義上升三法、三白兵、漲停、漲幅達標、周1K,100.0,A強勢追蹤,6.84,>MA5,多頭,,,,,,,,tracking,signal_tracking_20260813.csv,2.0,,,,2.69,-6.73,2.69,-6.73,,-2.36,,2.69,-6.73,買,1299.5,,
2026-08-13,6152.TW,百一,15.35,單跳空,65.0,B可追蹤,10.55,>MA5,多頭,,,,,,,,tracking,signal_tracking_20260813.csv,2.0,,,,-4.89,-9.45,-4.89,-9.45,,-8.14,,-4.89,-9.45,買,3206.3,,
2026-08-13,6173.TWO,信昌電,223.5,三白兵、雙漲停、漲停、漲幅達標、周1K,100.0,A強勢追蹤,9.56,>MA5,多頭,,,,,,,,tracking,signal_tracking_20260813.csv,2.0,,,,2.91,-9.84,2.91,-9.84,,-6.04,,2.91,-9.84,買,36706.2,,
2026-08-13,6179.TWO,亞通,27.85,3K反轉、廣義上升三法,82.0,A強勢追蹤,2.16,>MA5,多頭,,,,,,,,tracking,signal_tracking_20260813.csv,2.0,,,,5.21,-4.31,5.21,-4.31,,-2.87,,5.21,-4.31,買,1764.8,,
2026-08-13,6182.TWO,合晶,113.0,單跳空、雙漲停、漲停、島狀反轉、漲幅達標,65.0,B可追蹤,-4.01,>MA5,糾結,,,,,,,,tracking,signal_tracking_20260813.csv,2.0,,,,8.41,-4.42,8.41,-4.42,,-1.33,,8.41,-4.42,買,32153.2,,
2026-08-13,6187.TWO,萬潤,1270.0,單跳空、雙漲停、漲停、漲幅達標、下降趨勢線突破,96.0,A強勢追蹤,6.6,>MA5,多頭,,,,,,,,tracking,signal_tracking_20260813.csv,2.0,,,,10.24,-1.57,10.24,-1.57,,0.39,,10.24,-1.57,買,6271.7,,
2026-08-13,6206.TW,飛捷,156.5,廣義上升三法、KD高腳、漲幅達標,100.0,A強勢追蹤,6.77,>MA5,多頭,,,,,,,,tracking,signal_tracking_20260813.csv,2.0,,,,0.0,-9.9,0.0,-9.9,,-8.63,,0.0,-9.9,買,5028.0,,
2026-08-13,6213.TW,聯茂,469.0,周1K,65.0,B可追蹤,16.43,>MA5,多頭,,,,,,,,tracking,signal_tracking_20260813.csv,2.0,,,,4.8,-1.49,4.8,-1.49,,2.35,,4.8,-1.49,買,6991.8,,
2026-08-13,6215.TW,和椿,107.0,廣義上升三法,70.0,B可追蹤,3.16,>MA5,多頭,,,,,,,,tracking,signal_tracking_20260813.csv,2.0,,,,2.8,-3.74,2.8,-3.74,,-2.8,,2.8,-3.74,買,3025.7,,
2026-08-13,6265.TWO,方土昶,58.9,廣義上升三法,78.0,A強勢追蹤,6.02,>MA5,多頭,,,,,,,,tracking,signal_tracking_20260813.csv,2.0,,,,16.64,3.57,16.64,3.57,,6.11,,16.64,3.57,買,9135.1,,
2026-08-13,6277.TW,宏正,84.2,3K反轉、廣義上升三法、布林縮窄突破、漲幅達標,100.0,A強勢追蹤,5.05,>MA5,多頭,,,,,,,,tracking,signal_tracking_20260813.csv,2.0,,,,5.23,-2.61,5.23,-2.61,,-0.24,,5.23,-2.61,買,1763.0,,
2026-08-13,6432.TWO,今展科,78.0,3K反轉,66.0,B可追蹤,2.61,>MA5,多頭,,,,,,,,tracking,signal_tracking_20260813.csv,2.0,,,,1.03,-9.62,1.03,-9.62,,-7.95,,1.03,-9.62,買,3055.1,,
2026-08-13,6435.TWO,大中,276.5,單跳空、島狀反轉、周1K,59.0,C觀察,0.86,>MA5,糾結,,,,,,,,tracking,signal_tracking_20260813.csv,2.0,,,,1.99,-10.31,1.99,-10.31,,-6.15,,1.99,-10.31,買,1285.5,,
2026-08-13,6446.TW,藥華藥,1445.0,周1K,68.0,B可追蹤,6.06,>MA5,多頭,,,,,,,,tracking,signal_tracking_20260813.csv,2.0,,,,6.92,-2.77,6.92,-2.77,,3.81,,6.92,-2.77,買,3396.0,,
2026-08-13,6456.TW,GIS-KY,67.3,單跳空,57.0,C觀察,2.36,>MA5,多頭,,,,,,,,tracking,signal_tracking_20260813.csv,2.0,,,,0.45,-4.31,0.45,-4.31,,-2.38,,0.45,-4.31,買,3228.7,,
2026-08-13,6488.TWO,環球晶,1025.0,單跳空、雙漲停、漲停、島狀反轉、漲幅達標,65.0,B可追蹤,-0.32,>MA5,糾結,,,,,,,,tracking,signal_tracking_20260813.csv,2.0,,,,6.83,-3.41,6.83,-3.41,,-1.46,,6.83,-3.41,買,9988.3,,
2026-08-13,6509.TWO,聚和,49.0,廣義上升三法,63.0,C觀察,0.75,>MA5,多頭,,,,,,,,tracking,signal_tracking_20260813.csv,2.0,,,,0.71,-5.1,0.71,-5.1,,-3.27,,0.71,-5.1,買,1329.4,,
2026-08-13,6538.TWO,倉和,177.5,單跳空、雙漲停、漲停、島狀反轉、漲幅達標、周1K,100.0,A強勢追蹤,8.0,>MA5,多頭,,,,,,,,tracking,signal_tracking_20260813.csv,2.0,,,,9.86,0.0,9.86,0.0,,3.66,,9.86,0.0,買,4061.3,,
2026-08-13,6547.TWO,高端疫苗,52.2,廣義上升三法,74.0,B可追蹤,3.26,>MA5,多頭,,,,,,,,tracking,signal_tracking_20260813.csv,2.0,,,,-0.38,-3.64,-0.38,-3.64,,-1.34,,-0.38,-3.64,買,3193.9,,
2026-08-13,6603.TWO,富強鑫,28.85,廣義上升三法、KD高腳、周1K,100.0,A強勢追蹤,5.22,>MA5,多頭,,,,,,,,tracking,signal_tracking_20260813.csv,2.0,,,,5.72,-2.95,5.72,-2.95,,-2.95,,5.72,-2.95,買,4858.3,,
2026-08-13,6716.TWO,應廣,117.5,廣義上升三法、漲幅達標、周1K,97.0,A強勢追蹤,14.33,>MA5,多頭,,,,,,,,tracking,signal_tracking_20260813.csv,2.0,,,,12.77,-0.85,12.77,-0.85,,5.11,,12.77,-0.85,買,1694.8,,
2026-08-13,6770.TW,力積電,74.9,單跳空、周1K,72.0,B可追蹤,4.14,>MA5,多頭,,,,,,,,tracking,signal_tracking_20260813.csv,2.0,,,,9.21,-0.93,9.21,-0.93,,4.67,,9.21,-0.93,買,470649.6,,
2026-08-13,6829.TWO,千附精密,222.0,廣義上升三法、周1K,71.0,B可追蹤,3.12,>MA5,多頭,,,,,,,,tracking,signal_tracking_20260813.csv,2.0,,,,10.14,-1.58,10.14,-1.58,,9.91,,10.14,-1.58,買,1274.9,,
2026-08-13,6834.TW,天二科技,107.5,周1K,60.0,C觀察,5.16,>MA5,多頭,,,,,,,,tracking,signal_tracking_20260813.csv,2.0,,,,0.47,-9.95,0.47,-9.95,,-6.05,,0.47,-9.95,買,9925.9,,
2026-08-13,6840.TWO,東研信超,75.6,廣義上升三法、單跳空、漲停、漲幅達標、周1K,100.0,A強勢追蹤,6.96,>MA5,多頭,,,,,,,,tracking,signal_tracking_20260813.csv,2.0,,,,9.92,5.16,9.92,5.16,,7.14,,9.92,5.16,買,1188.4,,
2026-08-13,6933.TW,AMAX-KY,197.5,單跳空、周1K,76.0,A強勢追蹤,8.49,>MA5,多頭,,,,,,,,tracking,signal_tracking_20260813.csv,2.0,,,,0.0,-7.85,0.0,-7.85,,-4.56,,0.0,-7.85,買,1066.6,,
2026-08-13,7711.TW,永擎,491.5,三白兵、雙漲停、漲停、漲幅達標、周1K,100.0,A強勢追蹤,18.06,>MA5,多頭,,,,,,,,tracking,signal_tracking_20260813.csv,2.0,,,,1.53,-5.09,1.53,-5.09,,-3.97,,1.53,-5.09,買,2037.7,,
2026-08-13,7769.TW,鴻勁,6770.0,單跳空、KD高腳、下降趨勢線突破,81.0,A強勢追蹤,1.56,>MA5,多頭,,,,,,,,tracking,signal_tracking_20260813.csv,2.0,,,,2.81,-4.51,2.81,-4.51,,-2.66,,2.81,-4.51,買,1096.3,,
2026-08-13,7788.TW,松川精密,275.5,廣義上升三法、漲幅達標、周1K,97.0,A強勢追蹤,8.39,>MA5,多頭,,,,,,,,tracking,signal_tracking_20260813.csv,2.0,,,,2.9,-4.36,2.9,-4.36,,-2.72,,2.9,-4.36,買,2833.8,,
2026-08-13,7792.TWO,安葆,242.5,雙跳空、單跳空、下降趨勢線突破,77.0,A強勢追蹤,4.53,>MA5,多頭,,,,,,,,tracking,signal_tracking_20260813.csv,2.0,,,,7.42,0.82,7.42,0.82,,3.09,,7.42,0.82,買,2425.3,,
2026-08-13,7795.TW,長廣,556.0,三白兵、雙跳空、單跳空、雙漲停、漲停、漲幅達標、周1K,100.0,A強勢追蹤,8.94,>MA5,多頭,,,,,,,,tracking,signal_tracking_20260813.csv,2.0,,,,6.83,-4.86,6.83,-4.86,,-3.6,,6.83,-4.86,買,3591.1,,
2026-08-13,8039.TW,台虹,249.5,漲停、漲幅達標,78.0,A強勢追蹤,11.55,>MA5,多頭,,,,,,,,tracking,signal_tracking_20260813.csv,2.0,,,,14.83,-1.2,14.83,-1.2,,9.22,,14.83,-1.2,買,22807.1,,
2026-08-13,8043.TWO,蜜望實,154.0,周1K,65.0,B可追蹤,3.95,>MA5,多頭,,,,,,,,tracking,signal_tracking_20260813.csv,2.0,,,,1.95,-8.12,1.95,-8.12,,-5.19,,1.95,-8.12,買,13966.5,,
2026-08-13,8112.TW,至上,97.8,單跳空,65.0,B可追蹤,5.19,>MA5,多頭,,,,,,,,tracking,signal_tracking_20260813.csv,2.0,,,,2.04,-4.91,2.04,-4.91,,-2.04,,2.04,-4.91,買,23367.6,,
2026-08-13,8261.TW,富鼎,202.0,廣義上升三法、漲停、漲幅達標,65.0,B可追蹤,0.38,>MA5,糾結,,,,,,,,tracking,signal_tracking_20260813.csv,2.0,,,,0.25,-10.64,0.25,-10.64,,-8.42,,0.25,-10.64,買,11050.3,,
2026-08-13,8299.TWO,群聯,2280.0,單跳空,70.0,B可追蹤,7.09,>MA5,多頭,,,,,,,,tracking,signal_tracking_20260813.csv,2.0,,,,1.97,-9.43,1.97,-9.43,,-8.77,,1.97,-9.43,買,7323.6,,
2026-08-13,8942.TWO,森鉅,42.8,廣義上升三法、單跳空、島狀反轉、周1K,100.0,A強勢追蹤,4.25,>MA5,多頭,,,,,,,,tracking,signal_tracking_20260813.csv,2.0,,,,1.4,-1.75,1.4,-1.75,,0.47,,1.4,-1.75,買,1682.9,,
2026-08-13,8996.TW,高力,1285.0,單跳空、雙漲停、漲停、島狀反轉、漲幅達標、周1K,100.0,A強勢追蹤,8.05,>MA5,多頭,,,,,,,,tracking,signal_tracking_20260813.csv,2.0,,,,3.5,-7.0,3.5,-7.0,,-0.39,,3.5,-7.0,買,3924.7,,
2026-08-13,9933.TW,中鼎,42.2,廣義上升三法、Buy01、單跳空、周1K,94.0,A強勢追蹤,3.72,>MA5,糾結,,,,,,,,tracking,signal_tracking_20260813.csv,2.0,,,,2.13,-1.54,2.13,-1.54,,1.66,,2.13,-1.54,買,3928.8,,
2026-08-14,1303.TW,南亞,207.5,廣義上升三法、漲停、漲幅達標、下降趨勢線突破、周1K,98.0,A強勢追蹤,3.53,>MA5,多頭,,,,,,,,tracking,signal_tracking_20260814.csv,1.0,,,,3.61,-3.61,3.61,-3.61,,-3.37,,3.61,-3.61,買,156039.3,,
2026-08-14,1319.TW,東陽,83.9,3K反轉、Buy01、單跳空、周1K,100.0,A強勢追蹤,4.64,>MA5,多頭,,,,,,,,tracking,signal_tracking_20260814.csv,1.0,,,,0.36,-2.26,0.36,-2.26,,-0.36,,0.36,-2.26,買,11859.7,,
2026-08-14,1336.TWO,台翰,17.65,廣義上升三法、漲停、漲幅達標、下降趨勢線突破、周1K,100.0,A強勢追蹤,8.52,>MA5,多頭,,,,,,,,tracking,signal_tracking_20260814.csv,1.0,,,,5.38,-2.55,5.38,-2.55,,1.98,,5.38,-2.55,買,3488.2,,
2026-08-14,1409.TW,新纖,25.25,廣義上升三法、Buy01,65.0,B可追蹤,3.57,>MA5,多頭,,,,,,,,tracking,signal_tracking_20260814.csv,1.0,,,,0.59,-3.76,0.59,-3.76,,-3.37,,0.59,-3.76,買,20013.6,,
2026-08-14,1416.TW,廣豐,11.9,單跳空、周1K,72.0,B可追蹤,3.1,>MA5,多頭,,,,,,,,tracking,signal_tracking_20260814.csv,1.0,,,,0.84,-0.84,0.84,-0.84,,-0.42,,0.84,-0.84,買,1384.2,,
2026-08-14,1440.TW,南紡,13.55,廣義上升三法、周1K,70.0,B可追蹤,2.42,MA5~10,多頭,,,,,,,,tracking,signal_tracking_20260814.csv,1.0,,,,1.48,-0.74,1.48,-0.74,,0.0,,1.48,-0.74,買,1837.9,,
2026-08-14,1504.TW,東元,70.6,Buy01、單跳空,61.0,C觀察,2.56,>MA5,多頭,,,,,,,,tracking,signal_tracking_20260814.csv,1.0,,,,2.97,-0.42,2.97,-0.42,,1.84,,2.97,-0.42,買,17236.1,,
2026-08-14,1513.TW,中興電,170.0,單跳空、周1K,71.0,B可追蹤,3.06,>MA5,多頭,,,,,,,,tracking,signal_tracking_20260814.csv,1.0,,,,1.47,-1.76,1.47,-1.76,,0.59,,1.47,-1.76,買,4147.9,,
2026-08-14,1515.TW,力山,33.55,3K反轉、漲停、漲幅達標,55.0,C觀察,-1.2,>MA5,糾結,,,,,,,,tracking,signal_tracking_20260814.csv,1.0,,,,9.99,-0.89,9.99,-0.89,,2.09,,9.99,-0.89,買,2849.7,,
2026-08-14,1560.TW,中砂,725.0,周1K,61.0,C觀察,4.03,>MA5,多頭,,,,,,,,tracking,signal_tracking_20260814.csv,1.0,,,,3.31,-1.38,3.31,-1.38,,2.34,,3.31,-1.38,買,1880.1,,
2026-08-14,1586.TWO,和勤,19.2,布林縮窄突破,69.0,B可追蹤,2.43,>MA5,多頭,,,,,,,,tracking,signal_tracking_20260814.csv,1.0,,,,1.3,-1.04,1.3,-1.04,,0.0,,1.3,-1.04,買,1135.1,,
2026-08-14,1605.TW,華新,39.05,周1K,68.0,B可追蹤,6.48,>MA5,多頭,,,,,,,,tracking,signal_tracking_20260814.csv,1.0,,,,-0.9,-3.71,-0.9,-3.71,,-1.41,,-0.9,-3.71,買,41794.5,,
2026-08-14,1608.TW,華榮,37.0,廣義上升三法、巧妙點,80.0,A強勢追蹤,4.33,>MA5,多頭,,,,,,,,tracking,signal_tracking_20260814.csv,1.0,,,,0.0,-2.57,0.0,-2.57,,-1.76,,0.0,-2.57,買,4743.2,,
2026-08-14,1609.TW,大亞,38.15,Buy01、周1K,62.0,C觀察,1.48,>MA5,多頭,,,,,,,,tracking,signal_tracking_20260814.csv,1.0,,,,0.52,-2.75,0.52,-2.75,,-1.83,,0.52,-2.75,買,4188.8,,
2026-08-14,1618.TW,合機,41.7,3K反轉、Buy01、單跳空、周1K,100.0,A強勢追蹤,3.97,>MA5,多頭,,,,,,,,tracking,signal_tracking_20260814.csv,1.0,,,,-3.48,-7.19,-3.48,-7.19,,-6.47,,-3.48,-7.19,買,2650.0,,
2026-08-14,1709.TW,和益,30.35,廣義上升三法,73.0,B可追蹤,5.49,>MA5,多頭,,,,,,,,tracking,signal_tracking_20260814.csv,1.0,,,,9.88,0.66,9.88,0.66,,7.91,,9.88,0.66,買,13474.7,,
2026-08-14,1718.TW,中纖,10.95,廣義上升三法、巧妙點、周1K,66.0,B可追蹤,-1.11,>MA5,糾結,,,,,,,,tracking,signal_tracking_20260814.csv,1.0,,,,2.74,-2.74,2.74,-2.74,,-2.74,,2.74,-2.74,買,25046.6,,
2026-08-14,1802.TW,台玻,57.9,單跳空,62.0,C觀察,2.8,>MA5,多頭,,,,,,,,tracking,signal_tracking_20260814.csv,1.0,,,,3.97,-0.52,3.97,-0.52,,1.55,,3.97,-0.52,買,25831.0,,
2026-08-14,1810.TW,和成,27.55,Buy01、漲停、漲幅達標,65.0,B可追蹤,3.09,>MA5,糾結,,,,,,,,tracking,signal_tracking_20260814.csv,1.0,,,,5.26,-5.44,5.26,-5.44,,-4.9,,5.26,-5.44,買,24338.1,,
2026-08-14,1815.TWO,富喬,91.5,單跳空,62.0,C觀察,4.6,>MA5,多頭,,,,,,,,tracking,signal_tracking_20260814.csv,1.0,,,,5.46,0.0,5.46,0.0,,5.46,,5.46,0.0,買,7731.7,,
2026-08-14,1909.TW,榮成,10.6,Buy01、周1K,62.0,C觀察,1.51,>MA5,多頭,,,,,,,,tracking,signal_tracking_20260814.csv,1.0,,,,8.49,-1.42,8.49,-1.42,,8.02,,8.49,-1.42,買,6375.4,,
2026-08-14,2027.TW,大成鋼,47.6,單跳空,56.0,C觀察,3.7,MA5~10,多頭,,,,,,,,tracking,signal_tracking_20260814.csv,1.0,,,,7.77,-0.11,7.77,-0.11,,5.04,,7.77,-0.11,買,36643.7,,
2026-08-14,2033.TW,佳大,22.6,廣義上升三法、KD高腳、漲停、漲幅達標、三白兵、周1K,100.0,A強勢追蹤,16.36,>MA5,多頭,,,,,,,,tracking,signal_tracking_20260814.csv,1.0,,,,4.42,-3.76,4.42,-3.76,,-2.88,,4.42,-3.76,買,2219.9,,
2026-08-14,2208.TW,台船,20.3,3K反轉、周1K,70.0,B可追蹤,2.01,>MA5,糾結,,,,,,,,tracking,signal_tracking_20260814.csv,1.0,,,,-0.0,-4.43,-0.0,-4.43,,-3.69,,-0.0,-4.43,買,19115.7,,
2026-08-14,2308.TW,台達電,1885.0,單跳空,57.0,C觀察,4.71,>MA5,多頭,,,,,,,,tracking,signal_tracking_20260814.csv,1.0,,,,6.37,0.0,6.37,0.0,,0.0,,6.37,0.0,買,13703.2,,
2026-08-14,2312.TW,金寶,33.75,廣義上升三法、周1K,80.0,A強勢追蹤,3.19,>MA5,多頭,,,,,,,,tracking,signal_tracking_20260814.csv,1.0,,,,-1.04,-4.44,-1.04,-4.44,,-2.07,,-1.04,-4.44,買,20216.8,,
2026-08-14,2323.TW,中環,11.3,3K反轉、廣義上升三法、Buy01、漲停、漲幅達標、單跳空、周1K,100.0,A強勢追蹤,4.12,>MA5,多頭,,,,,,,,tracking,signal_tracking_20260814.csv,1.0,,,,5.75,-6.19,5.75,-6.19,,3.54,,5.75,-6.19,買,15093.0,,
2026-08-14,2324.TW,仁寶,43.2,漲停、漲幅達標、單跳空、周1K,100.0,A強勢追蹤,7.6,>MA5,多頭,,,,,,,,tracking,signal_tracking_20260814.csv,1.0,,,,4.05,-5.21,4.05,-5.21,,-3.59,,4.05,-5.21,買,402129.6,,
2026-08-14,2331.TW,精英,20.7,KD高腳、漲幅達標、下降趨勢線突破,82.0,A強勢追蹤,2.3,>MA5,多頭,,,,,,,,tracking,signal_tracking_20260814.csv,1.0,,,,0.0,-5.07,0.0,-5.07,,-4.35,,0.0,-5.07,買,13138.9,,
2026-08-14,2342.TW,茂矽,40.7,廣義上升三法、周1K,80.0,A強勢追蹤,2.33,>MA5,多頭,,,,,,,,tracking,signal_tracking_20260814.csv,1.0,,,,0.61,-6.63,0.61,-6.63,,-0.74,,0.61,-6.63,買,3252.7,,
2026-08-14,2344.TW,華邦電,183.5,廣義上升三法、周1K,88.0,A強勢追蹤,6.81,>MA5,多頭,,,,,,,,tracking,signal_tracking_20260814.csv,1.0,,,,3.54,-1.09,3.54,-1.09,,-1.09,,3.54,-1.09,買,237449.6,,
2026-08-14,2349.TW,錸德,11.6,廣義上升三法、單跳空,74.0,B可追蹤,1.87,>MA5,多頭,,,,,,,,tracking,signal_tracking_20260814.csv,1.0,,,,1.29,-3.45,1.29,-3.45,,0.0,,1.29,-3.45,買,5662.6,,
2026-08-14,2352.TW,佳世達,29.5,廣義上升三法、下降趨勢線突破,63.0,C觀察,0.33,>MA5,多頭,,,,,,,,tracking,signal_tracking_20260814.csv,1.0,,,,0.85,-2.71,0.85,-2.71,,-1.69,,0.85,-2.71,買,16114.2,,
2026-08-14,2353.TW,宏碁,32.3,廣義上升三法、周1K,84.0,A強勢追蹤,3.19,>MA5,多頭,,,,,,,,tracking,signal_tracking_20260814.csv,1.0,,,,0.77,-4.8,0.77,-4.8,,-2.63,,0.77,-4.8,買,59606.7,,
2026-08-14,2356.TW,英業達,69.9,周1K,73.0,B可追蹤,5.61,>MA5,多頭,,,,,,,,tracking,signal_tracking_20260814.csv,1.0,,,,-1.29,-5.58,-1.29,-5.58,,-4.58,,-1.29,-5.58,買,59102.1,,
2026-08-14,2357.TW,華碩,996.0,雙跳空、單跳空、周1K,94.0,A強勢追蹤,11.98,>MA5,多頭,,,,,,,,tracking,signal_tracking_20260814.csv,1.0,,,,-1.0,-7.53,-1.0,-7.53,,-5.82,,-1.0,-7.53,買,16200.4,,
2026-08-14,2359.TW,所羅門,159.5,單跳空,70.0,B可追蹤,5.44,>MA5,多頭,,,,,,,,tracking,signal_tracking_20260814.csv,1.0,,,,9.72,3.45,9.72,3.45,,9.72,,9.72,3.45,買,26248.1,,
2026-08-14,2360.TW,致茂,2300.0,單跳空、周1K,63.0,C觀察,7.33,>MA5,多頭,,,,,,,,tracking,signal_tracking_20260814.csv,1.0,,,,4.35,-2.17,4.35,-2.17,,2.61,,4.35,-2.17,買,1728.3,,
2026-08-14,2362.TW,藍天,49.9,3K反轉、KD高腳、單跳空,100.0,A強勢追蹤,4.46,>MA5,多頭,,,,,,,,tracking,signal_tracking_20260814.csv,1.0,,,,0.0,-3.51,0.0,-3.51,,-2.81,,0.0,-3.51,買,4113.2,,
2026-08-14,2376.TW,技嘉,397.5,廣義上升三法、周1K,88.0,A強勢追蹤,7.47,>MA5,多頭,,,,,,,,tracking,signal_tracking_20260814.csv,1.0,,,,-4.03,-9.94,-4.03,-9.94,,-9.94,,-4.03,-9.94,買,14300.3,,
2026-08-14,2382.TW,廣達,327.5,廣義上升三法、周1K,65.0,B可追蹤,2.33,>MA5,糾結,,,,,,,,tracking,signal_tracking_20260814.csv,1.0,,,,3.51,0.92,3.51,0.92,,1.83,,3.51,0.92,買,42294.4,,
2026-08-14,2383.TW,台光電,6165.0,廣義上升三法、漲幅達標、周1K,89.0,A強勢追蹤,10.26,>MA5,多頭,,,,,,,,tracking,signal_tracking_20260814.csv,1.0,,,,4.54,-0.89,4.54,-0.89,,3.0,,4.54,-0.89,買,2972.5,,
2026-08-14,2385.TW,群光,107.5,廣義上升三法,64.0,C觀察,2.2,>MA5,糾結,,,,,,,,tracking,signal_tracking_20260814.csv,1.0,,,,0.47,-1.86,0.47,-1.86,,-0.47,,0.47,-1.86,買,3081.5,,
2026-08-14,2392.TW,正崴,43.05,廣義上升三法、漲停、漲幅達標、單跳空、下降趨勢線突破、周1K,100.0,A強勢追蹤,7.51,>MA5,多頭,,,,,,,,tracking,signal_tracking_20260814.csv,1.0,,,,3.95,-1.86,3.95,-1.86,,0.58,,3.95,-1.86,買,16936.0,,
2026-08-14,2395.TW,研華,683.0,周1K,68.0,B可追蹤,7.65,>MA5,多頭,,,,,,,,tracking,signal_tracking_20260814.csv,1.0,,,,0.44,-3.81,0.44,-3.81,,-1.32,,0.44,-3.81,買,3170.2,,
2026-08-14,2399.TW,映泰,45.95,3K反轉、廣義上升三法、周1K,100.0,A強勢追蹤,6.68,>MA5,多頭,,,,,,,,tracking,signal_tracking_20260814.csv,1.0,,,,2.94,-0.98,2.94,-0.98,,2.29,,2.94,-0.98,買,11421.7,,
2026-08-14,2408.TW,南亞科,512.0,周1K,68.0,B可追蹤,8.43,>MA5,多頭,,,,,,,,tracking,signal_tracking_20260814.csv,1.0,,,,4.49,0.2,4.49,0.2,,2.34,,4.49,0.2,買,104243.8,,
2026-08-14,2420.TW,新巨,58.6,廣義上升三法、單跳空、周1K,92.0,A強勢追蹤,1.58,>MA5,多頭,,,,,,,,tracking,signal_tracking_20260814.csv,1.0,,,,0.85,-1.54,0.85,-1.54,,-0.68,,0.85,-1.54,買,1104.4,,
2026-08-14,2428.TW,興勤,255.0,雙跳空、單跳空、周1K,82.0,A強勢追蹤,2.37,>MA5,多頭,,,,,,,,tracking,signal_tracking_20260814.csv,1.0,,,,0.39,-1.96,0.39,-1.96,,-0.2,,0.39,-1.96,買,1736.0,,
2026-08-14,2454.TW,聯發科,4210.0,單跳空,65.0,B可追蹤,6.34,>MA5,多頭,,,,,,,,tracking,signal_tracking_20260814.csv,1.0,,,,0.36,-4.39,0.36,-4.39,,-3.8,,0.36,-4.39,買,10639.4,,
2026-08-14,2464.TW,盟立,192.0,周1K,68.0,B可追蹤,8.92,>MA5,多頭,,,,,,,,tracking,signal_tracking_20260814.csv,1.0,,,,8.33,-4.43,8.33,-4.43,,-3.12,,8.33,-4.43,買,9994.9,,
2026-08-14,2468.TW,華經,35.35,單跳空,55.0,C觀察,0.84,>MA5,多頭,,,,,,,,tracking,signal_tracking_20260814.csv,1.0,,,,2.12,-2.26,2.12,-2.26,,-0.14,,2.12,-2.26,買,1461.0,,
2026-08-14,2474.TW,可成,204.5,廣義上升三法、Buy01,65.0,B可追蹤,3.75,>MA5,多頭,,,,,,,,tracking,signal_tracking_20260814.csv,1.0,,,,0.0,-1.22,0.0,-1.22,,-0.24,,0.0,-1.22,買,2365.7,,
2026-08-14,2492.TW,華新科,302.5,周1K,60.0,C觀察,4.97,>MA5,多頭,,,,,,,,tracking,signal_tracking_20260814.csv,1.0,,,,-0.99,-4.79,-0.99,-4.79,,-3.64,,-0.99,-4.79,買,49263.9,,
2026-08-14,2495.TW,普安,39.5,單跳空、周1K,56.0,C觀察,1.67,>MA5,多頭,,,,,,,,tracking,signal_tracking_20260814.csv,1.0,,,,0.51,-3.16,0.51,-3.16,,-2.78,,0.51,-3.16,買,1259.3,,
2026-08-14,2536.TW,宏普,20.8,周1K,59.0,C觀察,2.92,MA5~10,多頭,,,,,,,,tracking,signal_tracking_20260814.csv,1.0,,,,0.96,-0.72,0.96,-0.72,,-0.0,,0.96,-0.72,買,3293.1,,
2026-08-14,2542.TW,興富發,46.2,單跳空、周1K,71.0,B可追蹤,2.18,>MA5,多頭,,,,,,,,tracking,signal_tracking_20260814.csv,1.0,,,,1.62,-0.87,1.62,-0.87,,1.3,,1.62,-0.87,買,9241.5,,
2026-08-14,2603.TW,長榮,219.0,3K反轉、廣義上升三法、Buy01、下降趨勢線突破、周1K,100.0,A強勢追蹤,3.17,>MA5,多頭,,,,,,,,tracking,signal_tracking_20260814.csv,1.0,,,,5.94,0.0,5.94,0.0,,5.71,,5.94,0.0,買,13404.7,,
2026-08-14,2611.TW,志信,14.95,廣義上升三法、布林縮窄突破、周1K,100.0,A強勢追蹤,2.85,>MA5,多頭,,,,,,,,tracking,signal_tracking_20260814.csv,1.0,,,,2.01,-1.0,2.01,-1.0,,1.34,,2.01,-1.0,買,1762.1,,
2026-08-14,2615.TW,萬海,90.6,3K反轉、廣義上升三法、布林縮窄突破、Buy01、周1K,100.0,A強勢追蹤,4.09,>MA5,多頭,,,,,,,,tracking,signal_tracking_20260814.csv,1.0,,,,9.93,0.22,9.93,0.22,,9.93,,9.93,0.22,買,27786.2,,
2026-08-14,2630.TW,亞航,53.1,3K反轉、漲停、漲幅達標、周1K,97.0,A強勢追蹤,2.13,>MA5,糾結,,,,,,,,tracking,signal_tracking_20260814.csv,1.0,,,,5.84,-4.9,5.84,-4.9,,-1.32,,5.84,-4.9,買,5281.6,,
2026-08-14,2634.TW,漢翔,70.6,漲停、漲幅達標、單跳空、周1K,96.0,A強勢追蹤,6.01,>MA5,糾結,,,,,,,,tracking,signal_tracking_20260814.csv,1.0,,,,4.39,-6.8,4.39,-6.8,,0.57,,4.39,-6.8,買,79339.3,,
2026-08-14,2645.TW,長榮航太,200.0,3K反轉、KD高腳、漲停、漲幅達標、下降趨勢線突破,68.0,B可追蹤,-0.68,>MA5,空頭,,,,,,,,tracking,signal_tracking_20260814.csv,1.0,,,,-1.25,-9.25,-1.25,-9.25,,-9.0,,-1.25,-9.25,買,13317.4,,
2026-08-14,2851.TW,中再保,38.75,廣義上升三法、布林縮窄突破、Buy01、周1K,100.0,A強勢追蹤,3.43,>MA5,多頭,,,,,,,,tracking,signal_tracking_20260814.csv,1.0,,,,2.32,-1.29,2.32,-1.29,,0.52,,2.32,-1.29,買,3347.4,,
2026-08-14,2855.TW,統一證,47.4,單跳空、周1K,71.0,B可追蹤,2.78,>MA5,多頭,,,,,,,,tracking,signal_tracking_20260814.csv,1.0,,,,0.0,-2.32,0.0,-2.32,,-1.69,,0.0,-2.32,買,3285.8,,
2026-08-14,2867.TW,三商壽,9.75,Buy01、KD高腳、下降趨勢線突破,72.0,B可追蹤,1.58,>MA5,糾結,,,,,,,,tracking,signal_tracking_20260814.csv,1.0,,,,-0.21,-3.08,-0.21,-3.08,,-0.41,,-0.21,-3.08,買,11801.4,,
2026-08-14,2881.TW,富邦金,129.5,3K反轉、廣義上升三法、Buy01,90.0,A強勢追蹤,1.2,>MA5,多頭,,,,,,,,tracking,signal_tracking_20260814.csv,1.0,,,,-1.93,-4.63,-1.93,-4.63,,-3.09,,-1.93,-4.63,買,8900.4,,
2026-08-14,2882.TW,國泰金,101.5,3K反轉、廣義上升三法、Buy01、KD高腳、下降趨勢線突破,100.0,A強勢追蹤,1.93,>MA5,多頭,,,,,,,,tracking,signal_tracking_20260814.csv,1.0,,,,-0.49,-4.14,-0.49,-4.14,,-3.35,,-0.49,-4.14,買,19159.0,,
2026-08-14,2883.TW,凱基金,31.65,廣義上升三法、Buy01,62.0,C觀察,1.6,>MA5,多頭,,,,,,,,tracking,signal_tracking_20260814.csv,1.0,,,,-0.0,-2.37,-0.0,-2.37,,-0.79,,-0.0,-2.37,買,58388.6,,
2026-08-14,2887.TW,台新新光金,37.75,廣義上升三法、布林縮窄突破、單跳空、周1K,100.0,A強勢追蹤,2.78,>MA5,多頭,,,,,,,,tracking,signal_tracking_20260814.csv,1.0,,,,-0.13,-2.52,-0.13,-2.52,,-1.59,,-0.13,-2.52,買,100568.9,,
2026-08-14,2905.TW,三商,17.1,3K反轉、Buy01、KD高腳、下降趨勢線突破,100.0,A強勢追蹤,3.32,>MA5,多頭,,,,,,,,tracking,signal_tracking_20260814.csv,1.0,,,,9.06,2.92,9.06,2.92,,5.85,,9.06,2.92,買,2932.3,,
2026-08-14,2915.TW,潤泰全,59.5,廣義上升三法、布林縮窄突破、漲停、漲幅達標、單跳空、周1K,100.0,A強勢追蹤,6.25,>MA5,多頭,,,,,,,,tracking,signal_tracking_20260814.csv,1.0,,,,3.36,-0.17,3.36,-0.17,,1.85,,3.36,-0.17,買,14039.5,,
2026-08-14,3005.TW,神基,116.5,廣義上升三法、Buy01、KD高腳,97.0,A強勢追蹤,1.42,>MA5,多頭,,,,,,,,tracking,signal_tracking_20260814.csv,1.0,,,,7.3,0.0,7.3,0.0,,4.29,,7.3,0.0,買,4158.8,,
2026-08-14,3017.TW,奇鋐,3235.0,單跳空、周1K,80.0,A強勢追蹤,11.6,>MA5,多頭,,,,,,,,tracking,signal_tracking_20260814.csv,1.0,,,,-0.15,-3.71,-0.15,-3.71,,-2.63,,-0.15,-3.71,買,7334.5,,
2026-08-14,3029.TW,零壹,111.5,單跳空,57.0,C觀察,2.08,>MA5,多頭,,,,,,,,tracking,signal_tracking_20260814.csv,1.0,,,,0.0,-2.69,0.0,-2.69,,-1.79,,0.0,-2.69,買,1973.2,,
2026-08-14,3037.TW,欣興,1020.0,巧妙點、周1K,84.0,A強勢追蹤,6.89,>MA5,多頭,,,,,,,,tracking,signal_tracking_20260814.csv,1.0,,,,9.8,1.47,9.8,1.47,,9.8,,9.8,1.47,買,9522.0,,
2026-08-14,3044.TW,健鼎,488.0,單跳空、周1K,75.0,A強勢追蹤,9.45,>MA5,多頭,,,,,,,,tracking,signal_tracking_20260814.csv,1.0,,,,0.61,-1.64,0.61,-1.64,,-1.02,,0.61,-1.64,買,5434.8,,
2026-08-14,3094.TW,聯傑,37.75,周1K,60.0,C觀察,2.2,>MA5,多頭,,,,,,,,tracking,signal_tracking_20260814.csv,1.0,,,,3.18,-1.85,3.18,-1.85,,-1.46,,3.18,-1.85,買,4072.4,,
2026-08-14,3189.TW,景碩,862.0,廣義上升三法、周1K,88.0,A強勢追蹤,6.2,>MA5,多頭,,,,,,,,tracking,signal_tracking_20260814.csv,1.0,,,,8.12,2.2,8.12,2.2,,4.99,,8.12,2.2,買,4262.7,,
2026-08-14,3211.TWO,順達,391.0,周1K,55.0,C觀察,4.5,MA5~10,多頭,,,,,,,,tracking,signal_tracking_20260814.csv,1.0,,,,1.28,-2.3,1.28,-2.3,,0.26,,1.28,-2.3,買,6907.4,,
2026-08-14,3229.TW,晟鈦,53.8,廣義上升三法、巧妙點、周1K,99.0,A強勢追蹤,8.97,>MA5,多頭,,,,,,,,tracking,signal_tracking_20260814.csv,1.0,,,,2.42,-6.13,2.42,-6.13,,0.74,,2.42,-6.13,買,1015.1,,
2026-08-14,3230.TWO,錦明,44.45,3K反轉、廣義上升三法、漲停、漲幅達標、周1K,100.0,A強勢追蹤,2.1,>MA5,多頭,,,,,,,,tracking,signal_tracking_20260814.csv,1.0,,,,6.3,-4.39,6.3,-4.39,,-1.01,,6.3,-4.39,買,1601.8,,
2026-08-14,3234.TWO,光環,136.5,周1K,60.0,C觀察,12.45,>MA5,多頭,,,,,,,,tracking,signal_tracking_20260814.csv,1.0,,,,9.89,0.73,9.89,0.73,,9.89,,9.89,0.73,買,3491.2,,
2026-08-14,3287.TWO,廣寰科,37.5,廣義上升三法、單跳空、周1K,98.0,A強勢追蹤,11.46,>MA5,多頭,,,,,,,,tracking,signal_tracking_20260814.csv,1.0,,,,0.27,-4.0,0.27,-4.0,,0.27,,0.27,-4.0,買,2814.2,,
2026-08-14,3312.TW,弘憶股,55.1,單跳空、周1K,75.0,A強勢追蹤,6.0,>MA5,多頭,,,,,,,,tracking,signal_tracking_20260814.csv,1.0,,,,-1.09,-3.81,-1.09,-3.81,,-3.81,,-1.09,-3.81,買,7006.3,,
2026-08-14,3356.TW,奇偶,65.5,廣義上升三法、布林縮窄突破、雙跳空、單跳空、周1K,100.0,A強勢追蹤,6.84,>MA5,多頭,,,,,,,,tracking,signal_tracking_20260814.csv,1.0,,,,2.29,-2.14,2.29,-2.14,,-0.61,,2.29,-2.14,買,3506.1,,
2026-08-14,3388.TWO,崇越電,83.9,廣義上升三法、布林縮窄突破、漲停、漲幅達標,100.0,A強勢追蹤,5.59,>MA5,多頭,,,,,,,,tracking,signal_tracking_20260814.csv,1.0,,,,9.89,7.27,9.89,7.27,,9.89,,9.89,7.27,買,2754.4,,
2026-08-14,3406.TW,玉晶光,615.0,周1K,68.0,B可追蹤,6.27,>MA5,多頭,,,,,,,,tracking,signal_tracking_20260814.csv,1.0,,,,9.92,1.63,9.92,1.63,,9.92,,9.92,1.63,買,4498.2,,
2026-08-14,3443.TW,創意,5465.0,單跳空、周1K,71.0,B可追蹤,11.91,>MA5,多頭,,,,,,,,tracking,signal_tracking_20260814.csv,1.0,,,,9.61,-1.92,9.61,-1.92,,7.04,,9.61,-1.92,買,2662.4,,
2026-08-14,3450.TW,聯鈞,510.0,巧妙點,65.0,B可追蹤,5.6,>MA5,多頭,,,,,,,,tracking,signal_tracking_20260814.csv,1.0,,,,7.84,-1.57,7.84,-1.57,,7.84,,7.84,-1.57,買,1404.3,,
2026-08-14,3455.TWO,由田,230.0,廣義上升三法,74.0,B可追蹤,7.89,>MA5,多頭,,,,,,,,tracking,signal_tracking_20260814.csv,1.0,,,,10.0,-1.3,10.0,-1.3,,10.0,,10.0,-1.3,買,2433.3,,
2026-08-14,3490.TWO,單井,39.65,廣義上升三法、雙跳空、漲幅達標、單跳空、周1K,100.0,A強勢追蹤,14.27,>MA5,多頭,,,,,,,,tracking,signal_tracking_20260814.csv,1.0,,,,8.45,-0.38,8.45,-0.38,,7.06,,8.45,-0.38,買,12730.0,,
2026-08-14,3498.TWO,陽程,158.0,廣義上升三法、雙跳空、雙漲停、漲停、漲幅達標、單跳空、三白兵、周1K,100.0,A強勢追蹤,15.34,>MA5,多頭,,,,,,,,tracking,signal_tracking_20260814.csv,1.0,,,,6.65,-1.58,6.65,-1.58,,0.32,,6.65,-1.58,買,6322.7,,
2026-08-14,3543.TW,州巧,40.1,廣義上升三法、巧妙點、周1K,100.0,A強勢追蹤,9.37,>MA5,多頭,,,,,,,,tracking,signal_tracking_20260814.csv,1.0,,,,9.98,0.37,9.98,0.37,,7.11,,9.98,0.37,買,1249.4,,
2026-08-14,3605.TW,宏致,131.5,單跳空、周1K,75.0,A強勢追蹤,16.46,>MA5,多頭,,,,,,,,tracking,signal_tracking_20260814.csv,1.0,,,,3.8,-2.66,3.8,-2.66,,0.0,,3.8,-2.66,買,18785.0,,
2026-08-14,3615.TWO,安可,38.65,廣義上升三法、單跳空、周1K,78.0,A強勢追蹤,1.52,>MA5,糾結,,,,,,,,tracking,signal_tracking_20260814.csv,1.0,,,,0.78,-3.23,0.78,-3.23,,-2.59,,0.78,-3.23,買,2027.8,,
2026-08-14,3617.TW,碩天,250.0,單跳空,61.0,C觀察,5.75,>MA5,多頭,,,,,,,,tracking,signal_tracking_20260814.csv,1.0,,,,5.6,-0.6,5.6,-0.6,,4.0,,5.6,-0.6,買,2951.4,,
2026-08-14,3624.TWO,光頡,89.5,單跳空、周1K,59.0,C觀察,3.88,>MA5,多頭,,,,,,,,tracking,signal_tracking_20260814.csv,1.0,,,,0.45,-5.03,0.45,-5.03,,-2.23,,0.45,-5.03,買,11215.4,,
2026-08-14,3652.TW,精聯,37.5,廣義上升三法、巧妙點,80.0,A強勢追蹤,7.81,>MA5,多頭,,,,,,,,tracking,signal_tracking_20260814.csv,1.0,,,,0.93,-3.47,0.93,-3.47,,-1.33,,0.93,-3.47,買,1310.8,,
2026-08-14,3712.TW,永崴投控,22.2,周1K,64.0,C觀察,8.09,>MA5,多頭,,,,,,,,tracking,signal_tracking_20260814.csv,1.0,,,,6.08,-2.7,6.08,-2.7,,0.68,,6.08,-2.7,買,2559.8,,
2026-08-14,4306.TW,炎洲,15.5,3K反轉、廣義上升三法、布林縮窄突破、Buy01、島狀反轉、單跳空、周1K,100.0,A強勢追蹤,2.5,>MA5,多頭,,,,,,,,tracking,signal_tracking_20260814.csv,1.0,,,,1.94,-2.26,1.94,-2.26,,1.29,,1.94,-2.26,買,4987.3,,
2026-08-14,4416.TWO,三圓,10.85,3K反轉、KD高腳、單跳空,100.0,A強勢追蹤,1.76,>MA5,多頭,,,,,,,,tracking,signal_tracking_20260814.csv,1.0,,,,3.69,-0.92,3.69,-0.92,,2.76,,3.69,-0.92,買,1769.1,,
2026-08-14,4510.TWO,高鋒,46.45,單跳空,70.0,B可追蹤,7.14,>MA5,多頭,,,,,,,,tracking,signal_tracking_20260814.csv,1.0,,,,3.88,-2.48,3.88,-2.48,,-2.15,,3.88,-2.48,買,5683.2,,
2026-08-14,4533.TWO,協易機,28.4,廣義上升三法、單跳空,76.0,A強勢追蹤,5.2,>MA5,多頭,,,,,,,,tracking,signal_tracking_20260814.csv,1.0,,,,1.76,-5.28,1.76,-5.28,,-4.4,,1.76,-5.28,買,2562.1,,
2026-08-14,4541.TWO,晟田,73.9,廣義上升三法、周1K,72.0,B可追蹤,3.3,>MA5,多頭,,,,,,,,tracking,signal_tracking_20260814.csv,1.0,,,,2.17,-5.55,2.17,-5.55,,-1.62,,2.17,-5.55,買,17615.5,,
2026-08-14,4564.TW,元翎,18.15,3K反轉、廣義上升三法、漲幅達標、周1K,98.0,A強勢追蹤,1.67,>MA5,糾結,,,,,,,,tracking,signal_tracking_20260814.csv,1.0,,,,1.1,-5.51,1.1,-5.51,,-4.13,,1.1,-5.51,買,4960.9,,
2026-08-14,4739.TW,康普,89.2,廣義上升三法,66.0,B可追蹤,2.57,>MA5,多頭,,,,,,,,tracking,signal_tracking_20260814.csv,1.0,,,,3.59,-0.45,3.59,-0.45,,1.12,,3.59,-0.45,買,2290.9,,
2026-08-14,4916.TW,事欣科,106.0,3K反轉、廣義上升三法,79.0,A強勢追蹤,0.64,>MA5,多頭,,,,,,,,tracking,signal_tracking_20260814.csv,1.0,,,,4.72,-2.83,4.72,-2.83,,-1.89,,4.72,-2.83,買,7616.2,,
2026-08-14,4931.TWO,新盛力,263.0,巧妙點、周1K,75.0,A強勢追蹤,10.82,>MA5,多頭,,,,,,,,tracking,signal_tracking_20260814.csv,1.0,,,,2.66,0.38,2.66,0.38,,2.47,,2.66,0.38,買,1683.9,,
2026-08-14,4938.TW,和碩,94.8,單跳空,61.0,C觀察,4.78,>MA5,多頭,,,,,,,,tracking,signal_tracking_20260814.csv,1.0,,,,0.0,-6.96,0.0,-6.96,,-4.75,,0.0,-6.96,買,20981.5,,
2026-08-14,4976.TW,佳凌,37.8,KD高腳,63.0,C觀察,4.0,>MA5,糾結,,,,,,,,tracking,signal_tracking_20260814.csv,1.0,,,,7.94,0.26,7.94,0.26,,2.38,,7.94,0.26,買,5839.7,,
2026-08-14,5351.TWO,鈺創,133.0,廣義上升三法、單跳空、周1K,100.0,A強勢追蹤,16.18,>MA5,多頭,,,,,,,,tracking,signal_tracking_20260814.csv,1.0,,,,2.63,-2.26,2.63,-2.26,,1.88,,2.63,-2.26,買,11178.5,,
2026-08-14,5371.TWO,中光電,90.1,3K反轉、廣義上升三法、周1K,100.0,A強勢追蹤,4.04,>MA5,多頭,,,,,,,,tracking,signal_tracking_20260814.csv,1.0,,,,3.88,-4.44,3.88,-4.44,,-0.89,,3.88,-4.44,買,36761.0,,
2026-08-14,5464.TWO,霖宏,75.4,雙跳空、單跳空、周1K,69.0,B可追蹤,4.14,>MA5,糾結,,,,,,,,tracking,signal_tracking_20260814.csv,1.0,,,,2.79,-2.39,2.79,-2.39,,0.13,,2.79,-2.39,買,1383.2,,
2026-08-14,5471.TW,松翰,58.5,廣義上升三法、Buy01、周1K,87.0,A強勢追蹤,2.39,>MA5,多頭,,,,,,,,tracking,signal_tracking_20260814.csv,1.0,,,,3.25,-0.68,3.25,-0.68,,-0.17,,3.25,-0.68,買,6873.0,,
2026-08-14,5475.TWO,德宏,170.5,廣義上升三法、單跳空、三白兵,94.0,A強勢追蹤,11.01,>MA5,多頭,,,,,,,,tracking,signal_tracking_20260814.csv,1.0,,,,0.0,-7.62,0.0,-7.62,,-0.88,,0.0,-7.62,買,27813.6,,
2026-08-14,5515.TW,建國,48.45,單跳空、周1K,75.0,A強勢追蹤,5.61,>MA5,多頭,,,,,,,,tracking,signal_tracking_20260814.csv,1.0,,,,9.8,2.58,9.8,2.58,,9.8,,9.8,2.58,買,1429.3,,
2026-08-14,5521.TW,工信,10.7,單跳空、周1K,67.0,B可追蹤,2.42,>MA5,多頭,,,,,,,,tracking,signal_tracking_20260814.csv,1.0,,,,3.27,-0.47,3.27,-0.47,,2.34,,3.27,-0.47,買,1711.5,,
2026-08-14,5608.TW,四維航,14.1,單跳空,57.0,C觀察,2.15,>MA5,多頭,,,,,,,,tracking,signal_tracking_20260814.csv,1.0,,,,2.84,0.0,2.84,0.0,,2.84,,2.84,0.0,買,1381.8,,
2026-08-14,5864.TWO,致和證,34.2,廣義上升三法、雙跳空、單跳空、周1K,97.0,A強勢追蹤,4.74,>MA5,糾結,,,,,,,,tracking,signal_tracking_20260814.csv,1.0,,,,0.44,-2.34,0.44,-2.34,,-1.46,,0.44,-2.34,買,3902.1,,
2026-08-14,6015.TWO,宏遠證,16.45,單跳空、周1K,55.0,C觀察,1.52,>MA5,糾結,,,,,,,,tracking,signal_tracking_20260814.csv,1.0,,,,0.3,-3.04,0.3,-3.04,,-3.04,,0.3,-3.04,買,2703.5,,
2026-08-14,6026.TWO,福邦證,14.65,單跳空,55.0,C觀察,1.56,>MA5,多頭,,,,,,,,tracking,signal_tracking_20260814.csv,1.0,,,,0.68,-1.37,0.68,-1.37,,-0.68,,0.68,-1.37,買,1108.5,,
2026-08-14,6108.TW,競國,22.1,廣義上升三法、周1K,92.0,A強勢追蹤,9.66,>MA5,多頭,,,,,,,,tracking,signal_tracking_20260814.csv,1.0,,,,5.66,0.45,5.66,0.45,,3.62,,5.66,0.45,買,3077.5,,
2026-08-14,6121.TWO,新普,412.0,周1K,55.0,C觀察,4.42,MA5~10,多頭,,,,,,,,tracking,signal_tracking_20260814.csv,1.0,,,,1.94,-1.7,1.94,-1.7,,-0.73,,1.94,-1.7,買,1254.6,,
2026-08-14,6125.TWO,廣運,51.6,廣義上升三法,63.0,C觀察,1.53,>MA5,多頭,,,,,,,,tracking,signal_tracking_20260814.csv,1.0,,,,3.49,-1.74,3.49,-1.74,,-1.74,,3.49,-1.74,買,1042.1,,
2026-08-14,6134.TWO,萬旭,28.7,廣義上升三法,66.0,B可追蹤,3.12,>MA5,多頭,,,,,,,,tracking,signal_tracking_20260814.csv,1.0,,,,2.09,-2.26,2.09,-2.26,,-2.26,,2.09,-2.26,買,1012.4,,
2026-08-14,6155.TW,鈞寶,63.7,周1K,68.0,B可追蹤,5.51,>MA5,多頭,,,,,,,,tracking,signal_tracking_20260814.csv,1.0,,,,-1.41,-5.97,-1.41,-5.97,,-5.18,,-1.41,-5.97,買,14018.7,,
2026-08-14,6173.TWO,信昌電,210.0,三白兵、周1K,65.0,B可追蹤,9.53,>MA5,多頭,,,,,,,,tracking,signal_tracking_20260814.csv,1.0,,,,9.52,-4.05,9.52,-4.05,,0.48,,9.52,-4.05,買,19067.5,,
2026-08-14,6187.TWO,萬潤,1275.0,單跳空,57.0,C觀察,8.51,>MA5,多頭,,,,,,,,tracking,signal_tracking_20260814.csv,1.0,,,,9.8,-0.78,9.8,-0.78,,8.63,,9.8,-0.78,買,4683.7,,
2026-08-14,6213.TW,聯茂,480.0,廣義上升三法、周1K,80.0,A強勢追蹤,15.34,>MA5,多頭,,,,,,,,tracking,signal_tracking_20260814.csv,1.0,,,,2.4,-2.92,2.4,-2.92,,0.21,,2.4,-2.92,買,3948.6,,
2026-08-14,6214.TW,精誠,172.0,雙跳空、雙漲停、漲停、漲幅達標、單跳空、周1K,100.0,A強勢追蹤,8.43,>MA5,多頭,,,,,,,,tracking,signal_tracking_20260814.csv,1.0,,,,4.36,0.58,4.36,0.58,,2.03,,4.36,0.58,買,1862.8,,
2026-08-14,6259.TWO,百徽,33.45,廣義上升三法、Buy01、周1K,78.0,A強勢追蹤,3.51,>MA5,糾結,,,,,,,,tracking,signal_tracking_20260814.csv,1.0,,,,4.63,-4.19,4.63,-4.19,,0.0,,4.63,-4.19,買,1420.1,,
2026-08-14,6265.TWO,方土昶,62.5,廣義上升三法、單跳空、周1K,100.0,A強勢追蹤,8.89,>MA5,多頭,,,,,,,,tracking,signal_tracking_20260814.csv,1.0,,,,9.92,0.64,9.92,0.64,,1.28,,9.92,0.64,買,14942.6,,
2026-08-14,6269.TW,台郡,65.7,廣義上升三法、Buy01,65.0,B可追蹤,3.98,MA5~10,多頭,,,,,,,,tracking,signal_tracking_20260814.csv,1.0,,,,2.89,-0.61,2.89,-0.61,,1.22,,2.89,-0.61,買,3522.3,,
2026-08-14,6274.TWO,台燿,1675.0,廣義上升三法、周1K,80.0,A強勢追蹤,11.6,>MA5,多頭,,,,,,,,tracking,signal_tracking_20260814.csv,1.0,,,,1.19,-5.97,1.19,-5.97,,-4.48,,1.19,-5.97,買,3529.3,,
2026-08-14,6415.TW,矽力*-KY,480.0,周1K,65.0,B可追蹤,4.03,>MA5,多頭,,,,,,,,tracking,signal_tracking_20260814.csv,1.0,,,,-0.73,-6.25,-0.73,-6.25,,-5.52,,-0.73,-6.25,買,7708.4,,
2026-08-14,6426.TW,統新,219.0,單跳空,58.0,C觀察,9.15,>MA5,多頭,,,,,,,,tracking,signal_tracking_20260814.csv,1.0,,,,9.59,-0.46,9.59,-0.46,,9.36,,9.59,-0.46,買,1026.2,,
2026-08-14,6442.TW,光聖,1560.0,廣義上升三法,61.0,C觀察,7.86,>MA5,多頭,,,,,,,,tracking,signal_tracking_20260814.csv,1.0,,,,4.81,-1.28,4.81,-1.28,,4.49,,4.81,-1.28,買,2585.9,,
2026-08-14,6446.TW,藥華藥,1500.0,廣義上升三法、周1K,88.0,A強勢追蹤,9.46,>MA5,多頭,,,,,,,,tracking,signal_tracking_20260814.csv,1.0,,,,3.0,-6.33,3.0,-6.33,,-6.0,,3.0,-6.33,買,4008.3,,
2026-08-14,6477.TW,安集,38.25,3K反轉、Buy01、漲停、漲幅達標、周1K,82.0,A強勢追蹤,2.78,>MA5,空頭,,,,,,,,tracking,signal_tracking_20260814.csv,1.0,,,,7.84,-2.48,7.84,-2.48,,0.52,,7.84,-2.48,買,4938.5,,
2026-08-14,6538.TWO,倉和,184.0,單跳空、周1K,72.0,B可追蹤,11.94,>MA5,多頭,,,,,,,,tracking,signal_tracking_20260814.csv,1.0,,,,4.89,-1.63,4.89,-1.63,,3.53,,4.89,-1.63,買,5675.4,,
2026-08-14,6672.TW,騰輝電子-KY,270.0,廣義上升三法,78.0,A強勢追蹤,6.56,>MA5,多頭,,,,,,,,tracking,signal_tracking_20260814.csv,1.0,,,,6.67,-1.48,6.67,-1.48,,4.81,,6.67,-1.48,買,6285.7,,
2026-08-14,6683.TWO,雍智科技,1370.0,單跳空,61.0,C觀察,8.26,>MA5,多頭,,,,,,,,tracking,signal_tracking_20260814.csv,1.0,,,,0.0,-6.57,0.0,-6.57,,-3.28,,0.0,-6.57,買,1249.0,,
2026-08-14,6716.TWO,應廣,123.5,廣義上升三法、周1K,79.0,A強勢追蹤,14.88,>MA5,多頭,,,,,,,,tracking,signal_tracking_20260814.csv,1.0,,,,7.29,2.02,7.29,2.02,,5.26,,7.29,2.02,買,2077.0,,
2026-08-14,6727.TWO,亞泰金屬,432.0,漲停、漲幅達標、下降趨勢線突破,79.0,A強勢追蹤,6.85,>MA5,多頭,,,,,,,,tracking,signal_tracking_20260814.csv,1.0,,,,9.95,-0.46,9.95,-0.46,,9.95,,9.95,-0.46,買,1946.2,,
2026-08-14,6753.TW,龍德造船,158.0,漲停、漲幅達標、周1K,93.0,A強勢追蹤,6.28,>MA5,多頭,,,,,,,,tracking,signal_tracking_20260814.csv,1.0,,,,0.63,-8.86,0.63,-8.86,,-6.96,,0.63,-8.86,買,8142.0,,
2026-08-14,6761.TWO,穩得,184.0,廣義上升三法、島狀反轉、單跳空、周1K,100.0,A強勢追蹤,8.29,>MA5,多頭,,,,,,,,tracking,signal_tracking_20260814.csv,1.0,,,,1.63,-2.17,1.63,-2.17,,-1.63,,1.63,-2.17,買,1619.8,,
2026-08-14,6770.TW,力積電,78.4,廣義上升三法、單跳空、周1K,100.0,A強勢追蹤,7.49,>MA5,多頭,,,,,,,,tracking,signal_tracking_20260814.csv,1.0,,,,1.91,-5.36,1.91,-5.36,,-4.85,,1.91,-5.36,買,527164.2,,
2026-08-14,6829.TWO,千附精密,244.0,廣義上升三法、漲停、漲幅達標、周1K,100.0,A強勢追蹤,9.6,>MA5,多頭,,,,,,,,tracking,signal_tracking_20260814.csv,1.0,,,,0.2,-4.92,0.2,-4.92,,-2.25,,0.2,-4.92,買,2804.3,,
2026-08-14,6840.TWO,東研信超,81.0,雙跳空、漲幅達標、單跳空、周1K,100.0,A強勢追蹤,10.55,>MA5,多頭,,,,,,,,tracking,signal_tracking_20260814.csv,1.0,,,,2.59,-1.36,2.59,-1.36,,2.47,,2.59,-1.36,買,2307.7,,
2026-08-14,7402.TWO,邑錡,115.5,3K反轉、KD高腳、漲停、漲幅達標、下降趨勢線突破、周1K,100.0,A強勢追蹤,2.28,>MA5,糾結,,,,,,,,tracking,signal_tracking_20260814.csv,1.0,,,,6.49,-2.6,6.49,-2.6,,2.16,,6.49,-2.6,買,1410.4,,
2026-08-14,7788.TW,松川精密,268.0,周1K,64.0,C觀察,6.35,>MA5,多頭,,,,,,,,tracking,signal_tracking_20260814.csv,1.0,,,,5.78,-0.93,5.78,-0.93,,4.48,,5.78,-0.93,買,1801.1,,
2026-08-14,7792.TWO,安葆,250.0,雙跳空、單跳空,73.0,B可追蹤,8.3,>MA5,多頭,,,,,,,,tracking,signal_tracking_20260814.csv,1.0,,,,2.4,-2.2,2.4,-2.2,,0.8,,2.4,-2.2,買,1353.5,,
2026-08-14,7795.TW,長廣,536.0,雙跳空、單跳空、周1K,82.0,A強勢追蹤,7.83,>MA5,多頭,,,,,,,,tracking,signal_tracking_20260814.csv,1.0,,,,7.84,-1.31,7.84,-1.31,,2.43,,7.84,-1.31,買,2975.7,,
2026-08-14,8021.TW,尖點,434.0,廣義上升三法,58.0,C觀察,2.15,>MA5,多頭,,,,,,,,tracking,signal_tracking_20260814.csv,1.0,,,,-0.69,-8.99,-0.69,-8.99,,-1.38,,-0.69,-8.99,買,1108.9,,
2026-08-14,8033.TW,雷虎,201.5,漲停、漲幅達標、三白兵、周1K,81.0,A強勢追蹤,0.72,>MA5,多頭,,,,,,,,tracking,signal_tracking_20260814.csv,1.0,,,,5.96,-6.7,5.96,-6.7,,-4.96,,5.96,-6.7,買,16890.0,,
2026-08-14,8039.TW,台虹,272.5,漲幅達標、三白兵、下降趨勢線突破,65.0,B可追蹤,12.67,>MA5,多頭,,,,,,,,tracking,signal_tracking_20260814.csv,1.0,,,,5.14,-7.16,5.14,-7.16,,-4.95,,5.14,-7.16,買,55895.3,,
2026-08-14,8043.TWO,蜜望實,146.0,周1K,60.0,C觀察,4.19,>MA5,多頭,,,,,,,,tracking,signal_tracking_20260814.csv,1.0,,,,2.4,-3.08,2.4,-3.08,,-0.34,,2.4,-3.08,買,3791.9,,
2026-08-14,8046.TW,南電,1305.0,廣義上升三法、漲幅達標、周1K,93.0,A強勢追蹤,7.69,>MA5,多頭,,,,,,,,tracking,signal_tracking_20260814.csv,1.0,,,,5.75,-0.77,5.75,-0.77,,-0.77,,5.75,-0.77,買,23289.4,,
2026-08-14,8070.TW,長華*,49.65,廣義上升三法,63.0,C觀察,1.66,>MA5,多頭,,,,,,,,tracking,signal_tracking_20260814.csv,1.0,,,,3.93,-1.11,3.93,-1.11,,-0.3,,3.93,-1.11,買,4467.0,,
2026-08-14,8110.TW,華東,46.85,單跳空,62.0,C觀察,2.67,>MA5,多頭,,,,,,,,tracking,signal_tracking_20260814.csv,1.0,,,,0.53,-2.24,0.53,-2.24,,-1.71,,0.53,-2.24,買,10588.4,,
2026-08-14,8222.TW,寶一,41.3,3K反轉、廣義上升三法、周1K,100.0,A強勢追蹤,4.2,>MA5,多頭,,,,,,,,tracking,signal_tracking_20260814.csv,1.0,,,,3.15,-4.48,3.15,-4.48,,-1.21,,3.15,-4.48,買,4892.2,,
2026-08-14,8358.TWO,金居,428.5,廣義上升三法、單跳空、周1K,99.0,A強勢追蹤,6.98,>MA5,多頭,,,,,,,,tracking,signal_tracking_20260814.csv,1.0,,,,1.28,-2.33,1.28,-2.33,,-2.1,,1.28,-2.33,買,45093.1,,
2026-08-14,8473.TW,山林水,45.15,單跳空、周1K,57.0,C觀察,2.76,>MA5,糾結,,,,,,,,tracking,signal_tracking_20260814.csv,1.0,,,,1.99,-0.33,1.99,-0.33,,1.22,,1.99,-0.33,買,1195.6,,
2026-08-14,8996.TW,高力,1280.0,單跳空、周1K,67.0,B可追蹤,10.26,>MA5,多頭,,,,,,,,tracking,signal_tracking_20260814.csv,1.0,,,,0.78,-6.64,0.78,-6.64,,-5.08,,0.78,-6.64,買,6186.5,,
2026-08-14,9105.TW,泰金寶-DR,8.61,廣義上升三法、KD高腳、周1K,100.0,A強勢追蹤,1.89,>MA5,多頭,,,,,,,,tracking,signal_tracking_20260814.csv,1.0,,,,5.57,-2.21,5.57,-2.21,,2.44,,5.57,-2.21,買,33761.5,,
2026-08-14,9904.TW,寶成,25.25,3K反轉、廣義上升三法、布林縮窄突破、單跳空、下降趨勢線突破,100.0,A強勢追蹤,1.69,>MA5,糾結,,,,,,,,tracking,signal_tracking_20260814.csv,1.0,,,,0.2,-2.38,0.2,-2.38,,-1.78,,0.2,-2.38,買,55011.5,,
2026-08-14,9933.TW,中鼎,42.9,廣義上升三法、單跳空、周1K,100.0,A強勢追蹤,4.94,>MA5,多頭,,,,,,,,tracking,signal_tracking_20260814.csv,1.0,,,,-0.12,-2.1,-0.12,-2.1,,-1.52,,-0.12,-2.1,買,4400.9,,
2026-08-14,9945.TW,潤泰新,29.8,廣義上升三法、布林縮窄突破、漲停、漲幅達標、單跳空、周1K,100.0,A強勢追蹤,4.95,>MA5,多頭,,,,,,,,tracking,signal_tracking_20260814.csv,1.0,,,,3.52,-0.0,3.52,-0.0,,1.34,,3.52,-0.0,買,37220.7,,
2026-08-16,1303.TW,南亞,207.5,廣義上升三法、漲停、漲幅達標、下降趨勢線突破、周1K,100.0,A強勢追蹤,3.53,>MA5,多頭,,,,,,,,tracking,signal_tracking_20260816.csv,1.0,,,,3.61,-3.61,3.61,-3.61,,-3.37,,3.61,-3.61,買,156580.7,,
2026-08-16,1319.TW,東陽,83.9,3K反轉、Buy01、單跳空、周1K,100.0,A強勢追蹤,4.64,>MA5,多頭,,,,,,,,tracking,signal_tracking_20260816.csv,1.0,,,,0.36,-2.26,0.36,-2.26,,-0.36,,0.36,-2.26,買,11869.7,,
2026-08-16,1336.TWO,台翰,17.65,廣義上升三法、漲停、漲幅達標、下降趨勢線突破、周1K,100.0,A強勢追蹤,8.52,>MA5,多頭,,,,,,,,tracking,signal_tracking_20260816.csv,1.0,,,,5.38,-2.55,5.38,-2.55,,1.98,,5.38,-2.55,買,3475.0,,
2026-08-16,1409.TW,新纖,25.25,廣義上升三法、Buy01,65.0,B可追蹤,3.57,>MA5,多頭,,,,,,,,tracking,signal_tracking_20260816.csv,1.0,,,,0.59,-3.76,0.59,-3.76,,-3.37,,0.59,-3.76,買,20056.3,,
2026-08-16,1416.TW,廣豐,11.9,周1K,60.0,C觀察,3.1,>MA5,多頭,,,,,,,,tracking,signal_tracking_20260816.csv,1.0,,,,0.84,-0.84,0.84,-0.84,,-0.42,,0.84,-0.84,買,1385.0,,
2026-08-16,1440.TW,南紡,13.55,廣義上升三法、周1K,70.0,B可追蹤,2.42,MA5~10,多頭,,,,,,,,tracking,signal_tracking_20260816.csv,1.0,,,,1.48,-0.74,1.48,-0.74,,0.0,,1.48,-0.74,買,1839.6,,
2026-08-16,1466.TW,聚隆,17.05,3K反轉、周1K,55.0,C觀察,1.07,>MA5,糾結,,,,,,,,tracking,signal_tracking_20260816.csv,1.0,,,,0.29,-4.99,0.29,-4.99,,-3.81,,0.29,-4.99,買,1543.1,,
2026-08-16,1513.TW,中興電,170.0,周1K,64.0,C觀察,3.06,>MA5,多頭,,,,,,,,tracking,signal_tracking_20260816.csv,1.0,,,,1.47,-1.76,1.47,-1.76,,0.59,,1.47,-1.76,買,4155.5,,
2026-08-16,1515.TW,力山,33.55,3K反轉、漲停、漲幅達標,63.0,C觀察,-1.2,>MA5,糾結,,,,,,,,tracking,signal_tracking_20260816.csv,1.0,,,,9.99,-0.89,9.99,-0.89,,2.09,,9.99,-0.89,買,2850.1,,
2026-08-16,1560.TW,中砂,725.0,周1K,56.0,C觀察,4.03,>MA5,多頭,,,,,,,,tracking,signal_tracking_20260816.csv,1.0,,,,3.31,-1.38,3.31,-1.38,,2.34,,3.31,-1.38,買,1883.6,,
2026-08-16,1586.TWO,和勤,19.2,布林縮窄突破,64.0,C觀察,2.43,>MA5,多頭,,,,,,,,tracking,signal_tracking_20260816.csv,1.0,,,,1.3,-1.04,1.3,-1.04,,0.0,,1.3,-1.04,買,1129.0,,
2026-08-16,1605.TW,華新,39.05,周1K,68.0,B可追蹤,6.48,>MA5,多頭,,,,,,,,tracking,signal_tracking_20260816.csv,1.0,,,,-0.9,-3.71,-0.9,-3.71,,-1.41,,-0.9,-3.71,買,41914.9,,
2026-08-16,1608.TW,華榮,37.0,廣義上升三法、巧妙點,80.0,A強勢追蹤,4.33,>MA5,多頭,,,,,,,,tracking,signal_tracking_20260816.csv,1.0,,,,0.0,-2.57,0.0,-2.57,,-1.76,,0.0,-2.57,買,4753.6,,
2026-08-16,1609.TW,大亞,38.15,Buy01、周1K,57.0,C觀察,1.48,>MA5,多頭,,,,,,,,tracking,signal_tracking_20260816.csv,1.0,,,,0.52,-2.75,0.52,-2.75,,-1.83,,0.52,-2.75,買,4202.8,,
2026-08-16,1618.TW,合機,41.7,3K反轉、Buy01、周1K,88.0,A強勢追蹤,3.97,>MA5,多頭,,,,,,,,tracking,signal_tracking_20260816.csv,1.0,,,,-3.48,-7.19,-3.48,-7.19,,-6.47,,-3.48,-7.19,買,2672.4,,
2026-08-16,1709.TW,和益,30.35,廣義上升三法,73.0,B可追蹤,5.49,>MA5,多頭,,,,,,,,tracking,signal_tracking_20260816.csv,1.0,,,,9.88,0.66,9.88,0.66,,7.91,,9.88,0.66,買,13482.4,,
2026-08-16,1718.TW,中纖,10.95,廣義上升三法、巧妙點、周1K,66.0,B可追蹤,-1.11,>MA5,糾結,,,,,,,,tracking,signal_tracking_20260816.csv,1.0,,,,2.74,-2.74,2.74,-2.74,,-2.74,,2.74,-2.74,買,25099.8,,
2026-08-16,1810.TW,和成,27.55,Buy01、漲停、漲幅達標,73.0,B可追蹤,3.09,>MA5,糾結,,,,,,,,tracking,signal_tracking_20260816.csv,1.0,,,,5.26,-5.44,5.26,-5.44,,-4.9,,5.26,-5.44,買,24344.4,,
2026-08-16,1909.TW,榮成,10.6,Buy01、周1K,57.0,C觀察,1.51,>MA5,多頭,,,,,,,,tracking,signal_tracking_20260816.csv,1.0,,,,8.49,-1.42,8.49,-1.42,,8.02,,8.49,-1.42,買,6391.0,,
2026-08-16,2033.TW,佳大,22.6,廣義上升三法、KD高腳、漲停、漲幅達標、三白兵、周1K,100.0,A強勢追蹤,16.36,>MA5,多頭,,,,,,,,tracking,signal_tracking_20260816.csv,1.0,,,,4.42,-3.76,4.42,-3.76,,-2.88,,4.42,-3.76,買,2223.4,,
2026-08-16,2208.TW,台船,20.3,3K反轉、周1K,70.0,B可追蹤,2.01,>MA5,糾結,,,,,,,,tracking,signal_tracking_20260816.csv,1.0,,,,-0.0,-4.43,-0.0,-4.43,,-3.69,,-0.0,-4.43,買,19145.3,,
2026-08-16,2312.TW,金寶,33.75,廣義上升三法、周1K,75.0,A強勢追蹤,3.19,>MA5,多頭,,,,,,,,tracking,signal_tracking_20260816.csv,1.0,,,,-1.04,-4.44,-1.04,-4.44,,-2.07,,-1.04,-4.44,買,20301.2,,
2026-08-16,2323.TW,中環,11.3,3K反轉、廣義上升三法、Buy01、漲停、漲幅達標、單跳空、周1K,100.0,A強勢追蹤,4.12,>MA5,多頭,,,,,,,,tracking,signal_tracking_20260816.csv,1.0,,,,5.75,-6.19,5.75,-6.19,,3.54,,5.75,-6.19,買,15103.3,,
2026-08-16,2324.TW,仁寶,43.2,漲停、漲幅達標、周1K,100.0,A強勢追蹤,7.6,>MA5,多頭,,,,,,,,tracking,signal_tracking_20260816.csv,1.0,,,,4.05,-5.21,4.05,-5.21,,-3.59,,4.05,-5.21,買,402245.1,,
2026-08-16,2331.TW,精英,20.7,KD高腳、漲幅達標、下降趨勢線突破,90.0,A強勢追蹤,2.3,>MA5,多頭,,,,,,,,tracking,signal_tracking_20260816.csv,1.0,,,,0.0,-5.07,0.0,-5.07,,-4.35,,0.0,-5.07,買,13160.8,,
2026-08-16,2342.TW,茂矽,40.7,廣義上升三法、周1K,75.0,A強勢追蹤,2.33,>MA5,多頭,,,,,,,,tracking,signal_tracking_20260816.csv,1.0,,,,0.61,-6.63,0.61,-6.63,,-0.74,,0.61,-6.63,買,3262.0,,
2026-08-16,2344.TW,華邦電,183.5,廣義上升三法、周1K,83.0,A強勢追蹤,6.81,>MA5,多頭,,,,,,,,tracking,signal_tracking_20260816.csv,1.0,,,,3.54,-1.09,3.54,-1.09,,-1.09,,3.54,-1.09,買,241145.7,,
2026-08-16,2349.TW,錸德,11.6,廣義上升三法、單跳空,69.0,B可追蹤,1.87,>MA5,多頭,,,,,,,,tracking,signal_tracking_20260816.csv,1.0,,,,1.29,-3.45,1.29,-3.45,,0.0,,1.29,-3.45,買,5664.7,,
2026-08-16,2352.TW,佳世達,29.5,廣義上升三法、下降趨勢線突破,58.0,C觀察,0.33,>MA5,多頭,,,,,,,,tracking,signal_tracking_20260816.csv,1.0,,,,0.85,-2.71,0.85,-2.71,,-1.69,,0.85,-2.71,買,16130.2,,
2026-08-16,2353.TW,宏碁,32.3,廣義上升三法、周1K,79.0,A強勢追蹤,3.19,>MA5,多頭,,,,,,,,tracking,signal_tracking_20260816.csv,1.0,,,,0.77,-4.8,0.77,-4.8,,-2.63,,0.77,-4.8,買,59635.0,,
2026-08-16,2356.TW,英業達,69.9,周1K,68.0,B可追蹤,5.61,>MA5,多頭,,,,,,,,tracking,signal_tracking_20260816.csv,1.0,,,,-1.29,-5.58,-1.29,-5.58,,-4.58,,-1.29,-5.58,買,59267.5,,
2026-08-16,2357.TW,華碩,996.0,雙跳空、單跳空、周1K,94.0,A強勢追蹤,11.98,>MA5,多頭,,,,,,,,tracking,signal_tracking_20260816.csv,1.0,,,,-1.0,-7.53,-1.0,-7.53,,-5.82,,-1.0,-7.53,買,16239.9,,
2026-08-16,2360.TW,致茂,2300.0,周1K,56.0,C觀察,7.33,>MA5,多頭,,,,,,,,tracking,signal_tracking_20260816.csv,1.0,,,,4.35,-2.17,4.35,-2.17,,2.61,,4.35,-2.17,買,1729.9,,
2026-08-16,2362.TW,藍天,49.9,3K反轉、KD高腳,84.0,A強勢追蹤,4.46,>MA5,多頭,,,,,,,,tracking,signal_tracking_20260816.csv,1.0,,,,0.0,-3.51,0.0,-3.51,,-2.81,,0.0,-3.51,買,4128.6,,
2026-08-16,2376.TW,技嘉,397.5,廣義上升三法、周1K,83.0,A強勢追蹤,7.47,>MA5,多頭,,,,,,,,tracking,signal_tracking_20260816.csv,1.0,,,,-4.03,-9.94,-4.03,-9.94,,-9.94,,-4.03,-9.94,買,14334.5,,
2026-08-16,2382.TW,廣達,327.5,廣義上升三法、周1K,65.0,B可追蹤,2.33,>MA5,糾結,,,,,,,,tracking,signal_tracking_20260816.csv,1.0,,,,3.51,0.92,3.51,0.92,,1.83,,3.51,0.92,買,44245.0,,
2026-08-16,2383.TW,台光電,6165.0,廣義上升三法、漲幅達標、周1K,97.0,A強勢追蹤,10.26,>MA5,多頭,,,,,,,,tracking,signal_tracking_20260816.csv,1.0,,,,4.54,-0.89,4.54,-0.89,,3.0,,4.54,-0.89,買,2986.9,,
2026-08-16,2385.TW,群光,107.5,廣義上升三法,59.0,C觀察,2.2,>MA5,糾結,,,,,,,,tracking,signal_tracking_20260816.csv,1.0,,,,0.47,-1.86,0.47,-1.86,,-0.47,,0.47,-1.86,買,3094.3,,
2026-08-16,2392.TW,正崴,43.05,廣義上升三法、漲停、漲幅達標、單跳空、下降趨勢線突破、周1K,100.0,A強勢追蹤,7.51,>MA5,多頭,,,,,,,,tracking,signal_tracking_20260816.csv,1.0,,,,3.95,-1.86,3.95,-1.86,,0.58,,3.95,-1.86,買,16947.4,,
2026-08-16,2395.TW,研華,683.0,周1K,68.0,B可追蹤,7.65,>MA5,多頭,,,,,,,,tracking,signal_tracking_20260816.csv,1.0,,,,0.44,-3.81,0.44,-3.81,,-1.32,,0.44,-3.81,買,3683.4,,
2026-08-16,2399.TW,映泰,45.95,3K反轉、廣義上升三法、周1K,100.0,A強勢追蹤,6.68,>MA5,多頭,,,,,,,,tracking,signal_tracking_20260816.csv,1.0,,,,2.94,-0.98,2.94,-0.98,,2.29,,2.94,-0.98,買,11445.4,,
2026-08-16,2408.TW,南亞科,512.0,周1K,68.0,B可追蹤,8.43,>MA5,多頭,,,,,,,,tracking,signal_tracking_20260816.csv,1.0,,,,4.49,0.2,4.49,0.2,,2.34,,4.49,0.2,買,104565.3,,
2026-08-16,2420.TW,新巨,58.6,廣義上升三法、單跳空、周1K,87.0,A強勢追蹤,1.58,>MA5,多頭,,,,,,,,tracking,signal_tracking_20260816.csv,1.0,,,,0.85,-1.54,0.85,-1.54,,-0.68,,0.85,-1.54,買,1104.5,,
2026-08-16,2428.TW,興勤,255.0,雙跳空、周1K,63.0,C觀察,2.37,>MA5,多頭,,,,,,,,tracking,signal_tracking_20260816.csv,1.0,,,,0.39,-1.96,0.39,-1.96,,-0.2,,0.39,-1.96,買,1739.2,,
2026-08-16,2464.TW,盟立,192.0,周1K,68.0,B可追蹤,8.92,>MA5,多頭,,,,,,,,tracking,signal_tracking_20260816.csv,1.0,,,,8.33,-4.43,8.33,-4.43,,-3.12,,8.33,-4.43,買,10004.5,,
2026-08-16,2474.TW,可成,204.5,廣義上升三法、Buy01,65.0,B可追蹤,3.75,>MA5,多頭,,,,,,,,tracking,signal_tracking_20260816.csv,1.0,,,,0.0,-1.22,0.0,-1.22,,-0.24,,0.0,-1.22,買,2377.3,,
2026-08-16,2492.TW,華新科,302.5,周1K,60.0,C觀察,4.97,>MA5,多頭,,,,,,,,tracking,signal_tracking_20260816.csv,1.0,,,,-0.99,-4.79,-0.99,-4.79,,-3.64,,-0.99,-4.79,買,49331.6,,
2026-08-16,2536.TW,宏普,20.8,周1K,59.0,C觀察,2.92,MA5~10,多頭,,,,,,,,tracking,signal_tracking_20260816.csv,1.0,,,,0.96,-0.72,0.96,-0.72,,-0.0,,0.96,-0.72,買,3293.7,,
2026-08-16,2542.TW,興富發,46.2,周1K,64.0,C觀察,2.18,>MA5,多頭,,,,,,,,tracking,signal_tracking_20260816.csv,1.0,,,,1.62,-0.87,1.62,-0.87,,1.3,,1.62,-0.87,買,9265.4,,
2026-08-16,2603.TW,長榮,219.0,3K反轉、廣義上升三法、Buy01、下降趨勢線突破、周1K,100.0,A強勢追蹤,3.17,>MA5,多頭,,,,,,,,tracking,signal_tracking_20260816.csv,1.0,,,,5.94,0.0,5.94,0.0,,5.71,,5.94,0.0,買,13449.5,,
2026-08-16,2611.TW,志信,14.95,廣義上升三法、布林縮窄突破、周1K,100.0,A強勢追蹤,2.85,>MA5,多頭,,,,,,,,tracking,signal_tracking_20260816.csv,1.0,,,,2.01,-1.0,2.01,-1.0,,1.34,,2.01,-1.0,買,1765.4,,
2026-08-16,2615.TW,萬海,90.6,3K反轉、廣義上升三法、布林縮窄突破、Buy01、周1K,100.0,A強勢追蹤,4.09,>MA5,多頭,,,,,,,,tracking,signal_tracking_20260816.csv,1.0,,,,9.93,0.22,9.93,0.22,,9.93,,9.93,0.22,買,27863.4,,
2026-08-16,2630.TW,亞航,53.1,3K反轉、漲停、漲幅達標、周1K,100.0,A強勢追蹤,2.13,>MA5,糾結,,,,,,,,tracking,signal_tracking_20260816.csv,1.0,,,,5.84,-4.9,5.84,-4.9,,-1.32,,5.84,-4.9,買,5282.2,,
2026-08-16,2634.TW,漢翔,70.6,漲停、漲幅達標、周1K,91.0,A強勢追蹤,6.01,>MA5,糾結,,,,,,,,tracking,signal_tracking_20260816.csv,1.0,,,,4.39,-6.8,4.39,-6.8,,0.57,,4.39,-6.8,買,79395.3,,
2026-08-16,2645.TW,長榮航太,200.0,3K反轉、KD高腳、漲停、漲幅達標、下降趨勢線突破,76.0,A強勢追蹤,-0.68,>MA5,空頭,,,,,,,,tracking,signal_tracking_20260816.csv,1.0,,,,-1.25,-9.25,-1.25,-9.25,,-9.0,,-1.25,-9.25,買,13325.0,,
2026-08-16,2851.TW,中再保,38.75,廣義上升三法、布林縮窄突破、Buy01、周1K,100.0,A強勢追蹤,3.43,>MA5,多頭,,,,,,,,tracking,signal_tracking_20260816.csv,1.0,,,,2.32,-1.29,2.32,-1.29,,0.52,,2.32,-1.29,買,3352.3,,
2026-08-16,2855.TW,統一證,47.4,周1K,64.0,C觀察,2.78,>MA5,多頭,,,,,,,,tracking,signal_tracking_20260816.csv,1.0,,,,0.0,-2.32,0.0,-2.32,,-1.69,,0.0,-2.32,買,3288.2,,
2026-08-16,2867.TW,三商壽,9.75,Buy01、KD高腳、下降趨勢線突破,67.0,B可追蹤,1.58,>MA5,糾結,,,,,,,,tracking,signal_tracking_20260816.csv,1.0,,,,-0.21,-3.08,-0.21,-3.08,,-0.41,,-0.21,-3.08,買,11841.8,,
2026-08-16,2881.TW,富邦金,129.5,3K反轉、廣義上升三法、Buy01,90.0,A強勢追蹤,1.2,>MA5,多頭,,,,,,,,tracking,signal_tracking_20260816.csv,1.0,,,,-1.93,-4.63,-1.93,-4.63,,-3.09,,-1.93,-4.63,買,8926.2,,
2026-08-16,2882.TW,國泰金,101.5,3K反轉、廣義上升三法、Buy01、KD高腳、下降趨勢線突破,100.0,A強勢追蹤,1.93,>MA5,多頭,,,,,,,,tracking,signal_tracking_20260816.csv,1.0,,,,-0.49,-4.14,-0.49,-4.14,,-3.35,,-0.49,-4.14,買,19229.4,,
2026-08-16,2883.TW,凱基金,31.65,廣義上升三法、Buy01,62.0,C觀察,1.6,>MA5,多頭,,,,,,,,tracking,signal_tracking_20260816.csv,1.0,,,,-0.0,-2.37,-0.0,-2.37,,-0.79,,-0.0,-2.37,買,58718.6,,
2026-08-16,2887.TW,台新新光金,37.75,廣義上升三法、布林縮窄突破、單跳空、周1K,100.0,A強勢追蹤,2.78,>MA5,多頭,,,,,,,,tracking,signal_tracking_20260816.csv,1.0,,,,-0.13,-2.52,-0.13,-2.52,,-1.59,,-0.13,-2.52,買,100876.2,,
2026-08-16,2905.TW,三商,17.1,3K反轉、Buy01、KD高腳、下降趨勢線突破,100.0,A強勢追蹤,3.32,>MA5,多頭,,,,,,,,tracking,signal_tracking_20260816.csv,1.0,,,,9.06,2.92,9.06,2.92,,5.85,,9.06,2.92,買,2937.4,,
2026-08-16,2915.TW,潤泰全,59.5,廣義上升三法、布林縮窄突破、漲停、漲幅達標、單跳空、周1K,100.0,A強勢追蹤,6.25,>MA5,多頭,,,,,,,,tracking,signal_tracking_20260816.csv,1.0,,,,3.36,-0.17,3.36,-0.17,,1.85,,3.36,-0.17,買,14058.8,,
2026-08-16,3005.TW,神基,116.5,廣義上升三法、Buy01、KD高腳,92.0,A強勢追蹤,1.42,>MA5,多頭,,,,,,,,tracking,signal_tracking_20260816.csv,1.0,,,,7.3,0.0,7.3,0.0,,4.29,,7.3,0.0,買,4165.5,,
2026-08-16,3017.TW,奇鋐,3235.0,周1K,68.0,B可追蹤,11.6,>MA5,多頭,,,,,,,,tracking,signal_tracking_20260816.csv,1.0,,,,-0.15,-3.71,-0.15,-3.71,,-2.63,,-0.15,-3.71,買,7354.7,,
2026-08-16,3037.TW,欣興,1020.0,巧妙點、周1K,79.0,A強勢追蹤,6.89,>MA5,多頭,,,,,,,,tracking,signal_tracking_20260816.csv,1.0,,,,9.8,1.47,9.8,1.47,,9.8,,9.8,1.47,買,9634.9,,
2026-08-16,3044.TW,健鼎,488.0,周1K,68.0,B可追蹤,9.45,>MA5,多頭,,,,,,,,tracking,signal_tracking_20260816.csv,1.0,,,,0.61,-1.64,0.61,-1.64,,-1.02,,0.61,-1.64,買,5439.6,,
2026-08-16,3094.TW,聯傑,37.75,周1K,60.0,C觀察,2.2,>MA5,多頭,,,,,,,,tracking,signal_tracking_20260816.csv,1.0,,,,3.18,-1.85,3.18,-1.85,,-1.46,,3.18,-1.85,買,4081.4,,
2026-08-16,3189.TW,景碩,862.0,廣義上升三法、周1K,83.0,A強勢追蹤,6.2,>MA5,多頭,,,,,,,,tracking,signal_tracking_20260816.csv,1.0,,,,8.12,2.2,8.12,2.2,,4.99,,8.12,2.2,買,4293.9,,
2026-08-16,3211.TWO,順達,391.0,周1K,55.0,C觀察,4.5,MA5~10,多頭,,,,,,,,tracking,signal_tracking_20260816.csv,1.0,,,,1.28,-2.3,1.28,-2.3,,0.26,,1.28,-2.3,買,6725.0,,
2026-08-16,3229.TW,晟鈦,53.8,廣義上升三法、巧妙點、周1K,94.0,A強勢追蹤,8.97,>MA5,多頭,,,,,,,,tracking,signal_tracking_20260816.csv,1.0,,,,2.42,-6.13,2.42,-6.13,,0.74,,2.42,-6.13,買,1018.6,,
2026-08-16,3230.TWO,錦明,44.45,3K反轉、廣義上升三法、漲停、漲幅達標、周1K,100.0,A強勢追蹤,2.1,>MA5,多頭,,,,,,,,tracking,signal_tracking_20260816.csv,1.0,,,,6.3,-4.39,6.3,-4.39,,-1.01,,6.3,-4.39,買,1589.0,,
2026-08-16,3234.TWO,光環,136.5,周1K,60.0,C觀察,12.45,>MA5,多頭,,,,,,,,tracking,signal_tracking_20260816.csv,1.0,,,,9.89,0.73,9.89,0.73,,9.89,,9.89,0.73,買,3410.0,,
2026-08-16,3287.TWO,廣寰科,37.5,廣義上升三法、周1K,79.0,A強勢追蹤,11.46,>MA5,多頭,,,,,,,,tracking,signal_tracking_20260816.csv,1.0,,,,0.27,-4.0,0.27,-4.0,,0.27,,0.27,-4.0,買,2803.0,,
2026-08-16,3312.TW,弘憶股,55.1,周1K,68.0,B可追蹤,6.0,>MA5,多頭,,,,,,,,tracking,signal_tracking_20260816.csv,1.0,,,,-1.09,-3.81,-1.09,-3.81,,-3.81,,-1.09,-3.81,買,7013.6,,
2026-08-16,3356.TW,奇偶,65.5,廣義上升三法、布林縮窄突破、雙跳空、周1K,100.0,A強勢追蹤,6.84,>MA5,多頭,,,,,,,,tracking,signal_tracking_20260816.csv,1.0,,,,2.29,-2.14,2.29,-2.14,,-0.61,,2.29,-2.14,買,3515.8,,
2026-08-16,3388.TWO,崇越電,83.9,廣義上升三法、布林縮窄突破、漲停、漲幅達標,100.0,A強勢追蹤,5.59,>MA5,多頭,,,,,,,,tracking,signal_tracking_20260816.csv,1.0,,,,9.89,7.27,9.89,7.27,,9.89,,9.89,7.27,買,2726.0,,
2026-08-16,3406.TW,玉晶光,615.0,周1K,68.0,B可追蹤,6.27,>MA5,多頭,,,,,,,,tracking,signal_tracking_20260816.csv,1.0,,,,9.92,1.63,9.92,1.63,,9.92,,9.92,1.63,買,4503.6,,
2026-08-16,3443.TW,創意,5465.0,周1K,64.0,C觀察,11.91,>MA5,多頭,,,,,,,,tracking,signal_tracking_20260816.csv,1.0,,,,9.61,-1.92,9.61,-1.92,,7.04,,9.61,-1.92,買,2676.0,,
2026-08-16,3450.TW,聯鈞,510.0,巧妙點,65.0,B可追蹤,5.6,>MA5,多頭,,,,,,,,tracking,signal_tracking_20260816.csv,1.0,,,,7.84,-1.57,7.84,-1.57,,7.84,,7.84,-1.57,買,1409.7,,
2026-08-16,3455.TWO,由田,230.0,廣義上升三法,69.0,B可追蹤,7.89,>MA5,多頭,,,,,,,,tracking,signal_tracking_20260816.csv,1.0,,,,10.0,-1.3,10.0,-1.3,,10.0,,10.0,-1.3,買,2374.0,,
2026-08-16,3490.TWO,單井,39.65,廣義上升三法、雙跳空、漲幅達標、單跳空、周1K,100.0,A強勢追蹤,14.27,>MA5,多頭,,,,,,,,tracking,signal_tracking_20260816.csv,1.0,,,,8.45,-0.38,8.45,-0.38,,7.06,,8.45,-0.38,買,12684.0,,
2026-08-16,3498.TWO,陽程,158.0,廣義上升三法、雙跳空、雙漲停、漲停、漲幅達標、單跳空、三白兵、周1K,100.0,A強勢追蹤,15.34,>MA5,多頭,,,,,,,,tracking,signal_tracking_20260816.csv,1.0,,,,6.65,-1.58,6.65,-1.58,,0.32,,6.65,-1.58,買,6192.0,,
2026-08-16,3543.TW,州巧,40.1,廣義上升三法、巧妙點、周1K,100.0,A強勢追蹤,9.37,>MA5,多頭,,,,,,,,tracking,signal_tracking_20260816.csv,1.0,,,,9.98,0.37,9.98,0.37,,7.11,,9.98,0.37,買,1250.5,,
2026-08-16,3605.TW,宏致,131.5,周1K,68.0,B可追蹤,16.46,>MA5,多頭,,,,,,,,tracking,signal_tracking_20260816.csv,1.0,,,,3.8,-2.66,3.8,-2.66,,0.0,,3.8,-2.66,買,18819.5,,
2026-08-16,3617.TW,碩天,250.0,單跳空,65.0,B可追蹤,5.75,>MA5,多頭,,,,,,,,tracking,signal_tracking_20260816.csv,1.0,,,,5.6,-0.6,5.6,-0.6,,4.0,,5.6,-0.6,買,3455.7,,
2026-08-16,3652.TW,精聯,37.5,廣義上升三法、巧妙點,80.0,A強勢追蹤,7.81,>MA5,多頭,,,,,,,,tracking,signal_tracking_20260816.csv,1.0,,,,0.93,-3.47,0.93,-3.47,,-1.33,,0.93,-3.47,買,1310.8,,
2026-08-16,4306.TW,炎洲,15.5,3K反轉、廣義上升三法、布林縮窄突破、Buy01、島狀反轉、單跳空、周1K,100.0,A強勢追蹤,2.5,>MA5,多頭,,,,,,,,tracking,signal_tracking_20260816.csv,1.0,,,,1.94,-2.26,1.94,-2.26,,1.29,,1.94,-2.26,買,5019.5,,
2026-08-16,4416.TWO,三圓,10.85,3K反轉、KD高腳、單跳空,96.0,A強勢追蹤,1.76,>MA5,多頭,,,,,,,,tracking,signal_tracking_20260816.csv,1.0,,,,3.69,-0.92,3.69,-0.92,,2.76,,3.69,-0.92,買,1764.0,,
2026-08-16,4533.TWO,協易機,28.4,廣義上升三法,69.0,B可追蹤,5.2,>MA5,多頭,,,,,,,,tracking,signal_tracking_20260816.csv,1.0,,,,1.76,-5.28,1.76,-5.28,,-4.4,,1.76,-5.28,買,2554.0,,
2026-08-16,4541.TWO,晟田,73.9,廣義上升三法、周1K,67.0,B可追蹤,3.3,>MA5,多頭,,,,,,,,tracking,signal_tracking_20260816.csv,1.0,,,,2.17,-5.55,2.17,-5.55,,-1.62,,2.17,-5.55,買,17541.0,,
2026-08-16,4564.TW,元翎,18.15,3K反轉、廣義上升三法、漲幅達標、周1K,98.0,A強勢追蹤,1.67,>MA5,糾結,,,,,,,,tracking,signal_tracking_20260816.csv,1.0,,,,1.1,-5.51,1.1,-5.51,,-4.13,,1.1,-5.51,買,4969.3,,
2026-08-16,4739.TW,康普,89.2,廣義上升三法,61.0,C觀察,2.57,>MA5,多頭,,,,,,,,tracking,signal_tracking_20260816.csv,1.0,,,,3.59,-0.45,3.59,-0.45,,1.12,,3.59,-0.45,買,2301.2,,
2026-08-16,4916.TW,事欣科,106.0,3K反轉、廣義上升三法,74.0,B可追蹤,0.64,>MA5,多頭,,,,,,,,tracking,signal_tracking_20260816.csv,1.0,,,,4.72,-2.83,4.72,-2.83,,-1.89,,4.72,-2.83,買,7652.2,,
2026-08-16,4931.TWO,新盛力,263.0,巧妙點、周1K,75.0,A強勢追蹤,10.82,>MA5,多頭,,,,,,,,tracking,signal_tracking_20260816.csv,1.0,,,,2.66,0.38,2.66,0.38,,2.47,,2.66,0.38,買,1620.0,,
2026-08-16,4976.TW,佳凌,37.8,KD高腳,58.0,C觀察,4.0,>MA5,糾結,,,,,,,,tracking,signal_tracking_20260816.csv,1.0,,,,7.94,0.26,7.94,0.26,,2.38,,7.94,0.26,買,5848.0,,
2026-08-16,5351.TWO,鈺創,133.0,廣義上升三法、周1K,83.0,A強勢追蹤,16.18,>MA5,多頭,,,,,,,,tracking,signal_tracking_20260816.csv,1.0,,,,2.63,-2.26,2.63,-2.26,,1.88,,2.63,-2.26,買,10940.0,,
2026-08-16,5371.TWO,中光電,90.1,3K反轉、廣義上升三法、周1K,100.0,A強勢追蹤,4.04,>MA5,多頭,,,,,,,,tracking,signal_tracking_20260816.csv,1.0,,,,3.88,-4.44,3.88,-4.44,,-0.89,,3.88,-4.44,買,36460.0,,
2026-08-16,5464.TWO,霖宏,75.4,雙跳空、單跳空、周1K,64.0,C觀察,4.14,>MA5,糾結,,,,,,,,tracking,signal_tracking_20260816.csv,1.0,,,,2.79,-2.39,2.79,-2.39,,0.13,,2.79,-2.39,買,1377.0,,
2026-08-16,5471.TW,松翰,58.5,廣義上升三法、Buy01、周1K,87.0,A強勢追蹤,2.39,>MA5,多頭,,,,,,,,tracking,signal_tracking_20260816.csv,1.0,,,,3.25,-0.68,3.25,-0.68,,-0.17,,3.25,-0.68,買,6890.3,,
2026-08-16,5475.TWO,德宏,170.5,廣義上升三法、單跳空、三白兵,89.0,A強勢追蹤,11.01,>MA5,多頭,,,,,,,,tracking,signal_tracking_20260816.csv,1.0,,,,0.0,-7.62,0.0,-7.62,,-0.88,,0.0,-7.62,買,27380.0,,
2026-08-16,5515.TW,建國,48.45,周1K,68.0,B可追蹤,5.61,>MA5,多頭,,,,,,,,tracking,signal_tracking_20260816.csv,1.0,,,,9.8,2.58,9.8,2.58,,9.8,,9.8,2.58,買,1434.7,,
2026-08-16,5521.TW,工信,10.7,周1K,60.0,C觀察,2.42,>MA5,多頭,,,,,,,,tracking,signal_tracking_20260816.csv,1.0,,,,3.27,-0.47,3.27,-0.47,,2.34,,3.27,-0.47,買,1717.6,,
2026-08-16,5864.TWO,致和證,34.2,廣義上升三法、雙跳空、周1K,84.0,A強勢追蹤,4.74,>MA5,糾結,,,,,,,,tracking,signal_tracking_20260816.csv,1.0,,,,0.44,-2.34,0.44,-2.34,,-1.46,,0.44,-2.34,買,3870.0,,
2026-08-16,6108.TW,競國,22.1,廣義上升三法、周1K,87.0,A強勢追蹤,9.66,>MA5,多頭,,,,,,,,tracking,signal_tracking_20260816.csv,1.0,,,,5.66,0.45,5.66,0.45,,3.62,,5.66,0.45,買,3290.2,,
2026-08-16,6121.TWO,新普,412.0,周1K,55.0,C觀察,4.42,MA5~10,多頭,,,,,,,,tracking,signal_tracking_20260816.csv,1.0,,,,1.94,-1.7,1.94,-1.7,,-0.73,,1.94,-1.7,買,1213.0,,
2026-08-16,6125.TWO,廣運,51.6,廣義上升三法,58.0,C觀察,1.53,>MA5,多頭,,,,,,,,tracking,signal_tracking_20260816.csv,1.0,,,,3.49,-1.74,3.49,-1.74,,-1.74,,3.49,-1.74,買,1022.0,,
2026-08-16,6134.TWO,萬旭,28.7,廣義上升三法,61.0,C觀察,3.12,>MA5,多頭,,,,,,,,tracking,signal_tracking_20260816.csv,1.0,,,,2.09,-2.26,2.09,-2.26,,-2.26,,2.09,-2.26,買,1011.0,,
2026-08-16,6155.TW,鈞寶,63.7,周1K,68.0,B可追蹤,5.51,>MA5,多頭,,,,,,,,tracking,signal_tracking_20260816.csv,1.0,,,,-1.41,-5.97,-1.41,-5.97,,-5.18,,-1.41,-5.97,買,14033.7,,
2026-08-16,6173.TWO,信昌電,210.0,三白兵、周1K,65.0,B可追蹤,9.53,>MA5,多頭,,,,,,,,tracking,signal_tracking_20260816.csv,1.0,,,,9.52,-4.05,9.52,-4.05,,0.48,,9.52,-4.05,買,18766.0,,
2026-08-16,6213.TW,聯茂,480.0,廣義上升三法、周1K,75.0,A強勢追蹤,15.34,>MA5,多頭,,,,,,,,tracking,signal_tracking_20260816.csv,1.0,,,,2.4,-2.92,2.4,-2.92,,0.21,,2.4,-2.92,買,3959.7,,
2026-08-16,6214.TW,精誠,172.0,雙跳空、雙漲停、漲停、漲幅達標、單跳空、周1K,100.0,A強勢追蹤,8.43,>MA5,多頭,,,,,,,,tracking,signal_tracking_20260816.csv,1.0,,,,4.36,0.58,4.36,0.58,,2.03,,4.36,0.58,買,1870.2,,
2026-08-16,6259.TWO,百徽,33.45,廣義上升三法、Buy01、周1K,73.0,B可追蹤,3.51,>MA5,糾結,,,,,,,,tracking,signal_tracking_20260816.csv,1.0,,,,4.63,-4.19,4.63,-4.19,,0.0,,4.63,-4.19,買,1412.0,,
2026-08-16,6265.TWO,方土昶,62.5,廣義上升三法、單跳空、周1K,100.0,A強勢追蹤,8.89,>MA5,多頭,,,,,,,,tracking,signal_tracking_20260816.csv,1.0,,,,9.92,0.64,9.92,0.64,,1.28,,9.92,0.64,買,14829.0,,
2026-08-16,6269.TW,台郡,65.7,廣義上升三法、Buy01,60.0,C觀察,3.98,MA5~10,多頭,,,,,,,,tracking,signal_tracking_20260816.csv,1.0,,,,2.89,-0.61,2.89,-0.61,,1.22,,2.89,-0.61,買,3525.2,,
2026-08-16,6274.TWO,台燿,1675.0,廣義上升三法、周1K,75.0,A強勢追蹤,11.6,>MA5,多頭,,,,,,,,tracking,signal_tracking_20260816.csv,1.0,,,,1.19,-5.97,1.19,-5.97,,-4.48,,1.19,-5.97,買,3185.0,,
2026-08-16,6415.TW,矽力*-KY,480.0,周1K,60.0,C觀察,4.03,>MA5,多頭,,,,,,,,tracking,signal_tracking_20260816.csv,1.0,,,,-0.73,-6.25,-0.73,-6.25,,-5.52,,-0.73,-6.25,買,7718.6,,
2026-08-16,6442.TW,光聖,1560.0,廣義上升三法,61.0,C觀察,7.86,>MA5,多頭,,,,,,,,tracking,signal_tracking_20260816.csv,1.0,,,,4.81,-1.28,4.81,-1.28,,4.49,,4.81,-1.28,買,2590.1,,
2026-08-16,6446.TW,藥華藥,1500.0,廣義上升三法、周1K,83.0,A強勢追蹤,9.46,>MA5,多頭,,,,,,,,tracking,signal_tracking_20260816.csv,1.0,,,,3.0,-6.33,3.0,-6.33,,-6.0,,3.0,-6.33,買,4016.2,,
2026-08-16,6477.TW,安集,38.25,3K反轉、Buy01、漲停、漲幅達標、周1K,90.0,A強勢追蹤,2.78,>MA5,空頭,,,,,,,,tracking,signal_tracking_20260816.csv,1.0,,,,7.84,-2.48,7.84,-2.48,,0.52,,7.84,-2.48,買,4939.0,,
2026-08-16,6538.TWO,倉和,184.0,周1K,60.0,C觀察,11.94,>MA5,多頭,,,,,,,,tracking,signal_tracking_20260816.csv,1.0,,,,4.89,-1.63,4.89,-1.63,,3.53,,4.89,-1.63,買,5629.0,,
2026-08-16,6672.TW,騰輝電子-KY,270.0,廣義上升三法,73.0,B可追蹤,6.56,>MA5,多頭,,,,,,,,tracking,signal_tracking_20260816.csv,1.0,,,,6.67,-1.48,6.67,-1.48,,4.81,,6.67,-1.48,買,6294.5,,
2026-08-16,6716.TWO,應廣,123.5,廣義上升三法、周1K,79.0,A強勢追蹤,14.88,>MA5,多頭,,,,,,,,tracking,signal_tracking_20260816.csv,1.0,,,,7.29,2.02,7.29,2.02,,5.26,,7.29,2.02,買,2054.0,,
2026-08-16,6727.TWO,亞泰金屬,432.0,漲停、漲幅達標、下降趨勢線突破,87.0,A強勢追蹤,6.85,>MA5,多頭,,,,,,,,tracking,signal_tracking_20260816.csv,1.0,,,,9.95,-0.46,9.95,-0.46,,9.95,,9.95,-0.46,買,1883.0,,
2026-08-16,6753.TW,龍德造船,158.0,漲停、漲幅達標、周1K,100.0,A強勢追蹤,6.28,>MA5,多頭,,,,,,,,tracking,signal_tracking_20260816.csv,1.0,,,,0.63,-8.86,0.63,-8.86,,-6.96,,0.63,-8.86,買,8145.1,,
2026-08-16,6761.TWO,穩得,184.0,廣義上升三法、島狀反轉、單跳空、周1K,100.0,A強勢追蹤,8.29,>MA5,多頭,,,,,,,,tracking,signal_tracking_20260816.csv,1.0,,,,1.63,-2.17,1.63,-2.17,,-1.63,,1.63,-2.17,買,1590.0,,
2026-08-16,6770.TW,力積電,78.4,廣義上升三法、周1K,83.0,A強勢追蹤,7.49,>MA5,多頭,,,,,,,,tracking,signal_tracking_20260816.csv,1.0,,,,1.91,-5.36,1.91,-5.36,,-4.85,,1.91,-5.36,買,527933.5,,
2026-08-16,6829.TWO,千附精密,244.0,廣義上升三法、漲停、漲幅達標、周1K,100.0,A強勢追蹤,9.6,>MA5,多頭,,,,,,,,tracking,signal_tracking_20260816.csv,1.0,,,,0.2,-4.92,0.2,-4.92,,-2.25,,0.2,-4.92,買,2709.0,,
2026-08-16,6840.TWO,東研信超,81.0,雙跳空、漲幅達標、單跳空、周1K,100.0,A強勢追蹤,10.55,>MA5,多頭,,,,,,,,tracking,signal_tracking_20260816.csv,1.0,,,,2.59,-1.36,2.59,-1.36,,2.47,,2.59,-1.36,買,2286.0,,
2026-08-16,7402.TWO,邑錡,115.5,3K反轉、KD高腳、漲停、漲幅達標、下降趨勢線突破、周1K,100.0,A強勢追蹤,2.28,>MA5,糾結,,,,,,,,tracking,signal_tracking_20260816.csv,1.0,,,,6.49,-2.6,6.49,-2.6,,2.16,,6.49,-2.6,買,1387.0,,
2026-08-16,7788.TW,松川精密,268.0,周1K,64.0,C觀察,6.35,>MA5,多頭,,,,,,,,tracking,signal_tracking_20260816.csv,1.0,,,,5.78,-0.93,5.78,-0.93,,4.48,,5.78,-0.93,買,1801.8,,
2026-08-16,7792.TWO,安葆,250.0,雙跳空,61.0,C觀察,8.3,>MA5,多頭,,,,,,,,tracking,signal_tracking_20260816.csv,1.0,,,,2.4,-2.2,2.4,-2.2,,0.8,,2.4,-2.2,買,1331.0,,
2026-08-16,7795.TW,長廣,536.0,雙跳空、周1K,63.0,C觀察,7.83,>MA5,多頭,,,,,,,,tracking,signal_tracking_20260816.csv,1.0,,,,7.84,-1.31,7.84,-1.31,,2.43,,7.84,-1.31,買,2980.1,,
2026-08-16,8033.TW,雷虎,201.5,漲停、漲幅達標、三白兵、周1K,89.0,A強勢追蹤,0.72,>MA5,多頭,,,,,,,,tracking,signal_tracking_20260816.csv,1.0,,,,5.96,-6.7,5.96,-6.7,,-4.96,,5.96,-6.7,買,16897.7,,
2026-08-16,8039.TW,台虹,272.5,漲幅達標、三白兵、下降趨勢線突破,73.0,B可追蹤,12.67,>MA5,多頭,,,,,,,,tracking,signal_tracking_20260816.csv,1.0,,,,5.14,-7.16,5.14,-7.16,,-4.95,,5.14,-7.16,買,55936.9,,
2026-08-16,8043.TWO,蜜望實,146.0,周1K,60.0,C觀察,4.19,>MA5,多頭,,,,,,,,tracking,signal_tracking_20260816.csv,1.0,,,,2.4,-3.08,2.4,-3.08,,-0.34,,2.4,-3.08,買,3696.0,,
2026-08-16,8046.TW,南電,1305.0,廣義上升三法、漲幅達標、周1K,93.0,A強勢追蹤,7.69,>MA5,多頭,,,,,,,,tracking,signal_tracking_20260816.csv,1.0,,,,5.75,-0.77,5.75,-0.77,,-0.77,,5.75,-0.77,買,23319.3,,
2026-08-16,8070.TW,長華*,49.65,廣義上升三法,58.0,C觀察,1.66,>MA5,多頭,,,,,,,,tracking,signal_tracking_20260816.csv,1.0,,,,3.93,-1.11,3.93,-1.11,,-0.3,,3.93,-1.11,買,4469.7,,
2026-08-16,8222.TW,寶一,41.3,3K反轉、廣義上升三法、周1K,100.0,A強勢追蹤,4.2,>MA5,多頭,,,,,,,,tracking,signal_tracking_20260816.csv,1.0,,,,3.15,-4.48,3.15,-4.48,,-1.21,,3.15,-4.48,買,4901.9,,
2026-08-16,8358.TWO,金居,428.5,廣義上升三法、周1K,75.0,A強勢追蹤,6.98,>MA5,多頭,,,,,,,,tracking,signal_tracking_20260816.csv,1.0,,,,1.28,-2.33,1.28,-2.33,,-2.1,,1.28,-2.33,買,44088.0,,
2026-08-16,8996.TW,高力,1280.0,周1K,60.0,C觀察,10.26,>MA5,多頭,,,,,,,,tracking,signal_tracking_20260816.csv,1.0,,,,0.78,-6.64,0.78,-6.64,,-5.08,,0.78,-6.64,買,6188.9,,
2026-08-16,9105.TW,泰金寶-DR,8.61,廣義上升三法、KD高腳、周1K,98.0,A強勢追蹤,1.89,>MA5,多頭,,,,,,,,tracking,signal_tracking_20260816.csv,1.0,,,,5.57,-2.21,5.57,-2.21,,2.44,,5.57,-2.21,買,33834.3,,
2026-08-16,9904.TW,寶成,25.25,3K反轉、廣義上升三法、布林縮窄突破、單跳空、下降趨勢線突破,100.0,A強勢追蹤,1.69,>MA5,糾結,,,,,,,,tracking,signal_tracking_20260816.csv,1.0,,,,0.2,-2.38,0.2,-2.38,,-1.78,,0.2,-2.38,買,55096.7,,
2026-08-16,9933.TW,中鼎,42.9,廣義上升三法、周1K,79.0,A強勢追蹤,4.94,>MA5,多頭,,,,,,,,tracking,signal_tracking_20260816.csv,1.0,,,,-0.12,-2.1,-0.12,-2.1,,-1.52,,-0.12,-2.1,買,4408.0,,
2026-08-16,9945.TW,潤泰新,29.8,廣義上升三法、布林縮窄突破、漲停、漲幅達標、單跳空、周1K,100.0,A強勢追蹤,4.95,>MA5,多頭,,,,,,,,tracking,signal_tracking_20260816.csv,1.0,,,,3.52,-0.0,3.52,-0.0,,1.34,,3.52,-0.0,買,37276.6,,
2026-08-17,1316.TW,上曜,10.8,3K反轉、布林縮窄突破、單跳空、KD高腳、漲幅達標、下降趨勢線突破、周1K,100.0,A強勢追蹤,2.79,>MA5,多頭,,,,,,,,tracking,signal_tracking_20260817.csv,,,,,,,,,,,,,,買,6461.6,,
2026-08-17,1319.TW,東陽,83.6,廣義上升三法,69.0,B可追蹤,4.53,>MA5,多頭,,,,,,,,tracking,signal_tracking_20260817.csv,,,,,,,,,,,,,,買,3523.9,,
2026-08-17,1402.TW,遠東新,27.55,3K反轉、Buy01、KD高腳,88.0,A強勢追蹤,0.41,>MA5,糾結,,,,,,,,tracking,signal_tracking_20260817.csv,,,,,,,,,,,,,,買,9054.7,,
2026-08-17,1503.TW,士電,203.5,廣義上升三法、KD高腳,71.0,B可追蹤,1.2,>MA5,糾結,,,,,,,,tracking,signal_tracking_20260817.csv,,,,,,,,,,,,,,買,1314.9,,
2026-08-17,1504.TW,東元,71.9,廣義上升三法、Buy01,74.0,B可追蹤,3.09,>MA5,多頭,,,,,,,,tracking,signal_tracking_20260817.csv,,,,,,,,,,,,,,買,11317.9,,
2026-08-17,1513.TW,中興電,171.0,廣義上升三法、Buy01,69.0,B可追蹤,3.15,>MA5,多頭,,,,,,,,tracking,signal_tracking_20260817.csv,,,,,,,,,,,,,,買,3443.8,,
2026-08-17,1536.TW,和大,51.4,3K反轉,59.0,C觀察,0.79,>MA5,多頭,,,,,,,,tracking,signal_tracking_20260817.csv,,,,,,,,,,,,,,買,1533.8,,
2026-08-17,1560.TW,中砂,742.0,3K反轉、廣義上升三法、下降趨勢線突破,94.0,A強勢追蹤,4.42,>MA5,多頭,,,,,,,,tracking,signal_tracking_20260817.csv,,,,,,,,,,,,,,買,2193.0,,
2026-08-17,1605.TW,華新,38.5,巧妙點,56.0,C觀察,4.32,MA5~10,多頭,,,,,,,,tracking,signal_tracking_20260817.csv,,,,,,,,,,,,,,買,26730.9,,
2026-08-17,1709.TW,和益,32.75,廣義上升三法、漲幅達標、周1K,100.0,A強勢追蹤,9.27,>MA5,多頭,,,,,,,,tracking,signal_tracking_20260817.csv,,,,,,,,,,,,,,買,13722.8,,
2026-08-17,1714.TW,和桐,17.15,下降趨勢線突破,55.0,C觀察,3.54,>MA5,多頭,,,,,,,,tracking,signal_tracking_20260817.csv,,,,,,,,,,,,,,買,23975.2,,
2026-08-17,1717.TW,長興,71.8,巧妙點,56.0,C觀察,3.59,MA5~10,多頭,,,,,,,,tracking,signal_tracking_20260817.csv,,,,,,,,,,,,,,買,10356.7,,
2026-08-17,1723.TW,中碳,87.1,3K反轉、廣義上升三法、Buy01、KD高腳、下降趨勢線突破,100.0,A強勢追蹤,0.32,>MA5,糾結,,,,,,,,tracking,signal_tracking_20260817.csv,,,,,,,,,,,,,,買,1268.4,,
2026-08-17,1727.TW,中華化,82.6,廣義上升三法、單跳空、漲停、KD高腳、漲幅達標、下降趨勢線突破,100.0,A強勢追蹤,3.17,>MA5,多頭,,,,,,,,tracking,signal_tracking_20260817.csv,,,,,,,,,,,,,,買,5023.9,,
2026-08-17,1815.TWO,富喬,96.5,3K反轉、廣義上升三法,89.0,A強勢追蹤,6.61,>MA5,多頭,,,,,,,,tracking,signal_tracking_20260817.csv,,,,,,,,,,,,,,買,11510.7,,
2026-08-17,1904.TW,正隆,24.8,廣義上升三法,70.0,B可追蹤,3.69,>MA5,多頭,,,,,,,,tracking,signal_tracking_20260817.csv,,,,,,,,,,,,,,買,1968.1,,
2026-08-17,1909.TW,榮成,11.45,廣義上升三法、布林縮窄突破、漲幅達標、下降趨勢線突破、周1K,100.0,A強勢追蹤,5.61,>MA5,多頭,,,,,,,,tracking,signal_tracking_20260817.csv,,,,,,,,,,,,,,買,18023.3,,
2026-08-17,2010.TW,春源,22.8,3K反轉、Buy01,64.0,C觀察,1.39,>MA5,多頭,,,,,,,,tracking,signal_tracking_20260817.csv,,,,,,,,,,,,,,買,1030.1,,
2026-08-17,2027.TW,大成鋼,50.0,廣義上升三法、周1K,87.0,A強勢追蹤,5.55,>MA5,多頭,,,,,,,,tracking,signal_tracking_20260817.csv,,,,,,,,,,,,,,買,42934.4,,
2026-08-17,2030.TW,彰源,20.55,巧妙點,56.0,C觀察,4.11,MA5~10,多頭,,,,,,,,tracking,signal_tracking_20260817.csv,,,,,,,,,,,,,,買,2297.7,,
2026-08-17,2104.TW,國際中橡,10.4,3K反轉、廣義上升三法、下降趨勢線突破,86.0,A強勢追蹤,0.03,>MA5,多頭,,,,,,,,tracking,signal_tracking_20260817.csv,,,,,,,,,,,,,,買,2032.8,,
2026-08-17,2323.TW,中環,11.7,下降趨勢線突破、周1K,77.0,A強勢追蹤,5.66,>MA5,多頭,,,,,,,,tracking,signal_tracking_20260817.csv,,,,,,,,,,,,,,買,38317.5,,
2026-08-17,2349.TW,錸德,11.6,廣義上升三法,58.0,C觀察,1.83,>MA5,多頭,,,,,,,,tracking,signal_tracking_20260817.csv,,,,,,,,,,,,,,買,2900.2,,
2026-08-17,2357.TW,華碩,938.0,雙跳空,65.0,B可追蹤,9.46,>MA5,多頭,,,,,,,,tracking,signal_tracking_20260817.csv,,,,,,,,,,,,,,買,5636.0,,
2026-08-17,2359.TW,所羅門,175.0,廣義上升三法、漲停、漲幅達標、周1K,100.0,A強勢追蹤,8.6,>MA5,多頭,,,,,,,,tracking,signal_tracking_20260817.csv,,,,,,,,,,,,,,買,15329.7,,
2026-08-17,2360.TW,致茂,2360.0,廣義上升三法,66.0,B可追蹤,8.77,>MA5,多頭,,,,,,,,tracking,signal_tracking_20260817.csv,,,,,,,,,,,,,,買,2041.8,,
2026-08-17,2364.TW,倫飛,88.1,廣義上升三法、漲幅達標、下降趨勢線突破、周1K,99.0,A強勢追蹤,8.57,>MA5,多頭,,,,,,,,tracking,signal_tracking_20260817.csv,,,,,,,,,,,,,,買,2039.8,,
2026-08-17,2371.TW,大同,27.45,3K反轉、KD高腳、下降趨勢線突破,98.0,A強勢追蹤,1.69,>MA5,多頭,,,,,,,,tracking,signal_tracking_20260817.csv,,,,,,,,,,,,,,買,11309.0,,
2026-08-17,2382.TW,廣達,333.5,廣義上升三法,70.0,B可追蹤,2.49,>MA5,多頭,,,,,,,,tracking,signal_tracking_20260817.csv,,,,,,,,,,,,,,買,29691.2,,
2026-08-17,2383.TW,台光電,6350.0,廣義上升三法、周1K,84.0,A強勢追蹤,11.86,>MA5,多頭,,,,,,,,tracking,signal_tracking_20260817.csv,,,,,,,,,,,,,,買,1908.7,,
2026-08-17,2392.TW,正崴,43.3,廣義上升三法,77.0,A強勢追蹤,7.73,>MA5,多頭,,,,,,,,tracking,signal_tracking_20260817.csv,,,,,,,,,,,,,,買,20610.6,,
2026-08-17,2395.TW,研華,674.0,廣義上升三法,68.0,B可追蹤,5.91,MA5~10,多頭,,,,,,,,tracking,signal_tracking_20260817.csv,,,,,,,,,,,,,,買,3490.9,,
2026-08-17,2399.TW,映泰,47.0,廣義上升三法,78.0,A強勢追蹤,6.9,>MA5,多頭,,,,,,,,tracking,signal_tracking_20260817.csv,,,,,,,,,,,,,,買,14802.1,,
2026-08-17,2408.TW,南亞科,524.0,廣義上升三法、巧妙點,89.0,A強勢追蹤,8.15,>MA5,多頭,,,,,,,,tracking,signal_tracking_20260817.csv,,,,,,,,,,,,,,買,62092.9,,
2026-08-17,2409.TW,友達,27.25,3K反轉、KD高腳、下降趨勢線突破、周1K,100.0,A強勢追蹤,1.78,>MA5,多頭,,,,,,,,tracking,signal_tracking_20260817.csv,,,,,,,,,,,,,,買,294214.7,,
2026-08-17,2417.TW,圓剛,45.05,廣義上升三法、上升趨勢線跌破,61.0,C觀察,2.79,>MA5,多頭,,,,,,,,tracking,signal_tracking_20260817.csv,,,,,,,,,,,,,,買,1098.3,,
2026-08-17,2426.TW,鼎元,73.2,3K反轉、廣義上升三法、漲停、KD高腳、漲幅達標、下降趨勢線突破,100.0,A強勢追蹤,8.78,>MA5,多頭,,,,,,,,tracking,signal_tracking_20260817.csv,,,,,,,,,,,,,,買,24298.6,,
2026-08-17,2455.TW,全新,417.0,廣義上升三法、單跳空、漲停、島狀反轉、KD高腳、漲幅達標、下降趨勢線突破,100.0,A強勢追蹤,10.57,>MA5,多頭,,,,,,,,tracking,signal_tracking_20260817.csv,,,,,,,,,,,,,,買,13642.9,,
2026-08-17,2467.TW,志聖,588.0,3K反轉、漲停、KD高腳、漲幅達標、下降趨勢線突破,100.0,A強勢追蹤,3.96,>MA5,多頭,,,,,,,,tracking,signal_tracking_20260817.csv,,,,,,,,,,,,,,買,2154.8,,
2026-08-17,2481.TW,強茂,144.5,廣義上升三法,55.0,C觀察,1.83,>MA5,多頭,,,,,,,,tracking,signal_tracking_20260817.csv,,,,,,,,,,,,,,買,23335.0,,
2026-08-17,2486.TW,一詮,238.0,廣義上升三法、下降趨勢線突破,65.0,B可追蹤,2.59,>MA5,多頭,,,,,,,,tracking,signal_tracking_20260817.csv,,,,,,,,,,,,,,買,9206.7,,
2026-08-17,2520.TW,冠德,35.9,3K反轉、Buy01、周1K,76.0,A強勢追蹤,0.7,>MA5,糾結,,,,,,,,tracking,signal_tracking_20260817.csv,,,,,,,,,,,,,,買,2386.6,,
2026-08-17,2537.TW,聯上發,11.25,3K反轉、布林縮窄突破、Buy01、KD高腳、下降趨勢線突破,100.0,A強勢追蹤,1.0,>MA5,糾結,,,,,,,,tracking,signal_tracking_20260817.csv,,,,,,,,,,,,,,買,2062.4,,
2026-08-17,2542.TW,興富發,46.8,廣義上升三法、Buy01,74.0,B可追蹤,2.69,>MA5,多頭,,,,,,,,tracking,signal_tracking_20260817.csv,,,,,,,,,,,,,,買,11707.5,,
2026-08-17,2603.TW,長榮,231.5,廣義上升三法、布林縮窄突破、周1K,100.0,A強勢追蹤,5.06,>MA5,多頭,,,,,,,,tracking,signal_tracking_20260817.csv,,,,,,,,,,,,,,買,38317.0,,
2026-08-17,2605.TW,新興,32.9,廣義上升三法,67.0,B可追蹤,1.34,>MA5,多頭,,,,,,,,tracking,signal_tracking_20260817.csv,,,,,,,,,,,,,,買,5450.9,,
2026-08-17,2606.TW,裕民,68.3,3K反轉、廣義上升三法、Buy01、單跳空、島狀反轉、KD高腳、下降趨勢線突破,100.0,A強勢追蹤,2.56,>MA5,多頭,,,,,,,,tracking,signal_tracking_20260817.csv,,,,,,,,,,,,,,買,5077.9,,
2026-08-17,2609.TW,陽明,54.7,3K反轉、廣義上升三法、布林縮窄突破、下降趨勢線突破、周1K,100.0,A強勢追蹤,3.46,>MA5,多頭,,,,,,,,tracking,signal_tracking_20260817.csv,,,,,,,,,,,,,,買,97007.2,,
2026-08-17,2611.TW,志信,15.15,廣義上升三法,70.0,B可追蹤,2.65,>MA5,多頭,,,,,,,,tracking,signal_tracking_20260817.csv,,,,,,,,,,,,,,買,1037.6,,
2026-08-17,2613.TW,中櫃,21.65,3K反轉、廣義上升三法、布林縮窄突破、單跳空、下降趨勢線突破,100.0,A強勢追蹤,1.69,>MA5,糾結,,,,,,,,tracking,signal_tracking_20260817.csv,,,,,,,,,,,,,,買,1305.9,,
2026-08-17,2615.TW,萬海,99.6,廣義上升三法、布林縮窄突破、漲停、漲幅達標、周1K,100.0,A強勢追蹤,7.23,>MA5,多頭,,,,,,,,tracking,signal_tracking_20260817.csv,,,,,,,,,,,,,,買,49718.1,,
2026-08-17,2618.TW,長榮航,41.8,3K反轉、Buy01、下降趨勢線突破,55.0,C觀察,-0.08,>MA5,糾結,,,,,,,,tracking,signal_tracking_20260817.csv,,,,,,,,,,,,,,買,45731.4,,
2026-08-17,2633.TW,台灣高鐵,26.0,3K反轉、單跳空,60.0,C觀察,0.19,>MA5,糾結,,,,,,,,tracking,signal_tracking_20260817.csv,,,,,,,,,,,,,,買,5472.3,,
2026-08-17,2637.TW,慧洋-KY,87.0,3K反轉、Buy01,64.0,C觀察,1.71,>MA5,多頭,,,,,,,,tracking,signal_tracking_20260817.csv,,,,,,,,,,,,,,買,1357.8,,
2026-08-17,2641.TWO,正德,17.55,廣義上升三法,63.0,C觀察,0.89,>MA5,多頭,,,,,,,,tracking,signal_tracking_20260817.csv,,,,,,,,,,,,,,買,1349.9,,
2026-08-17,2845.TW,遠東銀,13.6,3K反轉、廣義上升三法、布林縮窄突破、Buy01,100.0,A強勢追蹤,1.14,>MA5,糾結,,,,,,,,tracking,signal_tracking_20260817.csv,,,,,,,,,,,,,,買,21827.4,,
2026-08-17,2851.TW,中再保,38.95,廣義上升三法、布林縮窄突破,83.0,A強勢追蹤,3.32,>MA5,多頭,,,,,,,,tracking,signal_tracking_20260817.csv,,,,,,,,,,,,,,買,3136.6,,
2026-08-17,2884.TW,玉山金,37.75,Buy01、KD高腳,55.0,C觀察,1.04,>MA5,糾結,,,,,,,,tracking,signal_tracking_20260817.csv,,,,,,,,,,,,,,買,55999.0,,
2026-08-17,2905.TW,三商,18.1,布林縮窄突破、單跳空,83.0,A強勢追蹤,5.32,>MA5,多頭,,,,,,,,tracking,signal_tracking_20260817.csv,,,,,,,,,,,,,,買,4976.6,,
2026-08-17,2915.TW,潤泰全,60.6,廣義上升三法、布林縮窄突破,96.0,A強勢追蹤,6.28,>MA5,多頭,,,,,,,,tracking,signal_tracking_20260817.csv,,,,,,,,,,,,,,買,10677.1,,
2026-08-17,3005.TW,神基,121.5,3K反轉、廣義上升三法、布林縮窄突破,100.0,A強勢追蹤,3.35,>MA5,多頭,,,,,,,,tracking,signal_tracking_20260817.csv,,,,,,,,,,,,,,買,13850.8,,
2026-08-17,3006.TW,晶豪科,273.0,巧妙點,64.0,C觀察,8.64,MA5~10,多頭,,,,,,,,tracking,signal_tracking_20260817.csv,,,,,,,,,,,,,,買,3629.8,,
2026-08-17,3008.TW,大立光,5070.0,漲停、漲幅達標、周1K,93.0,A強勢追蹤,8.79,>MA5,多頭,,,,,,,,tracking,signal_tracking_20260817.csv,,,,,,,,,,,,,,買,3376.8,,
2026-08-17,3019.TW,亞光,141.0,廣義上升三法,70.0,B可追蹤,2.78,>MA5,多頭,,,,,,,,tracking,signal_tracking_20260817.csv,,,,,,,,,,,,,,買,5160.9,,
2026-08-17,3024.TW,憶聲,13.9,3K反轉、廣義上升三法、下降趨勢線突破,91.0,A強勢追蹤,1.45,>MA5,多頭,,,,,,,,tracking,signal_tracking_20260817.csv,,,,,,,,,,,,,,買,1521.1,,
2026-08-17,3026.TW,禾伸堂,689.0,廣義上升三法,61.0,C觀察,7.01,>MA5,多頭,,,,,,,,tracking,signal_tracking_20260817.csv,,,,,,,,,,,,,,買,1448.6,,
2026-08-17,3037.TW,欣興,1120.0,廣義上升三法、單跳空、漲停、島狀反轉、漲幅達標、下降趨勢線突破、周1K,100.0,A強勢追蹤,11.11,>MA5,多頭,,,,,,,,tracking,signal_tracking_20260817.csv,,,,,,,,,,,,,,買,53745.0,,
2026-08-17,3042.TW,晶技,195.5,3K反轉、廣義上升三法、Buy01、KD高腳、漲幅達標、下降趨勢線突破,100.0,A強勢追蹤,6.38,>MA5,多頭,,,,,,,,tracking,signal_tracking_20260817.csv,,,,,,,,,,,,,,買,28292.7,,
2026-08-17,3044.TW,健鼎,483.0,巧妙點,65.0,B可追蹤,8.87,>MA5,多頭,,,,,,,,tracking,signal_tracking_20260817.csv,,,,,,,,,,,,,,買,2650.2,,
2026-08-17,3046.TW,建碁,62.0,周1K,65.0,B可追蹤,4.77,>MA5,多頭,,,,,,,,tracking,signal_tracking_20260817.csv,,,,,,,,,,,,,,買,1041.9,,
2026-08-17,3081.TWO,聯亞,2790.0,廣義上升三法、漲停、KD高腳、漲幅達標、周1K,100.0,A強勢追蹤,17.34,>MA5,多頭,,,,,,,,tracking,signal_tracking_20260817.csv,,,,,,,,,,,,,,買,1584.9,,
2026-08-17,3189.TW,景碩,905.0,廣義上升三法、單跳空、下降趨勢線突破,97.0,A強勢追蹤,7.83,>MA5,多頭,,,,,,,,tracking,signal_tracking_20260817.csv,,,,,,,,,,,,,,買,38283.5,,
2026-08-17,3229.TW,晟鈦,54.2,廣義上升三法,61.0,C觀察,9.12,>MA5,多頭,,,,,,,,tracking,signal_tracking_20260817.csv,,,,,,,,,,,,,,買,1613.8,,
2026-08-17,3234.TWO,光環,150.0,廣義上升三法、三白兵、漲停、漲幅達標、下降趨勢線突破、周1K,100.0,A強勢追蹤,15.17,>MA5,多頭,,,,,,,,tracking,signal_tracking_20260817.csv,,,,,,,,,,,,,,買,6025.4,,
2026-08-17,3376.TW,新日興,193.0,廣義上升三法,63.0,C觀察,1.76,>MA5,多頭,,,,,,,,tracking,signal_tracking_20260817.csv,,,,,,,,,,,,,,買,4295.9,,
2026-08-17,3388.TWO,崇越電,92.2,布林縮窄突破、單跳空、雙漲停、漲停、漲幅達標,100.0,A強勢追蹤,10.41,>MA5,多頭,,,,,,,,tracking,signal_tracking_20260817.csv,,,,,,,,,,,,,,買,9659.5,,
2026-08-17,3406.TW,玉晶光,676.0,三白兵、漲停、漲幅達標、周1K,100.0,A強勢追蹤,11.46,>MA5,多頭,,,,,,,,tracking,signal_tracking_20260817.csv,,,,,,,,,,,,,,買,6364.1,,
2026-08-17,3441.TWO,聯一光,87.4,廣義上升三法,60.0,C觀察,9.52,>MA5,糾結,,,,,,,,tracking,signal_tracking_20260817.csv,,,,,,,,,,,,,,買,18912.8,,
2026-08-17,3443.TW,創意,5850.0,廣義上升三法、漲幅達標、周1K,100.0,A強勢追蹤,15.6,>MA5,多頭,,,,,,,,tracking,signal_tracking_20260817.csv,,,,,,,,,,,,,,買,3207.7,,
2026-08-17,3450.TW,聯鈞,550.0,漲幅達標、下降趨勢線突破、周1K,82.0,A強勢追蹤,8.8,>MA5,多頭,,,,,,,,tracking,signal_tracking_20260817.csv,,,,,,,,,,,,,,買,2040.4,,
2026-08-17,3455.TWO,由田,253.0,廣義上升三法、漲停、漲幅達標,98.0,A強勢追蹤,11.32,>MA5,多頭,,,,,,,,tracking,signal_tracking_20260817.csv,,,,,,,,,,,,,,買,3829.2,,
2026-08-17,3490.TWO,單井,42.45,廣義上升三法、三白兵、雙跳空、漲幅達標,100.0,A強勢追蹤,17.2,>MA5,多頭,,,,,,,,tracking,signal_tracking_20260817.csv,,,,,,,,,,,,,,買,11407.7,,
2026-08-17,3498.TWO,陽程,158.5,三白兵、雙跳空,70.0,B可追蹤,14.03,>MA5,多頭,,,,,,,,tracking,signal_tracking_20260817.csv,,,,,,,,,,,,,,買,7983.7,,
2026-08-17,3504.TW,揚明光,79.0,3K反轉、廣義上升三法,75.0,A強勢追蹤,6.45,>MA5,糾結,,,,,,,,tracking,signal_tracking_20260817.csv,,,,,,,,,,,,,,買,2911.7,,
2026-08-17,3543.TW,州巧,42.95,漲幅達標、周1K,74.0,B可追蹤,11.44,>MA5,多頭,,,,,,,,tracking,signal_tracking_20260817.csv,,,,,,,,,,,,,,買,5932.4,,
2026-08-17,3617.TW,碩天,260.0,周1K,69.0,B可追蹤,7.16,>MA5,多頭,,,,,,,,tracking,signal_tracking_20260817.csv,,,,,,,,,,,,,,買,1978.8,,
2026-08-17,3653.TW,健策,5340.0,單跳空、漲停、漲幅達標,100.0,A強勢追蹤,17.01,>MA5,多頭,,,,,,,,tracking,signal_tracking_20260817.csv,,,,,,,,,,,,,,買,1194.7,,
2026-08-17,3707.TWO,漢磊,65.2,廣義上升三法,58.0,C觀察,1.28,>MA5,多頭,,,,,,,,tracking,signal_tracking_20260817.csv,,,,,,,,,,,,,,買,5962.6,,
2026-08-17,3712.TW,永崴投控,22.35,廣義上升三法,64.0,C觀察,7.22,MA5~10,多頭,,,,,,,,tracking,signal_tracking_20260817.csv,,,,,,,,,,,,,,買,1823.8,,
2026-08-17,4306.TW,炎洲,15.7,布林縮窄突破、Buy01,69.0,B可追蹤,3.69,>MA5,多頭,,,,,,,,tracking,signal_tracking_20260817.csv,,,,,,,,,,,,,,買,2460.1,,
2026-08-17,4416.TWO,三圓,11.15,布林縮窄突破,69.0,B可追蹤,2.76,>MA5,多頭,,,,,,,,tracking,signal_tracking_20260817.csv,,,,,,,,,,,,,,買,1196.1,,
2026-08-17,4540.TW,全球傳動,61.2,3K反轉,71.0,B可追蹤,4.98,>MA5,多頭,,,,,,,,tracking,signal_tracking_20260817.csv,,,,,,,,,,,,,,買,5213.6,,
2026-08-17,4739.TW,康普,90.2,廣義上升三法,66.0,B可追蹤,3.18,>MA5,多頭,,,,,,,,tracking,signal_tracking_20260817.csv,,,,,,,,,,,,,,買,1639.0,,
2026-08-17,4931.TWO,新盛力,269.5,廣義上升三法,74.0,B可追蹤,9.08,>MA5,多頭,,,,,,,,tracking,signal_tracking_20260817.csv,,,,,,,,,,,,,,買,1727.6,,
2026-08-17,4949.TW,有成精密,76.2,單跳空、島狀反轉、KD高腳、漲幅達標、下降趨勢線突破,96.0,A強勢追蹤,3.71,>MA5,多頭,,,,,,,,tracking,signal_tracking_20260817.csv,,,,,,,,,,,,,,買,1681.0,,
2026-08-17,4952.TW,凌通,52.2,廣義上升三法,61.0,C觀察,3.06,>MA5,多頭,,,,,,,,tracking,signal_tracking_20260817.csv,,,,,,,,,,,,,,買,1045.1,,
2026-08-17,4958.TW,臻鼎-KY,503.0,廣義上升三法,62.0,C觀察,2.67,>MA5,多頭,,,,,,,,tracking,signal_tracking_20260817.csv,,,,,,,,,,,,,,買,45267.4,,
2026-08-17,4971.TWO,IET-KY,528.0,3K反轉、漲停、KD高腳、漲幅達標、下降趨勢線突破,100.0,A強勢追蹤,9.6,>MA5,多頭,,,,,,,,tracking,signal_tracking_20260817.csv,,,,,,,,,,,,,,買,1074.5,,
2026-08-17,4977.TW,眾達-KY,158.0,漲停、KD高腳、漲幅達標、下降趨勢線突破,100.0,A強勢追蹤,6.67,>MA5,多頭,,,,,,,,tracking,signal_tracking_20260817.csv,,,,,,,,,,,,,,買,3195.0,,
2026-08-17,4979.TWO,華星光,545.0,巧妙點,62.0,C觀察,11.54,>MA5,多頭,,,,,,,,tracking,signal_tracking_20260817.csv,,,,,,,,,,,,,,買,1666.4,,
2026-08-17,5289.TWO,宜鼎,1530.0,廣義上升三法,74.0,B可追蹤,5.65,>MA5,多頭,,,,,,,,tracking,signal_tracking_20260817.csv,,,,,,,,,,,,,,買,1844.1,,
2026-08-17,5321.TWO,美而快,68.0,周1K,64.0,C觀察,9.33,>MA5,多頭,,,,,,,,tracking,signal_tracking_20260817.csv,,,,,,,,,,,,,,買,1688.2,,
2026-08-17,5340.TWO,建榮,79.5,廣義上升三法,66.0,B可追蹤,4.79,>MA5,多頭,,,,,,,,tracking,signal_tracking_20260817.csv,,,,,,,,,,,,,,買,2451.7,,
2026-08-17,5351.TWO,鈺創,135.5,廣義上升三法,78.0,A強勢追蹤,15.39,>MA5,多頭,,,,,,,,tracking,signal_tracking_20260817.csv,,,,,,,,,,,,,,買,6727.3,,
2026-08-17,5392.TWO,能率,46.5,3K反轉、Buy01、下降趨勢線突破,83.0,A強勢追蹤,2.11,>MA5,多頭,,,,,,,,tracking,signal_tracking_20260817.csv,,,,,,,,,,,,,,買,3505.8,,
2026-08-17,5425.TWO,台半,89.9,廣義上升三法、下降趨勢線突破、周1K,87.0,A強勢追蹤,2.3,>MA5,多頭,,,,,,,,tracking,signal_tracking_20260817.csv,,,,,,,,,,,,,,買,9679.1,,
2026-08-17,5515.TW,建國,53.2,廣義上升三法、三白兵、漲停、漲幅達標、周1K,100.0,A強勢追蹤,8.68,>MA5,多頭,,,,,,,,tracking,signal_tracking_20260817.csv,,,,,,,,,,,,,,買,1645.1,,
2026-08-17,5521.TW,工信,10.95,3K反轉、布林縮窄突破、下降趨勢線突破,100.0,A強勢追蹤,2.92,>MA5,多頭,,,,,,,,tracking,signal_tracking_20260817.csv,,,,,,,,,,,,,,買,5218.9,,
2026-08-17,5607.TW,遠雄港,53.1,3K反轉、廣義上升三法、布林縮窄突破、Buy01、周1K,100.0,A強勢追蹤,3.17,>MA5,多頭,,,,,,,,tracking,signal_tracking_20260817.csv,,,,,,,,,,,,,,買,1375.6,,
2026-08-17,5608.TW,四維航,14.5,3K反轉,64.0,C觀察,1.91,>MA5,多頭,,,,,,,,tracking,signal_tracking_20260817.csv,,,,,,,,,,,,,,買,2445.1,,
2026-08-17,6108.TW,競國,22.9,廣義上升三法,78.0,A強勢追蹤,11.72,>MA5,多頭,,,,,,,,tracking,signal_tracking_20260817.csv,,,,,,,,,,,,,,買,2865.7,,
2026-08-17,6141.TW,柏承,38.5,3K反轉、Buy01、漲停、漲幅達標、下降趨勢線突破、周1K,95.0,A強勢追蹤,3.15,>MA5,多頭,,,,,,,,tracking,signal_tracking_20260817.csv,,,,,,,,,,,,,,買,2053.0,,
2026-08-17,6147.TWO,頎邦,168.5,廣義上升三法、下降趨勢線突破,57.0,C觀察,2.88,>MA5,多頭,,,,,,,,tracking,signal_tracking_20260817.csv,,,,,,,,,,,,,,買,32935.6,,
2026-08-17,6163.TWO,華電網,46.8,3K反轉、漲停、KD高腳、漲幅達標、下降趨勢線突破,100.0,A強勢追蹤,5.94,>MA5,多頭,,,,,,,,tracking,signal_tracking_20260817.csv,,,,,,,,,,,,,,買,5504.4,,
2026-08-17,6173.TWO,信昌電,211.0,廣義上升三法,65.0,B可追蹤,9.52,>MA5,多頭,,,,,,,,tracking,signal_tracking_20260817.csv,,,,,,,,,,,,,,買,18428.0,,
2026-08-17,6174.TWO,安碁,45.1,廣義上升三法,59.0,C觀察,0.14,>MA5,多頭,,,,,,,,tracking,signal_tracking_20260817.csv,,,,,,,,,,,,,,買,1084.0,,
2026-08-17,6177.TW,達麗,48.65,3K反轉、Buy01、KD高腳、下降趨勢線突破,90.0,A強勢追蹤,0.61,>MA5,糾結,,,,,,,,tracking,signal_tracking_20260817.csv,,,,,,,,,,,,,,買,2425.3,,
2026-08-17,6179.TWO,亞通,27.75,單跳空,66.0,B可追蹤,2.79,>MA5,多頭,,,,,,,,tracking,signal_tracking_20260817.csv,,,,,,,,,,,,,,買,5018.2,,
2026-08-17,6182.TWO,合晶,122.5,3K反轉、廣義上升三法、三白兵、漲停、漲幅達標、周1K,100.0,A強勢追蹤,6.18,>MA5,糾結,,,,,,,,tracking,signal_tracking_20260817.csv,,,,,,,,,,,,,,買,84366.4,,
2026-08-17,6187.TWO,萬潤,1385.0,三白兵、漲幅達標、周1K,75.0,A強勢追蹤,14.08,>MA5,多頭,,,,,,,,tracking,signal_tracking_20260817.csv,,,,,,,,,,,,,,買,5453.8,,
2026-08-17,6213.TW,聯茂,481.0,廣義上升三法,69.0,B可追蹤,12.46,>MA5,多頭,,,,,,,,tracking,signal_tracking_20260817.csv,,,,,,,,,,,,,,買,2333.0,,
2026-08-17,6214.TW,精誠,175.5,廣義上升三法、雙跳空、單跳空,100.0,A強勢追蹤,9.62,>MA5,多頭,,,,,,,,tracking,signal_tracking_20260817.csv,,,,,,,,,,,,,,買,23584.0,,
2026-08-17,6218.TWO,豪勉,37.95,3K反轉、廣義上升三法、KD高腳、下降趨勢線突破,100.0,A強勢追蹤,2.99,>MA5,多頭,,,,,,,,tracking,signal_tracking_20260817.csv,,,,,,,,,,,,,,買,2192.3,,
2026-08-17,6244.TWO,茂迪,26.7,廣義上升三法、下降趨勢線突破,65.0,B可追蹤,3.64,>MA5,多頭,,,,,,,,tracking,signal_tracking_20260817.csv,,,,,,,,,,,,,,買,4554.5,,
2026-08-17,6269.TW,台郡,66.5,3K反轉、Buy01、巧妙點,90.0,A強勢追蹤,4.73,>MA5,多頭,,,,,,,,tracking,signal_tracking_20260817.csv,,,,,,,,,,,,,,買,2742.3,,
2026-08-17,6277.TW,宏正,87.5,廣義上升三法、布林縮窄突破、周1K,100.0,A強勢追蹤,4.8,>MA5,多頭,,,,,,,,tracking,signal_tracking_20260817.csv,,,,,,,,,,,,,,買,1448.2,,
2026-08-17,6419.TWO,京晨科,180.0,漲幅達標,60.0,C觀察,12.36,>MA5,多頭,,,,,,,,tracking,signal_tracking_20260817.csv,,,,,,,,,,,,,,買,1395.2,,
2026-08-17,6426.TW,統新,239.5,廣義上升三法、漲幅達標、下降趨勢線突破,71.0,B可追蹤,12.35,>MA5,多頭,,,,,,,,tracking,signal_tracking_20260817.csv,,,,,,,,,,,,,,買,1016.0,,
2026-08-17,6442.TW,光聖,1630.0,廣義上升三法,74.0,B可追蹤,9.1,>MA5,多頭,,,,,,,,tracking,signal_tracking_20260817.csv,,,,,,,,,,,,,,買,2837.3,,
2026-08-17,6451.TW,訊芯-KY,458.5,KD高腳、漲幅達標、下降趨勢線突破,74.0,B可追蹤,3.66,>MA5,多頭,,,,,,,,tracking,signal_tracking_20260817.csv,,,,,,,,,,,,,,買,1439.3,,
2026-08-17,6538.TWO,倉和,190.5,廣義上升三法,66.0,B可追蹤,13.15,>MA5,多頭,,,,,,,,tracking,signal_tracking_20260817.csv,,,,,,,,,,,,,,買,2277.6,,
2026-08-17,6603.TWO,富強鑫,29.95,廣義上升三法、周1K,83.0,A強勢追蹤,6.84,>MA5,多頭,,,,,,,,tracking,signal_tracking_20260817.csv,,,,,,,,,,,,,,買,5132.5,,
2026-08-17,6669.TW,緯穎,6620.0,巧妙點,70.0,B可追蹤,9.5,>MA5,多頭,,,,,,,,tracking,signal_tracking_20260817.csv,,,,,,,,,,,,,,買,1480.5,,
2026-08-17,6672.TW,騰輝電子-KY,283.0,廣義上升三法、周1K,88.0,A強勢追蹤,7.89,>MA5,多頭,,,,,,,,tracking,signal_tracking_20260817.csv,,,,,,,,,,,,,,買,5137.4,,
2026-08-17,6727.TWO,亞泰金屬,475.0,廣義上升三法、雙漲停、漲停、漲幅達標、下降趨勢線突破,100.0,A強勢追蹤,12.72,>MA5,多頭,,,,,,,,tracking,signal_tracking_20260817.csv,,,,,,,,,,,,,,買,3468.4,,
2026-08-17,6805.TW,富世達,1925.0,廣義上升三法、KD高腳、下降趨勢線突破、周1K,100.0,A強勢追蹤,10.26,>MA5,多頭,,,,,,,,tracking,signal_tracking_20260817.csv,,,,,,,,,,,,,,買,2560.0,,
2026-08-17,6830.TW,汎銓,437.0,KD高腳、漲幅達標、下降趨勢線突破,82.0,A強勢追蹤,5.65,>MA5,多頭,,,,,,,,tracking,signal_tracking_20260817.csv,,,,,,,,,,,,,,買,1874.9,,
2026-08-17,7788.TW,松川精密,280.0,廣義上升三法、下降趨勢線突破,74.0,B可追蹤,8.49,>MA5,多頭,,,,,,,,tracking,signal_tracking_20260817.csv,,,,,,,,,,,,,,買,2094.8,,
2026-08-17,8039.TW,台虹,259.0,三白兵,55.0,C觀察,9.59,>MA5,多頭,,,,,,,,tracking,signal_tracking_20260817.csv,,,,,,,,,,,,,,買,32089.2,,
2026-08-17,8932.TWO,智通*,110.0,3K反轉、廣義上升三法,79.0,A強勢追蹤,0.82,>MA5,多頭,,,,,,,,tracking,signal_tracking_20260817.csv,,,,,,,,,,,,,,買,3244.6,,
2026-08-17,9945.TW,潤泰新,30.2,廣義上升三法、布林縮窄突破,88.0,A強勢追蹤,4.97,>MA5,多頭,,,,,,,,tracking,signal_tracking_20260817.csv,,,,,,,,,,,,,,買,20228.7,,
